rank,team,conf,record,adjoe,oe Rank,adjde,de Rank,barthag,rank,proj. W,Proj. L,Pro Con W,Pro Con L,Con Rec.,sos,ncsos,consos,Proj. SOS,Proj. Noncon SOS,Proj. Con SOS,elite SOS,elite noncon SOS,Opp OE,Opp DE,Opp Proj. OE,Opp Proj DE,Con Adj OE,Con Adj DE,Qual O,Qual D,Qual Barthag,Qual Games,FUN,ConPF,ConPA,ConPoss,ConOE,ConDE,ConSOSRemain,Conf Win%,WAB,WAB Rk,"Fun Rk, adjt"
1,Houston,B12,15-3,122.92805117549977,11,83.97545490148715,1,0.9876583710126406,1,26.258589870602783,4.741410129397217,18.258589870602783,1.7414101293972173,7-0,0.6522769177542068,0.5718388412055079,0.7786796094735909,0.743448693684025,0.5718388412055079,0.8378341125472091,0.6352716644288748,0.7618592393038807,110.7795067356283,102.4988134107506,113.02494622128265,99.76903428440023,122.9498582414719,81.21486217331567,153.55823313249277,105.09961350314614,0.9873886873851514,4,-0.10352757585998973,507.0,363.0,434.41249999999997,1.1670934883319426,0.8356113141311542,0.8696865372791572,1.0,2.984256206209622,19,338,61.26519535148428
2,Auburn,SEC,17-1,135.03884235457045,1,94.21973491129663,16,0.9843147847161778,2,27.856511721337846,3.143488278662151,15.856511721337846,2.143488278662151,5-0,0.7099049897773028,0.6439802143652946,0.8813094058485238,0.7873621107437774,0.6439802143652946,0.8909157025726819,0.5552500776710644,0.6481905763505135,111.88148182209419,99.04018216368496,114.45310427177388,97.90789244686135,129.2095244104565,92.6237421065041,137.61808836547203,92.8766327578497,0.9892486919790127,10,0.08461236123781757,395.0,347.0,339.5625,1.1632615497883305,1.0219031842444322,0.8946104320819734,1.0,7.32226029827036,1,40,68.05027386508519
3,Duke,ACC,16-2,123.96791231141293,9,88.65162546565928,2,0.9792866608142814,3,27.79516554193957,3.204834458060425,19.114618111643505,0.8853818883564967,8-0,0.6374274221397047,0.6273924629638317,0.6499711211095456,0.6755677561036039,0.6573461257493934,0.6855896527984194,0.7072023945742795,0.6417149942266591,112.67279962263916,104.0898739089377,112.2777715970877,102.83512626259406,127.33134918191982,92.7579363707986,125.91879149519457,91.2169144639804,0.9760504251913339,6,0.0009078110701929987,674.0,490.0,519.65,1.2970268449918214,0.9429423650534013,0.709335340591002,1.0,4.432562810564025,6,177,65.3080908424661
4,Iowa St.,B12,16-2,122.20411202255664,13,92.71104981041475,9,0.9599348237557298,4,25.580664344196997,5.419335655803004,15.580664344196997,4.419335655803004,6-1,0.6215621919115536,0.4868977486061236,0.8331777456772292,0.7023259637763283,0.4868977486061236,0.8208114821199407,0.6554922845929297,0.7889315889956535,110.80823956500132,104.55542739050729,112.16102832501345,101.48831367142992,119.52280391228703,89.19981393020142,125.70236522991135,92.50704361906782,0.9714260489443789,7,0.06166428549626979,559.0,471.0,496.9625,1.1248333626782705,0.9477576275875946,0.8141527248198626,0.8571428571428571,4.4730431986938015,5,67,69.29012407996491
5,Alabama,SEC,16-3,127.74331079878924,2,97.01855010559723,36,0.9594524608998566,5,23.400639305831273,7.599360694168732,12.400639305831266,5.599360694168734,5-1,0.7726224518030144,0.729978563705317,0.8650175426813588,0.8241134826709178,0.7299785637053167,0.892099813034963,0.5397634110816575,0.6425166534422927,114.26097001402334,99.45777017418492,116.79754726273113,98.25748177836593,130.14031582812225,96.00620160266749,129.74076370235954,96.83879607893118,0.9665487406817422,9,0.08029525835766471,558.0,493.0,465.6625,1.1982927549459104,1.0587066813411,0.9056409482117652,0.8333333333333334,5.972335858732885,2,46,74.2234409528852
6,Tennessee,SEC,17-2,117.72601334471827,31,89.52015457952572,3,0.9589010947197355,6,24.913493558187724,6.086506441812276,11.913493558187724,6.086506441812276,4-2,0.6155318350003111,0.49337111691418206,0.8802133908535903,0.7218457185978011,0.49337111691418206,0.8868551531470813,0.6172097325670329,0.8020843141577824,110.111026184229,102.97771880056133,114.04276249033789,100.94747349404443,116.40086668425177,91.57720636961308,123.83268412870687,91.52374626743843,0.9700212165499388,8,0.07329152932454641,410.0,383.0,384.86249999999995,1.0653155347689112,0.9951606093085194,0.8901760342938269,0.6666666666666666,4.70174481101984,4,55,64.2361107862998
7,Florida,SEC,17-2,124.15805526096649,7,94.70457105153037,19,0.9574714766034442,7,24.887371095107852,6.11262890489215,11.887371095107849,6.11262890489215,4-2,0.5985012157475359,0.4680203231103136,0.8812098164615175,0.7064757822901457,0.4680203231103136,0.8786936139200248,0.6511403672016672,0.8569233930199597,108.37087869186696,103.51986251479303,111.85883339752735,100.61351074323677,124.5771213441368,95.80166248656583,126.66443524372131,94.26707611076257,0.9676171525881733,7,0.03235218982284849,480.0,424.0,411.4125,1.1667122413635949,1.0305958132045088,0.8774355126492782,0.6666666666666666,4.110434641481927,8,116,69.29243563110944
8,Illinois,B10,13-6,119.40914646785423,24,91.19605547167674,5,0.9568827536060576,8,21.520644931550034,9.47935506844997,13.201192361846104,6.798807638153898,5-4,0.6600882458219776,0.4865399806908141,0.8529196515232704,0.738583700407256,0.5313351334293308,0.8525704122451148,0.6190310987456271,0.7124285767960059,110.21557825401075,101.53485416814067,112.9499223763613,100.15817061511919,118.26703893901039,90.62501872180846,122.63884528330621,97.9191338014658,0.9301289110135179,8,-0.11805360299390566,747.0,678.0,686.725,1.087771669882413,0.9872947686482945,0.8522846710175329,0.5555555555555556,1.7605812219984376,28,346,72.52885500980135
9,Arizona,B12,12-6,122.03496623181576,15,95.39168138350367,24,0.9444141806311555,9,20.177926244948992,10.822073755051004,14.177926244948996,5.822073755051005,6-1,0.6856215390309239,0.596098725694628,0.8263002457022465,0.7579137134970716,0.5960987256946282,0.8469119567884155,0.5957837485515866,0.7076166389008349,111.897738738755,101.82819920878944,113.84251692500496,99.6354835846251,127.75270283743336,97.8817399694465,117.24378399143954,95.24181067766911,0.9160706497780577,9,-0.08659779088911046,552.0,502.0,477.3125,1.1564750556501244,1.0517218803194972,0.858010570450199,0.8571428571428571,1.5343637745713115,32,322,69.94644034695675
10,Michigan,B10,14-4,122.13398669415513,14,95.59418118352632,27,0.9436183227119977,10,22.64385426518904,8.356145734810953,14.643854265189045,5.356145734810954,6-1,0.6755482271805205,0.594115881927835,0.8035133411490267,0.7564024384077882,0.5941158819278354,0.8456600444717622,0.6547366643525885,0.8271486716153111,110.22268279776124,101.856481508085,112.99001843362689,100.11952601981146,122.90160665149597,98.29698887537154,127.12090178071558,96.33690185523906,0.9604107142231296,4,-0.04812585049192031,583.0,531.0,504.4,1.1558287073750992,1.0527359238699445,0.8683544231840046,0.8571428571428571,2.0698146037235627,23,273,70.08584034123366
11,Kansas,B12,14-4,114.98492472988202,47,90.13138180129913,4,0.9427095998316642,11,22.37833443023268,8.621665569767313,13.378334430232687,6.6216655697673135,5-2,0.7140276179857342,0.6426768460601866,0.8261502595830235,0.7617666052410625,0.642676846060187,0.8272659727905441,0.6017854313526749,0.6910082539165799,112.49189549587467,100.7465117400415,114.06454495836768,99.31902954135074,112.93038151819118,87.55568851721604,110.04853782472601,91.49366995060038,0.8931658756354235,8,0.041505110930008526,503.0,414.0,468.4375,1.0737825216811208,0.8837891927951967,0.8278667414407478,0.7142857142857143,3.703536277790401,12,96,68.08657953088922
12,Texas Tech,B12,14-4,124.66651232774106,5,97.96818363326608,47,0.9411158487091316,12,22.406861729900278,8.593138270099722,13.406861729900278,6.593138270099721,5-2,0.5966340912836364,0.43473574765119366,0.8510457741346176,0.6902697736684223,0.43473574765119366,0.8308134879778981,0.6693878283202587,0.8822239841136177,108.87920039552249,103.85487766069932,110.7105062649323,100.27068386132355,125.99025542339598,98.12879692855287,125.88194073337175,96.6977151060499,0.9540507452862595,5,-0.04683119498435939,544.0,486.0,465.225,1.169326669890913,1.0446558117040141,0.8199191800473571,0.7142857142857143,1.6909739799892485,29,270,65.40016592535015
13,Purdue,B10,15-5,122.23039846309307,12,96.4798527503064,31,0.9382310855575638,13,22.011145983253545,8.988854016746448,14.011145983253552,5.988854016746449,7-2,0.743010016391766,0.682303042711734,0.8172074286673605,0.7850520746907452,0.6823030427117345,0.8415640422792008,0.6069984996106146,0.6543303334049116,113.57666081305356,100.58109651464102,114.96755903467891,99.74900245241749,122.37726697832937,93.55150710036514,127.25724935116288,106.54186113558157,0.8852623179998842,8,0.018243170990847046,689.0,588.0,598.5125,1.151187318560598,0.9824356216453289,0.8614921806888887,0.7777777777777778,3.8096020459449136,10,146,64.8414706638196
14,Maryland,B10,15-5,119.39146686936529,25,94.38846931568571,18,0.9371664269493584,14,22.64330148092492,8.35669851907508,12.643301480924919,7.35669851907508,5-4,0.5414997676436116,0.29767858806345804,0.8395034315749105,0.6472685789563185,0.29767858806345804,0.8395430739473918,0.6952844922775976,0.9088547920702315,107.88460736429627,105.60963654482055,110.81452952556502,103.42010978863156,120.38214782511116,93.71125294420143,130.26933668262157,102.64643005388858,0.9393807437493052,7,-0.058598241722672695,699.0,644.0,639.8000000000001,1.0925289152860267,1.0065645514223194,0.8395755086157858,0.5555555555555556,1.2107638015957347,35,289,69.77174191916357
15,Michigan St.,B10,16-2,119.77133216952757,23,95.002339434514,20,0.9348901194919822,15,23.84490984419603,7.155090155803968,14.844909844196033,5.155090155803968,7-0,0.6238317775774692,0.51060770328852,0.8017553228886751,0.7267805573924975,0.51060770328852,0.8456756271496852,0.6501945906812369,0.8224392652915132,109.07835704179502,103.02135302908236,112.77776474661286,100.91926796121558,128.0868598365975,91.19748009843413,128.80970882150268,99.25337776339764,0.9524652561677808,5,0.07329772898972564,584.0,471.0,490.99999999999994,1.1894093686354381,0.959266802443992,0.8693250217517676,1.0,3.7884634931963923,11,54,68.66669763208749
16,Kentucky,SEC,14-4,126.80850578022796,3,101.51701308769424,90,0.9281221211438,16,21.031122800669106,9.968877199330898,10.031122800669102,7.968877199330897,3-2,0.6607523708971845,0.5580281805126409,0.9278352658969975,0.750750885774018,0.5580281805126408,0.8899395062405683,0.5821628907240545,0.7552118534329657,111.59197715481838,101.39986528549754,114.19616272832455,99.34213952198938,134.51563369434285,106.21963316490533,132.9264556282839,107.48388353154434,0.9200652257952775,10,0.06324168334491387,448.0,443.0,370.4625,1.2092991868272769,1.195802544117151,0.8753642140650187,0.6,3.3604218971589077,13,65,71.28598107307332
17,Wisconsin,B10,15-4,124.53096190342418,6,99.97294174045108,71,0.925946612564116,17,22.565165806356116,8.43483419364388,12.565165806356118,7.434834193643881,5-3,0.6596628824039311,0.5327618281385725,0.834151832018799,0.7280981280002451,0.5327618281385728,0.8355330929241648,0.646286389091361,0.7872877876734731,110.79991927226061,102.47588579472912,112.64197441922568,100.83700915256217,125.26732734950093,96.56682792839405,141.51837993006697,111.66747723647015,0.9384510065817198,7,0.045499019509188554,652.0,582.0,555.4875,1.1737437836134927,1.0477283467224736,0.836453933527742,0.625,3.213081168497887,15,91,67.84477033544542
18,Texas A&M,SEC,15-4,114.52664425385399,51,92.32290151505059,8,0.9226154633082849,18,21.69021928086319,9.309780719136807,10.690219280863193,7.309780719136807,4-2,0.6993261200674159,0.6177135187766422,0.8761534228640925,0.7679168254300436,0.6177135187766424,0.8763969913463889,0.5992981919974498,0.7369014844512882,111.87841520712855,100.88308097033666,114.07382586474631,99.35143448842295,112.71404209303886,92.91148257930558,120.78219249347177,97.86793714823003,0.9182837475188961,9,0.0823643402448212,448.0,432.0,422.6625,1.059947357525212,1.0220920947564545,0.8765187755875372,0.6666666666666666,3.9671785479880013,9,43,66.66332291120625
19,Gonzaga,WCC,14-6,123.6454231733237,10,99.77007991418405,68,0.9218189013314009,19,22.469690855792322,8.530309144207674,13.469690855792326,4.530309144207674,5-2,0.6233898690534175,0.6620522603889024,0.5515882851446599,0.6360596409042214,0.6620522603889025,0.6172871934986184,0.7437317445621718,0.7122407744106432,110.19906786488953,103.98841719561969,110.42742306185242,103.63212667176593,125.5870243170017,106.91015290739129,131.18956647752918,103.50196012254663,0.9385497052432152,7,-0.09011743184819532,635.0,555.0,517.7,1.2265790998647865,1.0720494494881205,0.6590955897238646,0.7142857142857143,0.5151238987850597,48,325,70.61898774461349
20,Marquette,BE,16-3,117.67940017057643,33,95.07256287522083,21,0.9207966725725176,20,24.187669121560887,6.8123308784391075,15.18766912156089,4.812330878439109,7-1,0.6651364252836915,0.6236884628921348,0.722127373572082,0.7064397462761252,0.6236884628921351,0.7519529521373199,0.6766037264280749,0.67054257267251,110.17395036550134,101.82424701497075,111.98920160719021,101.62331987323104,114.75827580309677,94.36628410964944,134.41498836351192,102.2400300271271,0.9587705732630221,7,0.1008610199214911,601.0,528.0,548.0625,1.0965902611472231,0.9633937735203558,0.7718366711808118,0.875,4.156848767747047,7,28,68.01374165023537
21,Louisville,ACC,15-5,120.2423517662499,19,97.67536704857783,43,0.9160914677911418,21,24.197003012300254,6.802996987699745,17.197003012300254,2.802996987699746,8-1,0.6966424552411128,0.6214244304031048,0.7885755967097894,0.6786926159872129,0.6214244304031048,0.7101901180584728,0.724035875966917,0.7168900642546657,112.03950925478946,101.9531361923414,111.65179236333151,103.02788067201172,127.38842659213485,94.7541280840351,128.51397199285802,106.64947650622238,0.8951664735435567,10,0.04104811393232366,728.0,615.0,610.6874999999999,1.1920990686726027,1.0070617132330366,0.646056544616486,0.8888888888888888,3.1500742714336356,16,98,68.28530854281361
22,Mississippi St.,SEC,15-4,120.86509274454376,17,98.19733724685284,51,0.9159463659254221,22,21.543772083760167,9.456227916239827,9.543772083760173,8.456227916239829,3-3,0.6461065989979161,0.5344469795583762,0.8880357744502528,0.7372629828142053,0.5344469795583765,0.8837412073878594,0.6217483353636062,0.8096920737856449,110.90857939201193,102.38395610546618,113.28977440798025,100.19905581377239,120.24371122919392,94.27925557178122,118.5002332256173,96.06027734231184,0.9179111966331823,8,0.06640142401352056,457.0,446.0,417.5375,1.0945124689399155,1.0681675298625872,0.8815939238566627,0.5,3.1407869510473776,17,63,67.41310698830985
23,Mississippi,SEC,15-4,114.4084781962912,52,93.05126003266054,11,0.9149930624091771,23,20.90667884630738,10.093321153692623,9.906678846307376,8.093321153692624,4-2,0.6197229487808056,0.5049213382358742,0.8684597716281575,0.7269465298674395,0.5049213382358742,0.8872980571569036,0.6030772608107271,0.7782005411226488,109.43322061429322,102.18323728638838,113.81197914370112,100.28732735084161,110.67861207724549,86.92521736556807,118.4180820691661,93.68889645615536,0.9366586239910575,9,0.06890703718770474,430.0,393.0,422.79999999999995,1.0170293282876066,0.9295175023651846,0.8967171999212765,0.6666666666666666,3.0742340936841863,18,58,67.44517892048555
24,Missouri,SEC,15-4,121.08973160210526,16,98.54618384689243,54,0.9144385360431913,24,21.53685897135819,9.463141028641818,10.536858971358182,7.463141028641818,4-2,0.533468530120813,0.3837051921451768,0.857955762401358,0.6678112264553167,0.38370519214517657,0.8729989179015292,0.6481346310687444,0.8465728529075368,108.664616341762,106.02438584050351,112.02195245170168,102.63108156346892,122.14305339620894,92.3639501683651,120.31357089175151,94.50175578741936,0.9414232314650569,6,0.035207711401667674,445.0,425.0,404.6875,1.0996138996138995,1.05019305019305,0.8805204956516146,0.6666666666666666,1.956507244357317,25,110,67.27663330455083
25,St. John's,BE,17-3,112.7167882466787,69,91.8979576848758,7,0.9127986122762664,25,24.28462971979582,6.715370280204183,15.284629719795815,4.715370280204183,8-1,0.6095653766311259,0.5175647065876041,0.7220106400176521,0.6693113426616666,0.5175647065876038,0.752771992502401,0.7354079763433289,0.8405963087144792,108.55931970196625,103.4265084122466,110.8695473241871,102.6462285560578,107.69635777069033,87.17510885941272,124.78292955554603,99.74330610910788,0.9292825679054877,4,0.03873917535660587,670.0,570.0,639.8375000000001,1.0471408756129486,0.8908511926856427,0.7779403718081048,0.8888888888888888,2.5881603223987737,21,100,70.02449949563275
26,Saint Mary's,WCC,17-3,116.94046459323417,37,95.59971787193471,28,0.9102910218313776,26,24.548683280848124,6.451316719151879,14.548683280848124,3.451316719151879,7-0,0.5067717161126375,0.5565005751020146,0.4144181208466514,0.5925755098545127,0.5565005751020146,0.6186296293979835,0.7845985726716108,0.8149723793717778,107.54534093158485,105.77389275252678,110.06362155636693,104.5774443164238,120.59342743904692,90.70257683207856,128.29710998963736,97.60429558533771,0.9586880240505243,3,-0.013460840198597723,551.0,372.0,440.425,1.2510643128796048,0.84463870125447,0.7485824075670129,1.0,1.1547529702296517,37,205,62.67570150887886
27,West Virginia,B12,13-5,113.45824503834734,61,92.95904769387742,10,0.9081849738809793,27,20.519597965436088,10.480402034563912,11.519597965436088,8.48040203456391,4-3,0.6465369149698447,0.5265971367101201,0.8350137093779837,0.7281989547153382,0.5265971367101201,0.8390799546182081,0.621019303990107,0.761312273462268,110.21503107899655,100.70715496764149,111.88777031089579,99.06222268950295,113.44939706419791,92.43205141430933,120.85266394517839,101.16181566132704,0.8854702223855941,8,0.04424808468527175,440.0,448.0,443.7,0.9916610322289836,1.0096912328149652,0.8412694712860213,0.5714285714285714,2.221761263252984,22,93,64.16232631701148
28,UCLA,B10,13-6,114.38831088837813,53,94.15396240534614,15,0.9036693418751877,28,20.157626006391794,10.842373993608202,11.157626006391794,8.842373993608202,4-4,0.6068778340542393,0.43764987931663746,0.839566271818442,0.6945541649172666,0.43764987931663746,0.8358515219976127,0.6561497361291321,0.8010262794221759,110.38233498819626,103.9321056164348,112.04786506185553,101.66902536876954,117.15582177879469,98.03715308576136,114.23863699192243,98.32017612965761,0.8488607519091996,9,-0.0207522135210213,583.0,596.0,540.5125,1.0786059526837954,1.1026572003422677,0.8333750221170599,0.5,1.0591512559838834,40,220,65.70736832977221
29,BYU,B12,12-6,119.94801444697688,21,99.15895991137452,61,0.8992431707368592,29,19.029964181297405,11.97003581870259,10.029964181297409,9.970035818702591,3-4,0.5539918975806724,0.3974041597180347,0.8000583427933888,0.6810901226121256,0.39740415971803494,0.8371174022038754,0.6732761854409373,0.8812691904040091,106.8624360404118,104.45543193498578,110.03431694663955,100.92615075982773,120.82885746516682,99.30056572330083,119.6779811818219,105.59954671929972,0.8083356193924731,4,-0.10003401120672417,505.0,494.0,464.70000000000005,1.086722616741984,1.0630514310307724,0.8570722803479838,0.42857142857142855,-0.7107993591003671,67,336,66.78081976244187
30,Baylor,B12,12-6,119.81581052699359,22,99.42252281199615,64,0.8952601997574056,30,18.357542106768644,12.642457893231356,10.357542106768644,9.642457893231356,4-3,0.6450695975894014,0.5402891196738465,0.8097246343138448,0.7332010752734945,0.5402891196738465,0.8393026508533014,0.6002061867406876,0.7207542569388754,110.94674547610578,100.4151889498313,112.73117288022078,98.07758961956236,114.95401858204332,94.71808079695427,113.55078208831887,105.67345234213637,0.6956798370184011,7,0.00039793512882901894,487.0,461.0,463.525,1.0506445175556876,0.9945526131276631,0.8552292751437781,0.5714285714285714,1.0892075470215483,39,179,64.87889533557588
31,Oregon,B10,16-3,117.23982469968226,35,97.36576461581093,40,0.8943617761589768,31,22.84621964819993,8.153780351800075,11.846219648199925,8.153780351800075,5-3,0.6885286111919632,0.56616561230514,0.8567777346613454,0.7417767769559297,0.5661656123051396,0.8383629175138646,0.6398418728599509,0.7602074557059684,111.35827739453998,101.17456448338025,112.95369613102727,100.34184453772319,115.3613286874152,100.42552727855872,120.31078788722334,101.52927910784376,0.8756544686679433,10,0.17620669046951376,594.0,609.0,561.1375,1.058564077432002,1.0852954935287695,0.8260863727488773,0.625,4.7329349662302205,3,5,68.33095067805735
32,Georgia,SEC,14-5,112.53651091003482,73,93.94580816643872,14,0.8885916424376538,32,19.507836309294696,11.492163690705306,7.507836309294694,10.492163690705302,2-4,0.5822591128921579,0.4323967658435884,0.9069608648307255,0.6956611153790749,0.43239676584358827,0.8857964789324821,0.6260507004212886,0.8529901817952233,109.11835758599182,103.50840749115812,112.85304668866036,100.91378301546129,107.43792172922387,88.49434268540939,109.12060240080004,90.92195503762649,0.8907281489790266,7,0.034565367365401944,394.0,406.0,404.67499999999995,0.973620806820288,1.0032742324087232,0.8752142859833607,0.3333333333333333,1.552755753569436,31,113,66.31829856920389
33,Creighton,BE,13-6,114.67722203230531,50,95.75967373681024,29,0.8882726567354361,33,21.209076633544264,9.790923366455734,14.209076633544266,5.790923366455736,6-2,0.6971608266981789,0.6211628858456868,0.8016579953703552,0.7076866694154194,0.6211628858456868,0.7552747503787719,0.6917098449976251,0.7288818243529188,111.86099143783352,101.57198693247675,111.92158523110729,101.45628073483684,114.9719369271945,95.093051360202,117.09349055510009,92.94773161704457,0.9343649202596617,6,0.021602670370375554,576.0,547.0,531.725,1.083266726221261,1.02872725563026,0.7243525870510497,0.75,1.5880507925236302,30,135,68.25592994093579
34,Texas,SEC,13-6,115.7913843648748,44,96.70667124194807,33,0.8880762112546224,34,19.273598579761153,11.726401420238851,8.27359857976115,9.726401420238847,2-4,0.5692820208194033,0.4012674326813226,0.933313628451911,0.6840536278492723,0.4012674326813225,0.8882881021372356,0.6524888924635095,0.8793961360491365,109.01018583146283,105.19493455929853,111.68024953973898,102.2478454216665,114.89916662580976,95.07761510116013,119.19091280251463,104.31308110732394,0.8224874718249354,8,-0.016222860115740367,410.0,451.0,406.55,1.0084860410773582,1.109334645185094,0.865775338979898,0.3333333333333333,0.5807172685868878,46,208,66.889946766415
35,Connecticut,BE,14-5,125.24554322669634,4,104.64639459563287,137,0.887596816103881,35,21.453600707227785,9.546399292772211,13.453600707227789,6.546399292772212,6-2,0.6117589845416231,0.5054076350064739,0.7579920901524534,0.6666566021033727,0.505407635006474,0.755343534006667,0.7107403647257421,0.782795108453337,109.39863729582777,104.76971457382513,110.32074925894058,102.58500427970142,124.49560624257529,105.27744352420339,127.58076927264163,101.31814049051837,0.9340459920117937,5,0.004515104828054395,617.0,589.0,523.6125000000001,1.1783523120628325,1.124877652844422,0.7535778299094761,0.75,1.1894917265824616,36,169,63.760209104094386
36,Clemson,ACC,16-4,118.20659121883793,29,98.977120564728,58,0.8851132975221133,36,23.620557262918528,7.379442737081467,15.620557262918537,4.379442737081467,8-1,0.6071187173757958,0.5468279891808938,0.680807385169565,0.6390980353079625,0.5468279891808944,0.6898465606778498,0.7535630590140648,0.7923154548998604,109.98673375812866,104.96837976364831,110.58275343302545,103.93225064135741,120.18727899228891,97.75429687601755,118.74300790533718,100.41699559872075,0.8729997282879274,4,0.0494681793380124,678.0,593.0,579.375,1.1702265372168286,1.0235167206040992,0.6972422497300829,0.8888888888888888,2.0051574525225297,24,80,63.78091219198588
37,New Mexico,MWC,16-4,112.71330558057721,70,95.40848912283522,25,0.8717832958552529,37,23.65168008589699,7.3483199141030076,15.651680085896995,4.348319914103005,8-1,0.569448672060884,0.5475103794031893,0.5962621408647331,0.5992541336973513,0.5475103794031893,0.6277131985591402,0.7806136253817433,0.7831543422913577,107.69765929918046,103.08182547132935,108.63004537524345,103.09788643701754,109.75950643026574,91.21843246479534,119.19645062651189,94.28279284128983,0.9368170890959883,3,0.035364805607100536,716.0,619.0,665.4124999999999,1.0760242706591778,0.9302500328743449,0.6534458821272916,0.8888888888888888,1.3133384941098658,34,109,73.17768484521213
38,North Carolina,ACC,12-8,113.70786234344143,59,96.7648127832783,35,0.864773319636432,38,19.20850249475717,12.791497505242832,12.208502494757173,7.791497505242828,5-3,0.7069299096360857,0.6940603057723621,0.7262343154316709,0.7057422571434196,0.6940603057723621,0.7127514279660542,0.6535519237365612,0.6125615599379144,113.6314006817815,101.62801104438373,113.59398551848608,101.66307955667104,105.11290465358309,89.44464106575478,124.42694119372304,107.14400328005345,0.848098843843824,7,-0.0009320196932239844,573.0,541.0,567.6999999999999,1.0093359168574954,0.9529681169631848,0.7037628363223095,0.625,0.45484215601773603,50,183,72.09099941730598
39,Nebraska,B10,12-7,112.98036634049078,65,96.65401434002092,32,0.8575242465258457,39,17.71599801798177,13.284001982018228,7.715998017981771,12.284001982018228,2-6,0.6383435282150209,0.4853689150228948,0.8486836213541944,0.7188234852815315,0.4853689150228948,0.8472234989237816,0.6522517230207667,0.8275132006164394,111.3808904915604,103.49531288873222,113.242782470724,101.61414367719811,112.9045214987733,103.60185262876267,110.41094430861878,98.16967930446995,0.794356192064566,7,-0.019745771428310577,579.0,648.0,561.3000000000001,1.031533939070016,1.1544628540887225,0.8462500839701729,0.25,-0.13204962134422416,54,216,67.71500984587395
40,Vanderbilt,SEC,15-4,116.58161594693641,38,99.74885024043024,67,0.8573270771564943,40,19.25880217691871,11.741197823081288,7.258802176918711,10.741197823081288,3-3,0.5341710791109524,0.37814609978232727,0.8722252009896404,0.6788923751641295,0.37814609978232727,0.8960980184954308,0.6417428795176113,0.9001402765836789,106.94730822930161,104.74323467423385,111.95988746758684,101.50960258227805,116.16392552346947,100.23717739994571,117.20618056894384,102.55003432832638,0.8229136204627912,4,0.06680090221041557,439.0,464.0,417.9125,1.050459127209643,1.1102802620165704,0.9080344272483264,0.5,1.4773215567247324,33,60,70.47748733576171
41,Pittsburgh,ACC,12-6,117.22209430911728,36,100.59060085866432,74,0.8531636752175341,41,20.542952535827563,10.457047464172437,11.54295253582756,8.457047464172438,3-4,0.6553201112106675,0.5756294558777434,0.7805482838766912,0.6586379478408352,0.5756294558777434,0.704292618420536,0.7182005384084463,0.7572108139083039,112.27998999923436,103.4897513592989,111.77616267533553,103.39496050121882,112.23891209233548,102.00995849866533,120.03776601366518,106.05783574775938,0.8059570944927841,8,0.020778414440502546,503.0,519.0,471.43750000000006,1.066949489593,1.1008882407530158,0.6632318754826062,0.42857142857142855,0.5177216519163429,47,137,67.78925409887783
42,Cincinnati,B12,12-6,107.0260611980064,163,91.89294686585507,6,0.8523500490891743,42,18.22940294638129,12.770597053618713,8.229402946381288,11.770597053618713,2-5,0.5842633846314053,0.41671539451280104,0.8475530833892118,0.6880311651872161,0.41671539451280104,0.8372548390581445,0.6753861637522105,0.8687036841070505,109.89363662336503,105.63959699688778,111.99905036860238,102.08563367372773,101.0336866580633,91.83441761903362,99.01444034389154,94.70914793485319,0.6250956449459414,5,-0.02373666970540611,428.0,467.0,461.5625,0.9272850372376439,1.0117806364251862,0.8317096305721849,0.2857142857142857,-0.3000965265976048,58,229,65.11021970746367
43,VCU,A10,15-4,111.09704991357842,97,95.41861970822052,26,0.8518896878473626,43,24.289399081179486,6.71060091882051,14.28939908117949,3.710600918820509,5-1,0.45568985371798254,0.3824923027205814,0.6142845475456848,0.5065642198541579,0.3824923027205815,0.5961717155617408,0.8485659183008628,0.8886484556733331,106.4060793257946,107.54214564018386,106.92881335915396,106.1655246191566,116.89463874722566,98.35105175029122,108.39784876618866,100.04939388548861,0.7153799702550251,1,-0.017433255031259254,469.0,391.0,405.9125,1.1554214270316878,0.9632617867151171,0.5871152995697686,0.8333333333333334,-0.23526766869356697,57,211,66.77587758134392
44,Villanova,BE,12-8,123.98120809488728,8,106.87578851931829,179,0.8464884911283608,44,18.01464352151433,12.98535647848567,11.014643521514328,8.985356478485672,5-4,0.5695535179215659,0.44130442067836084,0.7263024145521497,0.646598355052763,0.44130442067836084,0.759510018958684,0.7274503420283974,0.8445376100204757,107.22500675074119,103.8022109304748,109.23354873848668,102.18491659078121,123.33659376301277,104.91020813067988,132.80079836145475,112.51826233125912,0.870563371289772,5,-0.10509050322061853,668.0,626.0,571.8875,1.1680619002863324,1.0946208826036588,0.7866798771094848,0.5555555555555556,-2.101092933594154,92,340,63.220446308008775
45,McNeese St.,Slnd,14-5,113.43075817544496,62,97.78116955345294,45,0.8464853098309634,45,24.474285857683654,6.525714142316348,18.474285857683654,1.5257141423163472,8-0,0.44911390721123184,0.5607907517527339,0.2955582459666664,0.4228130018436516,0.5607907517527339,0.34692523939365616,0.8726206394887968,0.7665625009963878,106.77643112053448,105.52823925872659,105.38146333261749,106.7670980554109,118.62926327994036,97.45739645207756,105.98662520056058,88.97846644753673,0.8820057791855165,2,-0.06005543376833666,641.0,490.0,533.5125,1.2014713807080433,0.9184414610716711,0.38116990167831594,1.0,-1.1400566915022194,79,291,65.17081944897474
46,Ohio St.,B10,11-8,113.92682238539612,58,98.20899246965453,52,0.8464822862183666,46,16.54676187453316,14.45323812546684,8.546761874533159,11.45323812546684,3-5,0.6754336433821695,0.5485968961381767,0.8498341708426597,0.7407733342607732,0.5485968961381767,0.8464703752282011,0.6138111503200969,0.721477389226133,112.96154122680508,101.93722464449344,113.79185265511101,100.33208357589018,109.12206615325621,97.56983836640909,109.10390838579228,96.1041030507871,0.8113781664313858,9,0.004210330707785093,578.0,596.0,562.95,1.0267341682209787,1.0587085886846077,0.8442278448185622,0.375,0.0800781268862385,52,170,67.2553695515168
47,USC,B10,12-7,114.38544774874936,54,98.77389281173438,55,0.8438972362006633,47,17.63777283136333,13.362227168636672,9.63777283136333,10.36222716863667,4-4,0.6366669968920293,0.47600586250885885,0.8575760566688889,0.7120781836518006,0.47600586250885885,0.8419179602804185,0.6724515153901713,0.8695681373084629,110.99835299510131,103.51927640013503,112.50136832281824,101.38077410614075,118.4494093206039,97.19829033482043,115.5528774650354,104.65816377877803,0.7574649445086425,7,-0.030352509218347534,616.0,614.0,567.2625,1.0859170137282121,1.0823913091381856,0.8314792293547715,0.5,-0.6334486877704026,61,244,67.96897238690968
48,Oklahoma,SEC,14-4,119.12490436065657,26,102.97839918963572,109,0.8422430481595021,48,18.506547190355167,12.493452809644825,5.506547190355169,12.493452809644825,1-4,0.5515119903371545,0.4310079830696428,0.8648224092326846,0.6969914650175506,0.4310079830696428,0.8890906464243732,0.61723395191161,0.8180755290035169,108.01731203451594,104.39008585732606,112.70787325934161,101.01534685166156,118.24426544734877,104.44086830864603,128.61030162607057,107.73927769217192,0.8845596564334075,7,0.10235651043017668,374.0,398.0,351.0375,1.0654132393262827,1.1337820033472206,0.8984245838057923,0.2,1.771211938355003,27,27,67.68861381798806
49,Santa Clara,WCC,14-7,117.55793745716105,34,101.64338922039838,91,0.8419486605883263,49,20.703163590053688,10.296836409946309,12.703163590053691,5.296836409946308,6-2,0.6377616194548756,0.6263963209276189,0.6562302295616678,0.6211191814364563,0.626396320927619,0.6173079140261718,0.7701703506532683,0.7979361512009114,109.94266913887475,103.65816974863966,109.91008254950238,103.99937022688088,119.91835137233628,102.43120290136306,130.35162237329013,101.982839052576,0.9438773558783653,2,-0.031870692238891274,675.0,613.0,578.05,1.1677190554450307,1.0604618977597096,0.586170061597775,0.75,-0.792014631276752,70,249,68.28424835569412
50,Boise St.,MWC,13-7,117.73685127092992,30,101.89980260590846,96,0.8404142669938551,50,20.83057412675526,10.169425873244744,12.830574126755254,7.1694258732447445,5-4,0.5653282698942428,0.5001599868127612,0.6449783936604979,0.5844992506595666,0.500159986812761,0.6308858457753097,0.7927065794614362,0.8275327737650302,108.25600501643147,103.6476654202799,108.39995317640559,103.54095710230428,121.12414513352256,104.92539135939039,129.8462144114299,111.26962136830043,0.8551448792188926,4,-0.06426512201775525,678.0,618.0,581.1125,1.1667276129837167,1.0634773817462195,0.6193555793237924,0.5555555555555556,-1.4235093231158684,84,298,66.15602082493028
51,Utah St.,MWC,17-2,118.50428332113839,27,102.70487002774823,103,0.8382860096007726,51,25.21979821839975,5.780201781600251,15.219798218399749,4.780201781600252,7-1,0.5495611273496721,0.483128595779428,0.6409058582587578,0.5785942937274794,0.483128595779428,0.6311004275989077,0.7919300120870834,0.8259658713457543,108.62399719074337,104.88139184257058,108.43108477869838,103.87546592614605,120.37869904997001,108.61372257030413,119.41991742300718,92.15327873232977,0.9516953186283471,2,0.16534682303981296,613.0,571.0,519.7125000000001,1.1794982802992038,1.0986843687615748,0.6245634738256745,0.875,2.970790776078162,20,6,68.32702102933595
52,San Diego St.,MWC,12-5,107.35738837496815,155,93.08321189745178,12,0.8376300657403375,52,20.10546092327953,8.894539076720474,13.105460923279526,6.894539076720473,5-3,0.612161216162142,0.623362727109643,0.5995595163462033,0.6287446716412106,0.6233627271096428,0.6311665466804157,0.7511734992477636,0.7024348932852488,110.90223251075284,102.37497992194957,110.71469162715957,102.94653985149837,101.63231020735545,91.35790044947736,127.89372135256518,107.01582175977359,0.8859035212100218,6,0.047709155815694126,561.0,509.0,558.8500000000001,1.0038471861859173,0.910798962154424,0.6522379002365574,0.625,0.6433098936911716,45,83,66.09849797870733
53,Memphis,Amer,15-4,112.05393422285431,82,97.35517333655312,39,0.834390104361185,53,24.676508109793573,6.323491890206419,14.676508109793582,3.323491890206419,5-1,0.7080281844639881,0.7832236500749533,0.5451046756402298,0.6305224970528666,0.7832236500749538,0.5202383309813589,0.7682972668719803,0.6265147107205279,113.2895210243237,102.24990920990321,111.24144371083065,104.34800001439731,105.76748188859703,93.74126351583011,136.99894772051204,110.46919560836615,0.9223863000861964,7,0.19136764030463915,451.0,405.0,426.51249999999993,1.0574133231734124,0.9495618534040622,0.5078051586519233,0.8333333333333334,3.3241754511675996,14,3,70.27352552189025
54,Xavier,BE,12-8,112.7943429443115,67,98.05973027900166,49,0.8333944630501903,54,18.71213273904238,12.287867260957618,10.712132739042382,9.287867260957617,4-5,0.6230031077276936,0.4784700761069763,0.799654590819681,0.6606380088566336,0.4784700761069763,0.760830371868945,0.7113012841713646,0.8028677507765436,108.8325765196868,102.28780887099512,110.21820376653979,102.2546364736447,113.19494059727043,96.03760893677338,113.37772187667984,99.21712997834318,0.8226292889630124,8,-0.0175361235959407,664.0,651.0,630.4,1.0532994923857868,1.0326776649746194,0.7290651018183425,0.4444444444444444,-0.6468667935327834,62,212,68.16535290440693
55,North Texas,Amer,14-4,112.4653862843939,75,98.04283261432145,48,0.8289596561652633,55,23.600730632210755,6.399269367789248,14.600730632210748,3.3992693677892483,5-1,0.4967312681448662,0.46393053970019893,0.5623327250342008,0.4930888781019786,0.46393053970019865,0.5125277703698319,0.8506497321653439,0.8351582132461708,107.88850729781113,106.33959222601199,107.62336534627038,106.97222148368056,117.47943126940451,102.37885655990745,107.89641303224062,97.30982456833175,0.7663158905631842,2,0.021749131619708817,440.0,386.0,370.92499999999995,1.1862236301139046,1.0406416391453799,0.48762529303764723,0.8333333333333334,0.07575226197575269,53,134,61.254394548384845
56,Northwestern,B10,12-7,111.12245760703046,96,97.12437134481345,37,0.8246775348826785,56,17.422980338676666,13.577019661323337,8.422980338676666,11.577019661323334,3-5,0.6514023982145378,0.47753963166701685,0.8904637022173795,0.7223832235298354,0.47753963166701674,0.8570471990543862,0.6639449213997322,0.8831270711699448,111.31161707883135,103.06738715810637,112.98819006535102,101.40992407104797,111.3553420817397,97.84820773935222,111.1002577485603,98.44063205578063,0.8007937589898242,7,0.01668236084045771,589.0,611.0,569.5500000000001,1.0341497673601965,1.0727767535773856,0.8347695302790575,0.375,-0.15664485786635285,55,149,64.86522276674187
57,SMU,ACC,14-5,118.34836045776667,28,103.84088117730724,123,0.8181534263990864,57,21.34065370924084,9.659346290759158,12.340653709240842,7.659346290759157,5-3,0.5543031585901561,0.460341413908294,0.6835005575277165,0.6161431400722496,0.460341413908294,0.701834089462425,0.777338534868841,0.8625208518754331,108.01658244157593,104.96817625366037,109.86904219191507,104.42528386857231,118.47926708345068,103.55991861851021,120.0720701642794,120.3673084296853,0.492939974883899,4,0.03546908593464837,632.0,594.0,548.7,1.1518133770730816,1.082558775287042,0.7140564440855638,0.625,0.11298769027162892,51,107,69.84334666970858
58,Arkansas,SEC,12-7,110.85857238134702,98,97.56054721316198,42,0.8129804590224429,58,16.233785109470713,14.766214890529286,5.2337851094707135,12.766214890529286,1-5,0.6013952831973874,0.463671398929456,0.899797032444572,0.709023065460534,0.463671398929456,0.8862214912885346,0.6263836690817647,0.8173882945620373,109.91443510321379,103.53026904632283,113.50873508851522,101.36270921968891,108.06107871725366,100.11383706726228,111.24532018543383,100.94393400921383,0.7535218943731385,8,0.02075583812384385,388.0,446.0,405.17499999999995,0.9576109088665392,1.1007589313259705,0.879433720710516,0.16666666666666666,-0.20635081322758542,56,138,69.04419325800023
59,Penn St.,B10,13-6,114.77438910426395,49,101.1864116386143,82,0.8098513779164264,59,18.084610589254464,12.915389410745533,8.08461058925446,11.915389410745535,3-5,0.5357407951054565,0.3183349032287121,0.8346738964359802,0.6480689935250283,0.318334903228712,0.8294227431880027,0.6999715877672036,0.9181617551599945,108.17521044786645,105.98285545835707,110.95593595161841,103.23527346901999,114.07227714097043,102.2564303508697,120.36371132091809,104.72891321647008,0.8320383449533378,5,-0.0024290312002331893,610.0,642.0,579.4625,1.0526997001531593,1.1079232909808658,0.825921974356018,0.375,-0.682755110665776,64,184,71.38296605856506
60,TCU,B12,10-8,107.91962872465686,141,95.17213983682299,22,0.8093117803675596,60,15.540533019453695,15.459466980546306,8.540533019453695,11.459466980546303,3-4,0.6792731922310715,0.5676512062038115,0.854679170273909,0.7386559101586405,0.5676512062038115,0.8327084973337966,0.6329522174943726,0.786449554990178,111.79863394817578,101.52252370738358,112.94575048487779,100.03346877957284,111.83099884488672,99.71042518034474,111.82483484485049,98.92161210272239,0.8037609322809376,8,-0.011005223511838302,461.0,502.0,456.48750000000007,1.009885265204414,1.09970152523344,0.8208781349814285,0.42857142857142855,-0.903271833875765,74,197,66.44702361811203
61,Arizona St.,B12,11-7,110.35843937438713,109,97.41998237540489,41,0.8075356088865434,61,16.15138131149315,14.848618688506848,7.151381311493156,12.848618688506848,2-5,0.7185717039774442,0.6408783191763597,0.8406613086648623,0.7689883865680551,0.64087831917636,0.8394489236334873,0.6005023391510403,0.7028584340689653,112.60413088519729,100.74321288230499,114.16805414402745,99.49217647448319,109.42875177968419,97.48227843742679,110.32562547301885,96.83202429744676,0.8176150759116032,10,0.09772338479120724,472.0,502.0,475.2625,0.993135372557271,1.0562583835248942,0.8387961009242855,0.2857142857142857,0.958535381351287,43,33,67.61861916080332
62,George Mason,A10,15-5,106.73329281858297,171,94.2637454933578,17,0.8067017162710444,62,22.696995004308455,8.303004995691548,13.696995004308452,4.303004995691549,6-1,0.4441240348176563,0.37439460874841785,0.5736215403748134,0.4919703093853959,0.37439460874841773,0.5768860931787689,0.825498741532643,0.8337781979673741,106.04814689808501,106.74371843357785,106.42479240821164,105.60376987730518,109.68713248818688,94.25332861456947,97.96629283359316,92.98726978710799,0.6456219864953184,2,-0.006411594519820651,491.0,445.0,462.42499999999995,1.0617938044007138,0.9623182137643943,0.5789635358721953,0.8571428571428571,-0.7051112214309523,66,193,65.02191755415876
63,Iowa,B10,12-7,120.51671983628634,18,106.75222020220164,175,0.8013411200795321,63,16.465469795647177,14.534530204352825,7.465469795647174,12.534530204352825,3-5,0.5859754029644053,0.40507127535760146,0.8347185784237604,0.6910767107465071,0.40507127535760146,0.8483797002104053,0.6585537524302109,0.8555737449593335,108.81490504055101,104.21536066698991,111.74279967733106,101.72946887925755,121.39855094329438,111.2235568589433,126.04340776004713,118.68798512941474,0.6662950103616456,5,0.007027870048848972,656.0,692.0,579.5999999999999,1.1318150448585234,1.1939268461007593,0.8574871147348352,0.375,-0.6903939981528441,65,164,71.4508706944328
64,Florida St.,ACC,13-6,111.80884194782737,88,99.15979804871213,62,0.7990980544492404,64,19.483229551675425,11.516770448324579,10.483229551675421,9.516770448324579,4-4,0.5535574992736895,0.45804311576583745,0.6848897765969859,0.6174092630564392,0.45804311576583734,0.7050606440662703,0.760092112975772,0.8597111743485366,107.68861727271381,104.67178477615623,109.9792916133745,103.69424101627526,113.25788322790373,103.94420595384301,124.10173941898383,120.800354317197,0.5769020134946915,3,-0.011889619232289483,618.0,615.0,558.6875,1.1061640004474773,1.1007942722899653,0.7185078890457932,0.5,-1.1558663280483747,80,199,69.91616946207355
65,Oregon St.,WCC,15-6,116.30802843542449,40,103.21228308628304,114,0.797981081873205,65,21.140952661489507,9.859047338510498,11.140952661489502,6.8590473385104955,5-3,0.47067836603918684,0.42864898775776183,0.5389761057465025,0.521152916819155,0.4286489877577615,0.5879613100301614,0.8042088948340737,0.8659977925625283,105.92305643870391,105.83243221706428,107.53649429908597,105.13519800380246,120.03041879149018,109.31015295256825,123.9223012430845,107.12253992534193,0.8422858957798407,5,-0.02308401385744796,653.0,585.0,539.05,1.2113904090529637,1.0852425563491328,0.6271494734570888,0.625,-1.36606405576411,83,228,64.15286229495726
66,Indiana,B10,14-6,111.49715032406445,93,99.08635706415927,60,0.7952852972404101,66,17.675943481834917,13.324056518165081,8.67594348183492,11.324056518165081,5-4,0.6513068945096259,0.5133361918428393,0.8199377533245874,0.7327433187633091,0.5133361918428393,0.8534172385695674,0.6531230152061356,0.8387096618755693,111.41175450967326,103.78146307044187,113.71409546340793,101.52908589958668,112.61420395800997,101.05668564884807,109.62381913256506,106.5054179115097,0.5822158779622301,8,0.1004546329114413,669.0,700.0,640.1875000000001,1.0450063457971295,1.0934296592795079,0.8808095446790968,0.5555555555555556,0.8669265997075714,44,31,69.05227947298182
67,Drake,MVC,17-2,111.4077227818236,94,99.18425695826264,63,0.7919136968038082,67,25.50959119254429,4.490408807455713,15.509591192544288,4.490408807455713,7-2,0.41208708238387237,0.35458995881389155,0.4759727752394066,0.43796614427041614,0.35458995881389155,0.4796542369986783,0.8868386342806864,0.8981204181353458,106.58058030090824,108.16246655740309,106.72420333316279,107.95011568673422,111.32313404523642,98.83097415940517,119.11505021340376,92.41330589297752,0.9487736848974189,1,0.09595509810244618,605.0,529.0,534.7875,1.131290465839235,0.9891779445106701,0.4826663420744461,0.7777777777777778,1.009521707309339,42,34,59.21676486897405
68,UC San Diego,BW,16-4,112.14700849655047,80,99.91808209362449,70,0.7904746785196124,68,25.564031799218828,6.435968200781179,15.56403179921882,4.435968200781179,6-2,0.40472276431425724,0.4020353028150611,0.4087539565630514,0.4136971940014245,0.40203530281506084,0.42069432871324286,0.888712731334566,0.867748204672463,105.16334709045782,107.15893239526957,104.47378272988487,106.90126817768677,115.15570042497474,100.13290197766403,105.19573622580457,91.66909587971142,0.8296050535951004,2,0.002473852743210214,640.0,517.0,536.375,1.1931950594267071,0.9638778839431368,0.4286545768133705,0.75,-0.8193097267492018,71,174,66.31644421516047
69,Stanford,ACC,13-6,115.95356765282479,42,103.46353139233113,118,0.7876239623349564,69,19.802595557662677,11.197404442337321,11.80259555766268,8.197404442337323,5-3,0.5519374121003393,0.44991878977004557,0.6922130178044934,0.6074257830938571,0.44991878977004574,0.6940546294219535,0.7549633146386607,0.8584736019730821,107.6246901069887,104.64222129080828,109.64993940038073,103.81262830453143,120.64359274815658,103.35536555176672,109.95790737842958,101.72024795391961,0.7100278731764589,5,0.016519844285888152,613.0,575.0,529.5749999999999,1.157531983194071,1.0857763300760044,0.6952823705002603,0.625,-0.7201924990097606,68,150,66.73742676725381
70,San Francisco,WCC,16-6,111.65220702516697,89,100.0166548433882,72,0.7799883160341102,70,21.2376925535003,9.762307446499698,11.237692553500304,6.762307446499698,6-3,0.5129639382822513,0.4330708740915925,0.628365031002092,0.5453934187024249,0.4330708740915928,0.6265152564769145,0.7894290763784142,0.8607357537997175,107.96112876983224,106.18208067341985,108.75914372220501,105.4133880342846,114.19079760159374,104.67321405271674,103.6062477420409,103.61839697496092,0.49966288720687574,3,0.03606641762455587,685.0,674.0,613.9375000000001,1.1157487529268042,1.0978316196681257,0.6246654819517371,0.6666666666666666,-0.5554943923744442,60,106,67.17151316904572
71,Colorado St.,MWC,12-7,111.28805933529513,95,99.7001446192017,66,0.7797964668376961,71,19.400429263557992,11.599570736442008,13.40042926355799,6.599570736442008,6-2,0.5892667672398311,0.533691253105813,0.6656830991741058,0.6003210670781782,0.533691253105813,0.6369674647629792,0.7850304300057032,0.8208065380282407,107.58712128570922,103.64510499582315,108.28212870986164,103.63150722187987,115.56130997061206,96.41671707254773,114.70965093182576,114.553212834896,0.5039234471715758,3,-0.01907596830044489,595.0,526.0,533.9875000000001,1.114258292563028,0.985041784685971,0.6178237084888946,0.75,-1.7666039164060188,88,215,66.77565736083318
72,Liberty,CUSA,15-4,108.38901111895558,135,97.14940578535673,38,0.7788507266972909,72,23.554998780677536,7.445001219322458,11.554998780677542,6.445001219322458,3-3,0.4092667831380094,0.33531795567114947,0.5694892426495393,0.45816911836365276,0.33531795567114964,0.5468949580860162,0.8798588990801844,0.9060888530289322,105.82666226534248,107.94561143870803,106.07929481381032,106.67744340726219,106.07112336018399,97.48257031451887,112.27413437731992,89.04882419738641,0.9349432026539007,1,-0.004400587993596883,431.0,413.0,415.0875,1.0383352907519499,0.9949709398620773,0.5355978158042545,0.5,-1.1289673016431483,78,189,65.2330722250647
73,Saint Joseph's,A10,12-7,110.2436210746495,112,99.04001609087217,59,0.7742453195851281,73,20.28961331201859,10.710386687981408,11.28961331201859,6.71038668798141,3-3,0.4992302758424494,0.44302265800247764,0.6210134478290551,0.5244883946726016,0.44302265800247764,0.5833247600454688,0.840649676387284,0.8581484958780299,106.69192901052061,106.47626644581554,106.58097432474548,105.36804872985327,111.56836300372792,99.09052821274888,110.17172179109718,89.79048905025559,0.9131290698496605,2,-0.0894858249859457,459.0,426.0,419.97499999999997,1.0929221977498662,1.0143460920292875,0.5644804161536757,0.5,-2.936713823357904,118,324,68.89655395559838
74,UCF,B12,12-6,115.03379684286664,46,103.36647447744431,117,0.7737959718816776,74,17.712350346409554,13.287649653590446,8.712350346409554,11.287649653590446,3-4,0.6508392845766627,0.4969762070210341,0.8926241207355078,0.7102853408043052,0.4969762070210341,0.8276053643851041,0.6528583197704276,0.8499035460758535,110.99010651137662,101.04350509931493,111.35374106835233,99.58051352217525,119.6727022990993,104.32555673688599,122.48837528733664,106.98488246102809,0.82581873553852,8,0.12106138314518378,536.0,610.0,518.1374999999999,1.0344744396998868,1.1772936720465128,0.7925952648118102,0.42857142857142855,1.0532544708662832,41,17,70.90491187687596
75,Bradley,MVC,17-3,111.93201384278004,84,100.83093321459249,77,0.7687265509710817,75,25.07857264146192,5.921427358538075,16.078572641461925,3.9214273585380757,8-1,0.4477456581876721,0.42039829792781397,0.4811702096163876,0.47149110706389225,0.42039829792781414,0.4995921520887352,0.8744932454717753,0.8777217876136291,107.07951534220028,108.85337873953529,107.51537622232041,108.32979745194244,109.88458287426809,97.24494076895334,115.76862566002534,118.33191450693418,0.4373684361723297,1,0.09428974498045362,722.0,611.0,631.9125,1.1425632504500227,0.9669060194251577,0.5146646504752014,0.8888888888888888,0.5051384506334724,49,36,65.7538155754123
76,North Dakota St.,Sum,15-6,120.11332902534437,20,108.26107890145246,217,0.7675868423128682,76,22.769386481043956,8.230613518956044,11.769386481043956,4.230613518956045,4-2,0.37628038242775597,0.3817368350105347,0.3626392509708091,0.38918724005636207,0.3817368350105347,0.39617199478682513,0.8968727832570744,0.8831130596478125,107.48015023690937,109.92450803363892,107.68138175287977,110.70372585278594,120.52677264429023,112.18885715128124,116.85344820981119,97.86391036338367,0.8848763708360207,1,-0.08535625795522606,518.0,461.0,404.66249999999997,1.280079078244216,1.1392209557347173,0.4162916410764347,0.6666666666666666,-2.979828901166963,121,320,65.09251056882515
77,Utah,B12,11-7,109.35816421917113,125,98.83537418822499,56,0.7619658353316574,77,16.10450144062754,14.89549855937246,8.104501440627544,11.895498559372458,3-4,0.5607612985634741,0.3673268695280005,0.8647296870477899,0.6691960059257559,0.3673268695280005,0.8352240309445215,0.6652787662245799,0.8729729123227755,109.16857492273479,105.12603782551088,110.74905752990198,101.82690865146836,104.82069506920584,98.31967501870255,107.52907635668663,103.5258965972483,0.6073780523378776,8,0.02094725785110363,445.0,525.0,477.425,0.9320835733361261,1.0996491595538567,0.8193363699658386,0.42857142857142855,-0.7688845077818809,69,136,69.49504439186961
78,Dayton,A10,13-6,116.50534907714322,39,105.43790683634288,152,0.7591220384144352,78,20.40460115410374,10.595398845896264,10.404601154103737,7.595398845896262,3-3,0.5550374308439773,0.5481646999862136,0.5699283477024648,0.5832073536522955,0.5481646999862134,0.608515936855577,0.7991944718699432,0.775653690687948,107.9441926141907,103.60607818201522,108.10286550952839,103.33504533551393,110.52882635402825,107.21069031824754,130.38184584984668,107.34773109143963,0.9033951731010534,5,0.03487635651100551,442.0,438.0,413.75,1.0682779456193354,1.0586102719033232,0.627809731432133,0.5,-0.9352933374424126,75,111,65.20393395925791
79,LSU,SEC,12-6,109.08143551216111,128,98.86216037000762,57,0.756066522935432,79,15.232259446646658,15.767740553353342,4.232259446646658,13.767740553353342,1-4,0.544154022612792,0.4155936041297946,0.8784111106685855,0.693214504846935,0.4155936041297946,0.8937184886982033,0.6347925103414948,0.8715468426299342,107.76406799259557,106.418726182783,112.44527377472687,102.14121982277341,109.0977630457528,102.53274687742676,104.15664669910662,99.94201613548609,0.6165704662504196,4,0.041682684387354896,339.0,382.0,342.975,0.9884102339820686,1.113783803484219,0.8996059417865179,0.2,-0.6521620457774118,63,95,68.49573768759706
80,Grand Canyon,WAC,14-5,107.93131360544561,140,97.93781359195361,46,0.7534999308587003,80,22.768379020471873,7.231620979528134,12.768379020471867,3.2316209795281328,4-1,0.4152739404750027,0.440461755789633,0.34474805759403815,0.41251401494518347,0.44046175578963276,0.38805974170629065,0.9003266928197807,0.8776921461178826,102.57484394972997,105.0736367550118,103.00041755257844,105.93653794797851,112.04501381318758,99.32424081333895,107.98122203738302,99.40466309728434,0.7214610819820251,1,-0.039277072744032804,396.0,324.0,353.75,1.119434628975265,0.9159010600706714,0.4077468708482235,0.8,-2.060584232506109,91,259,71.73865235514448
81,Georgetown,BE,13-6,105.03351274899934,200,95.35942825308923,23,0.7523531329862563,81,18.39500989824328,12.604990101756721,9.39500989824328,10.604990101756718,4-4,0.5031010256365747,0.29862584881031684,0.7842543937726791,0.6020538244016156,0.29862584881031684,0.7689392109768302,0.7394548257483669,0.9003745638867315,107.03517347619712,106.5569668290393,109.63865540434199,104.56011749096842,104.91524101497912,90.60730173259456,106.76108768608465,88.65775234661326,0.8944302831573528,6,0.029302953463493986,527.0,521.0,534.8625,0.985299960270163,0.9740821239103509,0.7587290891129309,0.5,-0.8329073376549194,72,121,67.83167241538848
82,St. Bonaventure,A10,15-5,110.73497675294121,103,100.63771789095696,75,0.7501748947737069,82,21.82540336227061,9.174596637729385,9.825403362270615,8.174596637729385,3-4,0.4413272441499469,0.36915055635274197,0.575369664344756,0.4973322714522033,0.3691505563527422,0.589907954579592,0.8546571478675448,0.9071682166680404,104.93192393866188,106.84739818958737,106.12455708445604,105.74492477531183,114.0261087718048,111.71506046205731,0,0,0,0,0.0026982804709803077,495.0,496.0,448.29999999999995,1.1041713138523312,1.1064019629712247,0.599159593819942,0.42857142857142855,-1.6142455418217505,85,173,63.750305738823485
83,UC Irvine,BW,17-3,103.24343676500612,226,93.93073667276155,13,0.7478386264989793,83,26.508126783292177,5.491873216707819,16.508126783292184,3.491873216707819,7-1,0.48273083875829936,0.5051615027985714,0.4490848426978914,0.4550261272850237,0.5051615027985717,0.42494490197689505,0.8778320678225937,0.846380569446999,106.90689524158329,106.55138805903012,105.6435025130829,106.86488926744745,105.79409066707544,93.54321939880863,81.34201957492225,85.16422532672071,0.37096822718208994,1,0.1519083569963745,661.0,548.0,600.8625,1.1000852940564605,0.9120223012752502,0.4088516081628974,0.875,1.1127795497787352,38,9,69.41521114140329
84,Wake Forest,ACC,15-4,105.89989977400904,186,96.3631730221281,30,0.74748758898718,84,20.06668080902281,10.933319190977196,12.066680809022804,7.933319190977194,7-1,0.5499811042718801,0.487087340650711,0.6364600292509873,0.636869564833215,0.4870873406507107,0.719249788133592,0.704605770704936,0.7373050059966264,108.18168075245939,105.4558176595012,110.83937582062444,103.41852897326466,108.66026101949869,95.84547797325743,111.63932944478391,102.40332202779416,0.7296946390615685,5,0.17906742034527712,599.0,543.0,549.025,1.0910249988616183,0.9890260006374938,0.774442960721995,0.875,1.7922983486896902,26,4,66.58480110110312
85,South Carolina,SEC,10-9,107.91510756934689,142,98.21993640190988,53,0.7469781592893472,85,13.220503524130185,17.77949647586981,3.220503524130184,14.779496475869816,0-6,0.5956518260552826,0.4418748168342489,0.9288353460341887,0.7099240837324718,0.4418748168342492,0.9035152209367434,0.6304310941790906,0.8766285220783443,111.81030238396842,105.10982431803826,113.71206635352746,101.4805816389766,103.73483854828812,95.13546356794552,107.42950214927522,96.51115397336105,0.7742605336807601,7,-0.04287114904223022,375.0,457.0,404.9,0.9261546060755743,1.1286737466041,0.8908551583880208,0.0,-2.427945461132334,101,266,65.35611694778261
86,Washington St.,WCC,15-6,111.63449440647369,91,101.75975685960518,94,0.7436595493012621,86,20.19407620859109,10.80592379140891,10.19407620859109,7.805923791408909,5-3,0.5372091405964372,0.5578494430684378,0.5036686490794364,0.575800102180492,0.5578494430684378,0.5887644670947535,0.7844092131074296,0.8305934375073669,109.18198735966371,106.88701825358181,109.89295004877006,105.67261364513018,110.67935450225421,104.93909427071223,117.37163699332378,104.11912230415393,0.798639175150796,3,0.05563857704203079,644.0,621.0,580.525,1.1093406830024548,1.0697213728952242,0.6568411215070074,0.625,-0.8530210370575039,73,72,70.7681621879617
87,Yale,Ivy,10-6,112.94964454965299,66,103.07086778037333,111,0.741262549481937,87,18.68053396707857,8.31946603292143,11.680533967078569,2.31946603292143,3-0,0.4417831793534434,0.4618659598278746,0.35475779729757484,0.42240321528381436,0.46186595982787454,0.38575923820718705,0.8774221071025579,0.8310898794022981,107.09923501530086,107.93392918326703,106.54473723657968,108.85638265298131,109.87556938404737,102.49764424808005,127.40167400120066,110.40008244093453,0.8385110479638926,1,-0.091928226599294,254.0,213.0,218.2125,1.1640029787477801,0.9761127341467606,0.39421417663708136,1.0,-2.8086710727363666,114,329,68.23223791412389
88,Rutgers,B10,10-9,113.59049498575436,60,104.03287740007158,124,0.7331703858342342,88,13.48583045369753,17.514169546302472,6.485830453697528,13.514169546302472,3-5,0.6404697982406375,0.47734561684951604,0.8647655476534295,0.725946272655927,0.47734561684951604,0.862676633349453,0.6383009284403912,0.8222851116312576,109.8645201742655,102.06965391749806,112.68397733238915,100.36796649585716,113.23636981916849,102.69910835640562,118.10602871484436,104.59420810513964,0.8017372554251213,8,0.0005835286258626393,565.0,613.0,545.2375,1.0362456727572849,1.1242807033632134,0.8612840238134686,0.375,-2.1166010261527695,94,178,68.85517492386705
89,Butler,BE,8-11,112.76700675684484,68,103.30494567537741,116,0.7325978751006277,89,13.325987893875842,17.674012106124156,6.3259878938758405,13.674012106124158,1-7,0.6633691411526846,0.5654382130828637,0.7980241672486884,0.6979951900250765,0.5654382130828637,0.770901527343294,0.6794871866809877,0.7347573386505645,112.52379298196485,102.78559713927666,112.050497681914,101.56156288206896,112.76205160282845,104.59883181320988,114.78764212160517,100.71677074900941,0.8181513044939974,8,-0.07733591569217896,572.0,622.0,543.3249999999999,1.052776883081029,1.1448028343993006,0.752819767406364,0.125,-3.466422490933092,137,312,66.93497427312231
90,Lipscomb,ASun,13-7,109.62326705593068,121,100.76996182482787,76,0.7248019222248366,90,22.440254655040363,8.559745344959637,14.440254655040365,3.5597453449596355,5-2,0.4135440492875775,0.45736097990414026,0.3321697495711038,0.36534258190367974,0.45736097990414026,0.2988848500144583,0.889462932449585,0.8219142036735498,106.12272017513307,107.82235090099611,104.60492592271837,109.72872272295092,113.28613241706097,106.61698775740639,97.1811263286647,103.22796085148735,0.33310447684614963,2,-0.06525546982304375,564.0,458.0,460.9,1.2236927750054243,0.9937079626817098,0.2777035502965931,0.7142857142857143,-3.1267172629799487,127,300,66.19510750281192
91,Notre Dame,ACC,8-10,115.93338695184077,43,106.66505843723608,172,0.7227622077363168,91,14.716359997967363,16.283640002032637,8.71635999796736,11.283640002032637,2-5,0.5718185088510264,0.5181018191514164,0.6562304498075563,0.619987401483233,0.5181018191514162,0.6760244717657321,0.7427771974002675,0.7491238940119597,108.54774501456957,103.55776727626453,109.95960205010721,103.49383969565591,116.11260060521535,109.07052275926556,128.46132849808328,114.94462987894141,0.7822011282762761,4,-0.13006974479521016,507.0,513.0,455.63749999999993,1.112726674165318,1.1258950371731915,0.6866827912816729,0.2857142857142857,-4.1686914248953535,164,352,64.58770380480766
92,Nevada,MWC,11-8,113.00925968300366,64,104.19138926393914,127,0.7179393765208448,92,17.230623733990488,13.769376266009509,9.23062373399049,10.769376266009509,3-5,0.5958885351309067,0.5822522685667045,0.6146384016566847,0.6215201003955374,0.5822522685667046,0.6431174079013955,0.7851214826639568,0.8320397830369396,108.71190203621059,104.3203392464546,108.87112266298642,103.36094492573174,107.70203777485996,105.05494644179093,114.67008056299721,104.4786686709408,0.7446685095718116,4,-0.022387967531393382,561.0,565.0,529.975,1.0585404971932637,1.0660880230199536,0.6621034120645358,0.375,-2.9634006904798724,120,226,63.04061192079884
93,Arkansas St.,SB,15-5,109.46166204366625,123,101.26280537173199,84,0.7099898571591229,93,23.50885696180587,7.491143038194128,13.99233108869021,4.0076689113097865,6-2,0.4380296332529217,0.45300857233163666,0.4155612246348493,0.41665809043103325,0.4665869521361404,0.3805983569773446,0.8752385522467215,0.8254764883482385,104.820758864492,105.75808778930843,104.01674377699423,106.68569185745604,113.65165775187332,102.15672134933588,110.03101155068495,83.98029303265022,0.9571834753305225,2,0.04575246407152567,616.0,524.0,532.4625,1.1568889827922155,0.9841068619855858,0.352628062851341,0.75,-1.0811816470240827,77,90,68.9091443681256
94,Minnesota,B10,10-9,109.73860440744528,120,101.94995007684412,97,0.6998578148530318,94,13.526336142986949,17.473663857013047,5.526336142986951,14.473663857013051,2-6,0.6109191408938555,0.4058963107872099,0.8928255322904931,0.7008950962108915,0.40589631078721,0.8631444281939163,0.6721841858036672,0.9157089291674507,110.26251369315256,104.03018791463184,112.24751711906049,101.77369416136906,116.44850980105201,105.28479180994074,120.01624387838777,105.90904966164366,0.8081499504596392,6,-0.012742189348999733,574.0,647.0,543.8500000000001,1.0554380803530383,1.1896662682725012,0.8433570254628653,0.25,-2.6866192727899048,110,202,62.021104924869974
95,Kansas St.,B12,7-11,112.15957156403337,79,104.8422194814986,144,0.6847870846895372,95,10.760251546290503,20.239748453709495,4.760251546290503,15.239748453709494,1-6,0.6341872580733187,0.48169495414288604,0.87381802139257,0.7177293122731124,0.4816949541428859,0.8475482092447374,0.6425156589105726,0.8413834356695057,108.04933612256478,101.9545350458112,110.4703971926143,99.74415164963169,113.33169303256604,104.20176549662506,115.11385437698219,103.27454363350357,0.7769714415386904,6,-0.0956269658443194,448.0,511.0,451.6375,0.9919459743710387,1.131438377016966,0.8334029257805202,0.14285714285714285,-4.292219620974791,167,331,66.69651402235914
96,Colorado,B12,9-9,107.55264703131061,152,100.90257334555338,78,0.6756797834734344,96,12.073317909031179,18.92668209096882,3.073317909031177,16.92668209096882,0-7,0.6269887950082443,0.4941706835319293,0.835702970185311,0.7270808735977263,0.4941706835319293,0.8551814781339144,0.6294663457005181,0.795648301893987,110.56738509080463,103.89780644372169,112.77971602569896,100.42994094732141,106.64400203190993,105.22562834877321,109.26123490541151,105.38447444327751,0.60239466463884,7,-0.00013814212434948292,476.0,547.0,489.1875,0.973042033984924,1.1181806567011627,0.865669905490855,0.0,-2.7219547059667555,111,180,67.99964105719604
97,Providence,BE,9-10,110.57720532595974,105,103.77610392171606,122,0.6748052103040705,97,13.302669175680096,17.697330824319906,7.302669175680095,12.697330824319904,3-5,0.6207221489521487,0.5101568134205045,0.7727494853081596,0.6820661626225606,0.5101568134205045,0.7766163046836915,0.7132516383104913,0.838253887873098,110.2781182293213,104.22946165503379,111.25577491118251,102.4303322405034,112.02197311327741,103.30195227675422,120.25040191422698,106.58782073542338,0.8001097561486503,7,-0.034011914970800416,586.0,609.0,550.475,1.0645351741677642,1.1063172714473863,0.7791941842673794,0.375,-3.7686424449674996,147,250,65.46583675568958
98,UNLV,MWC,11-8,110.42407217981084,107,103.70632998415729,121,0.6730027172014403,98,16.579401714789753,14.420598285210247,10.579401714789753,9.420598285210248,5-3,0.5906989650439985,0.5813142865260373,0.603602898006195,0.6240514799623785,0.5813142865260373,0.6475569363523662,0.7644285188279943,0.7799770756870466,109.03281668446618,104.3244420263615,109.4289523378672,103.49286349779143,111.59066300428977,104.63450283959871,110.31394002573096,110.19295622697827,0.5031547661000338,4,0.028554577980479667,566.0,566.0,526.1500000000001,1.075738857740188,1.075738857740188,0.6768596285831471,0.625,-2.369983674372423,99,123,65.12131367046096
99,UAB,Amer,12-7,116.29280668633132,41,109.25319416614656,237,0.6721876183624914,99,19.07873995027343,11.921260049726571,12.078739950273429,5.921260049726568,5-1,0.3910068165634878,0.3344502430483539,0.5135460591796114,0.45651132637833064,0.3344502430483538,0.5446665532277585,0.8763372466234626,0.931160440043475,104.50817361061495,108.5412926544031,105.68868457338728,107.05628349735397,121.17643987326288,104.87917573881845,133.36967537222495,111.27360658978475,0.889242414401525,1,-0.10698544435164214,493.0,435.0,409.9375,1.2026223509681353,1.061137368501296,0.5602268002518319,0.8333333333333334,-4.306985567015022,169,343,69.20892421823044
100,Middle Tennessee,CUSA,14-5,109.79681116700829,119,103.17146797955355,112,0.6716704886441733,100,21.01055074969912,9.989449250300872,12.010550749699128,5.989449250300872,5-1,0.49075468510063386,0.4752962692946989,0.5242479193468262,0.5237254222416784,0.47529626929469915,0.5587020327033856,0.8442906823602607,0.8358298419777069,107.16973423531596,104.3446011293806,107.15941721549139,104.3025867963851,108.16077990691251,101.87836614543211,115.94677936756007,99.50770659348623,0.8529973990818398,1,0.09542855868752298,449.0,417.0,417.76250000000005,1.0747733460997575,0.9981748002752759,0.5759290893816653,0.8333333333333334,-0.9831065570629984,76,35,68.20679515741958
101,Appalachian St.,SB,11-8,102.91466231344256,233,96.75784262076931,34,0.6702730865305728,101,19.834751876815957,10.165248123184043,13.321744678139217,4.6782553218607825,5-3,0.45066827336932924,0.47031524903762423,0.42365368182542373,0.39426582444646124,0.4801759882839269,0.3369923818881508,0.8862076873430162,0.8239307544504738,109.00604319123335,108.21855341635231,106.0629812215146,109.01530875989363,102.67426721515362,94.35203876391438,110.16653898474365,106.08221778165935,0.6069372059195386,2,-0.09319648710108741,530.0,473.0,504.23749999999995,1.051091995339498,0.9380500260294009,0.2676633419383324,0.625,-4.29603186425148,168,330,63.54247463364298
102,N.C. State,ACC,9-9,110.6057244153341,104,104.11449536236607,125,0.667195372801381,102,14.160375023999686,16.839624976000312,7.160375023999683,12.839624976000314,2-5,0.5495832687071185,0.4548550875171624,0.6984418391484782,0.6245476231188353,0.45485508751716225,0.7178785176997556,0.7431668165332722,0.7846498491989455,107.9625039903264,105.54752347528228,110.39416047906343,104.12406036045105,113.12167315399721,108.38925477234181,116.65104167618031,111.65712518158321,0.6232046026067447,4,-0.0743751643511027,475.0,493.0,439.075,1.0818197346694756,1.1228150088253714,0.728344421535059,0.2857142857142857,-3.969482589107664,158,308,64.18507083397098
103,UTEP,CUSA,14-5,108.43787281084931,133,102.1030413676456,98,0.6664653286106262,103,20.818497530619574,10.18150246938042,10.818497530619577,7.181502469380423,4-2,0.4264732512329321,0.37959434951025917,0.5280442049653902,0.48392327156044884,0.37959434951025933,0.5592719374855857,0.8624908276251316,0.8797794705693952,106.29704255257963,105.60101005880004,106.44570280127853,104.79660188789052,107.76207815553033,105.83183889870541,118.00433993275591,95.96808370985993,0.9150655463458177,1,0.038208304659380965,427.0,433.0,403.35,1.0586339407462502,1.0735093591173919,0.5748858037456833,0.6666666666666666,-1.7619755114639022,87,102,67.84982321205416
104,High Point,BSth,17-5,117.72166806339146,32,110.9578552331165,268,0.6638470325113098,104,23.982302080561446,7.017697919438552,11.982302080561446,4.017697919438553,5-2,0.3364349583625377,0.3343362332381054,0.3409322264863212,0.3388345793736191,0.3343362332381054,0.34305177887566324,0.9318897032596897,0.9286372205644806,103.26443808572523,109.07647688665077,103.69343151474716,109.74306422651065,121.67894942127982,110.18046947916118,0,0,0,0,-0.004262690732309893,607.0,520.0,478.58750000000003,1.2683156162666178,1.0865306762086346,0.3447003196229293,0.7142857142857143,-2.6841667281383104,109,188,66.25597319844842
105,Washington,B10,10-9,107.78274893911006,145,101.7772548612385,95,0.6591045028323163,105,13.524881077666546,17.475118922333454,4.524881077666545,15.475118922333454,1-7,0.6251316341305734,0.4131109293650143,0.9166601031832173,0.7026338679218628,0.4131109293650143,0.8618714841281296,0.6635825865952006,0.8803311391691139,110.80389704000744,101.7554429127842,112.44611344592408,100.88733922457234,106.24174926540717,101.83941254068418,111.72538448532153,100.5742783019234,0.7701564882268337,8,0.051882934281129556,529.0,634.0,556.95,0.9498159619355417,1.13834275967322,0.8253457380914044,0.125,-1.7583808794102953,86,76,68.34485022025454
106,South Alabama,SB,14-5,106.84891211107698,169,100.90554143597389,79,0.6588460321806053,106,22.443230661749478,8.55676933825052,14.070267126771084,3.929732873228916,6-1,0.34079613610012993,0.3259084269524015,0.36631792321052137,0.3583202412896431,0.3551881726537391,0.36058229086001814,0.896872770293945,0.8651526728809296,103.2084835268306,108.29072652348049,103.58176439657431,108.74728809325498,109.61774095789181,91.92884634087554,95.62161834682442,90.10987103339109,0.664351288539404,2,-0.0256641632599226,508.0,405.0,457.825,1.1095942772893572,0.8846174848468301,0.3569323430006071,0.8571428571428571,-2.4362976764230044,102,234,63.2443500073596
107,Davidson,A10,12-7,114.3665462749367,55,108.1625474367211,215,0.6550686451551322,107,18.770809991899963,12.229190008100039,8.770809991899965,9.229190008100035,2-4,0.455302364914856,0.39154353757633237,0.5934464908149905,0.5016612690052912,0.39154353757633237,0.5811907417039835,0.8366382075133634,0.8547342164732772,105.56671458872603,105.87575726113567,106.09982456597353,104.93332292104749,114.12290179696521,112.92362526871791,112.29114260927595,115.56102339203434,0.41821797733860877,3,-0.02045087938330059,435.0,453.0,400.9625,1.0848894846774948,1.129781463353805,0.5750628671484802,0.3333333333333333,-3.018676198684552,123,219,65.45760045975588
108,South Dakota St.,Sum,13-8,110.28254855098331,110,104.37983035922554,133,0.653080174867233,108,19.925195111414617,11.074804888585387,10.925195111414613,5.074804888585385,4-2,0.4253989176922845,0.44710605678542076,0.3711310699594437,0.4281295281200011,0.4471060567854206,0.4103390324961703,0.859977704879743,0.8194909110442914,108.52344408239725,108.11749373548628,109.17230171948674,109.8168209727943,110.61837514545547,104.78190350425287,149.19989641844512,131.41585931144297,0.8114687800716094,3,-0.03700900319438616,501.0,437.0,422.04999999999995,1.1870631441772304,1.0354223433242509,0.43386381001820623,0.6666666666666666,-3.644361232445431,141,257,69.37058350668276
109,St. Thomas,Sum,15-6,115.43600605137098,45,109.64066466413036,242,0.6439022827400577,109,22.191561394187815,8.808438605812189,12.191561394187811,3.808438605812189,5-1,0.38793537849624166,0.361705250313228,0.4535106989537758,0.387389025113076,0.3617052503132279,0.4114675639879335,0.8942621341079924,0.8911206972039634,106.57946131461297,108.91540333197561,106.81960955448002,110.09257240574517,118.99008301273761,113.63501054127958,110.26788757106836,108.42419140957398,0.5483255289885656,1,0.024883530319933067,521.0,492.0,415.7125,1.2532699882731455,1.1835102384460414,0.3862416830084281,0.8333333333333334,-2.573691053266778,106,127,68.36919664357555
110,Akron,MAC,13-5,110.22963517195961,114,104.8113171157653,142,0.6409860222130023,110,22.513459507139014,8.486540492860986,14.88642304211741,3.11357695788259,6-0,0.375870067087859,0.4122342209002745,0.30314175946302807,0.3729867077585968,0.42581866741358265,0.334830292452218,0.903402587292816,0.86142244994826,104.92991633198471,107.69424193534036,103.79923449879959,108.2282664385722,113.54857794988696,103.74295594374344,110.94595032036223,108.70603051130733,0.5583707877983463,1,0.003034428700105618,530.0,436.0,441.13750000000005,1.2014394604856762,0.9883539712674618,0.35067455894681315,1.0,-2.304917863998054,98,172,71.10996392850593
111,Samford,SC,16-4,112.3142048864514,78,107.04061944994413,186,0.6348446744898479,111,23.64653938501768,7.353460614982323,13.646539385017675,4.353460614982323,6-1,0.38279215981057396,0.4184109101121397,0.3166430521076661,0.3890057772710391,0.4184109101121397,0.36776873688579975,0.8759865548062975,0.81566864545531,105.085518151757,107.94325038161827,105.03416547496232,108.62066715846099,106.64069822217739,101.62353779245682,113.92129732149027,106.91382219666204,0.6748215869431141,2,0.10802936230674554,539.0,470.0,483.4375,1.1149321266968326,0.9722042663219134,0.4003032635627939,0.8571428571428571,-0.3775842321123588,59,25,69.87272993502668
112,Virginia,ACC,9-10,104.34938698209007,210,99.66751103323517,65,0.6289949435962112,112,13.684488918881302,17.315511081118697,6.684488918881302,13.315511081118697,2-6,0.6046560936208285,0.5094477441377702,0.7355675741600338,0.6453003640002913,0.5094477441377702,0.7200193049246779,0.711651231588715,0.7444071515721611,110.72864334031371,104.64511176110565,111.40351813103656,103.66706071629456,102.89728107089155,101.0466765825694,115.54163117672347,110.73448269096683,0.6198000509734624,7,-0.009623837587565687,490.0,554.0,498.5625,0.9828256236680456,1.1111946847185659,0.7096537921011076,0.25,-3.3031021309180493,131,196,60.47637634969859
113,New Mexico St.,CUSA,11-8,106.66443054518214,173,102.13196184913683,99,0.6223073326524962,113,17.49948523189832,13.500514768101683,10.499485231898316,7.500514768101684,4-2,0.45473411274564424,0.41196641881151014,0.5473974496029346,0.500300334465163,0.41196641881151014,0.5640970513261345,0.8407550106086169,0.8321932348201744,107.06953061348536,104.64237436472861,107.10442651784899,104.51569985796698,109.25538939191678,93.58783621046838,116.93393363540437,109.67127898489365,0.6764266627180161,2,-0.04159837654651155,413.0,365.0,386.66249999999997,1.0681149581353249,0.9439756893932048,0.5724468521877343,0.6666666666666666,-3.8110620353474576,150,262,65.31442278402223
114,Duquesne,A10,9-10,107.42933346531947,154,102.87638950718053,108,0.6219912496988351,114,14.923107351333453,16.076892648666547,9.923107351333453,8.076892648666549,4-2,0.4925640121298632,0.4152696513733553,0.6600351271022967,0.5329957915030851,0.4152696513733553,0.618020226041223,0.8543368704737121,0.9150645261067515,105.92904958228823,105.19575634404157,106.45811887922194,104.31760928958728,112.33948301990438,101.34225923670753,0,0,0,0,-0.15818808255518685,433.0,417.0,396.775,1.091298594921555,1.0509734736311511,0.5970127755106862,0.6666666666666666,-6.8150549895726815,234,360,64.21145972926263
115,North Alabama,ASun,13-7,110.77999754179913,101,106.27496674079569,168,0.6171430431398683,115,21.58160215733424,9.418397842665755,13.581602157334245,4.4183978426657555,5-2,0.3823630018897256,0.37696498152237995,0.3923878968576532,0.3493143658745182,0.37696498152238017,0.32934447679550666,0.895818820250776,0.8571360117291232,106.32773648726727,108.89335647680451,104.2979544807943,109.52228192059661,114.64519175334848,104.76045683300082,113.36779035459352,102.38839770157162,0.763404300228707,1,-0.030593776428929798,556.0,484.0,464.025,1.198211303270298,1.043047249609396,0.28922593675595887,0.7142857142857143,-3.692266628264348,144,246,66.80084581317492
116,Temple,Amer,12-7,110.244948324718,111,105.89377708901088,161,0.6137456141726985,116,19.24639896342278,11.753601036577216,11.246398963422786,6.753601036577216,4-2,0.49224130373466746,0.44025101871869665,0.6048869212692709,0.4899164829633982,0.44025101871869676,0.5257859849179047,0.8599002236540124,0.8825871505068541,106.37449943725684,105.4558415968631,106.62888189852474,106.1699194214657,116.72973319566972,108.54983935836776,110.23700690500534,115.26139243118764,0.3745951139319163,2,0.03542265634217179,478.0,469.0,424.79999999999995,1.125235404896422,1.1040489642184559,0.4862355167422216,0.6666666666666666,-3.2132815232171783,130,108,69.54957069947802
117,Saint Louis,A10,12-7,109.3433585912322,126,105.07156973215308,146,0.6126083595252971,117,17.355583932094603,13.644416067905395,10.355583932094605,7.644416067905395,5-1,0.4823080735764975,0.433796966048854,0.5874154732197251,0.5494080145271488,0.433796966048854,0.6329048828725842,0.8275191785420539,0.8635284142468564,105.99989950325168,104.31463866359405,107.3994153711246,103.74615785974483,107.63689069614043,94.05130062877731,111.3632347844115,109.89409581760151,0.538106272413479,2,0.026450380464613787,423.0,377.0,406.35,1.0409745293466224,0.927771625446044,0.6556495876990134,0.8333333333333334,-3.0301735798795795,124,126,67.0707849256301
118,California,ACC,10-9,112.63951675755686,71,108.2948854826041,218,0.6111975274483179,118,14.870109464348264,16.129890535651736,7.870109464348267,12.129890535651734,3-5,0.5878764091344284,0.4755078006184544,0.7423832458438925,0.6255148713173708,0.4755078006184544,0.708018760201775,0.7238877175504035,0.7889334490502776,109.18337876279986,104.70153405394397,110.82615546528373,104.16985026858859,113.55869405463872,108.75954788149846,114.16058046304413,105.02550956339996,0.7229479979641961,6,0.029556219727334077,561.0,596.0,519.3499999999999,1.0801963993453356,1.1475883315683066,0.6851091031070302,0.375,-2.850755561355576,115,120,67.44835910001817
119,UNC Wilmington,CAA,15-5,111.50101097736044,92,107.21316900437819,191,0.6108692586576624,119,22.72620135697307,8.27379864302693,12.726201356973068,5.2737986430269315,5-2,0.37887396630486414,0.36523372593279174,0.40420584128157,0.378104324794008,0.36523372593279174,0.3873997573048865,0.9095169419521609,0.8920989944010285,105.00894478730902,107.74138829800388,105.05717360732616,108.79609350455485,110.067238297393,107.5105776423264,114.48918079937495,108.39444052445415,0.6522832201227757,1,0.037221972336377473,515.0,484.0,464.0375,1.1098240982679202,1.0430191525469386,0.37670497659245156,0.7142857142857143,-2.2965503394684568,97,104,65.53459394017993
120,Troy,SB,11-7,107.14392427143184,160,103.18291124958179,113,0.6066380921380784,120,19.30587877098553,10.69412122901447,11.877509500475398,6.122490499524601,4-3,0.43413526125122526,0.407425992605488,0.476106969123098,0.40812240829905216,0.42381778472923254,0.3976588240122652,0.855051322706501,0.7953998116256424,106.64387853204249,105.67649925599767,105.24229630555725,107.30341893947933,109.06519647381594,103.81639336934771,90.18499423512645,94.47537177540288,0.3694736502775073,3,-0.017731682836175988,495.0,455.0,450.5375,1.0986876786061093,1.009904835890464,0.3477372771235535,0.5714285714285714,-2.9934521638676213,122,213,65.57641383200912
121,DePaul,BE,10-10,109.04678643691582,129,105.11899696696638,147,0.6039297101012557,121,13.243348329084279,17.756651670915723,4.243348329084279,15.756651670915721,1-8,0.5508695452277103,0.3552817572480199,0.7899212860917764,0.6316059285413583,0.3552817572480199,0.7835842227526948,0.7190372568478481,0.8624837850266772,107.94655686276208,105.1550712388266,110.03821948104977,103.39136348875064,104.91448547861559,107.66586181350883,101.26877027699798,108.94261246890937,0.301535510715568,7,-0.028060798023261113,596.0,728.0,621.7625,0.9585653686093966,1.1708650811202026,0.7783993527479915,0.1111111111111111,-4.101116370534873,162,239,67.5774948401126
122,Oklahoma St.,B12,10-8,106.64537176943665,175,102.83007324731705,106,0.6032340619537013,122,12.718780606929204,18.281219393070792,4.718780606929203,15.2812193930708,2-5,0.5834297867120118,0.4274835211976452,0.8284882039488736,0.6968079672818698,0.4274835211976454,0.8449364126281932,0.6577391437113268,0.8939706067280849,109.776392671391,104.61915444920687,112.38082728026875,101.258460375135,105.72342057244802,101.10307034131549,99.96015756797739,101.12480705357223,0.4667457803106958,5,0.06073381221458857,468.0,528.0,482.6,0.9697472026523,1.0940737670949026,0.8537931403785959,0.2857142857142857,-2.414709933819693,100,68,70.26105698376558
123,Georgia Tech,ACC,9-11,105.22743134464221,196,101.66383352986324,92,0.5977749527564185,123,13.192285938411008,17.807714061588992,7.192285938411007,12.807714061588994,3-6,0.546600345179766,0.4044234786541058,0.7203720709333508,0.5985371094808238,0.4044234786541058,0.7052996064355186,0.7550023349214182,0.8584327422035699,108.22824082059813,105.73167601010888,109.83600362893308,105.02602762945915,103.9203167957225,100.29526098256383,106.8242294437101,107.21586429733372,0.4894806127696928,7,-0.07632623187587667,626.0,669.0,627.05,0.9983254923849774,1.0669005661430508,0.6929675900282016,0.3333333333333333,-5.168982994152413,195,311,69.74861378004881
124,Illinois St.,MVC,12-8,113.93257826068194,57,110.11946184506198,254,0.5966370526382587,124,18.036467703047315,12.963532296952687,10.036467703047313,9.963532296952687,4-5,0.46329420569461943,0.4596250160109607,0.4677787708635359,0.4848899992700174,0.4596250160109607,0.49878574006249876,0.8631570820730174,0.8622730735167153,107.30313888588091,107.91599206074447,107.39439756997172,107.37999623079658,114.07670667461132,112.37721755772054,118.7168273603479,116.8191114525129,0.546196691365321,1,-0.016790047569004707,679.0,663.0,590.15,1.150554943658392,1.1234431924087096,0.5241550784980139,0.4444444444444444,-4.291906204341256,166,210,64.59596158870566
125,Cal St. Northridge,BW,13-6,107.79717906920533,144,104.28746506387216,129,0.5940307438074911,125,20.159180748156817,10.840819251843175,12.159180748156826,7.840819251843175,5-3,0.3486558732522614,0.31744309472903287,0.39157344372170066,0.39658409638709985,0.3174430947290331,0.4401116472990365,0.8849634096777329,0.8834214899166967,102.72058643751356,107.5591840419088,103.64691452444812,106.97041271960735,111.6806688846922,102.6843573158582,108.97066654371785,111.82836697166205,0.42612104287352154,1,-0.009595510934298224,660.0,592.0,588.0625,1.1223296843447763,1.0066957168668296,0.4724704496839271,0.625,-3.3093937174517505,132,195,72.28892588112046
126,Illinois Chicago,MVC,14-6,110.84250744536575,99,107.25826226101466,194,0.5933939234273501,126,20.560216140111493,10.439783859888507,12.56021614011149,7.439783859888509,6-3,0.45361040138511044,0.38986088732138596,0.5315264741296626,0.46161741238548154,0.38986088732138596,0.5010835011707341,0.8716114002339788,0.8874890792223774,106.6949460260517,105.14476487933752,106.49128647934855,105.84210849996472,112.31648377180187,108.01454853081204,115.12433922886018,107.98738371788218,0.676116397904082,1,0.0881613287639551,686.0,670.0,614.2124999999999,1.116877302236604,1.0908276858579078,0.4761756142043383,0.6666666666666666,-2.5371320112906597,104,38,68.66302975563474
127,Cornell,Ivy,10-6,114.97807454289045,48,111.5193151989344,273,0.5869211400988181,127,17.144032015026905,9.855967984973091,9.144032015026909,4.855967984973093,2-1,0.36142920796141487,0.36041895031324306,0.3658069911034927,0.38482515457234034,0.3604189503132432,0.40748805852721637,0.9114778024088352,0.9181788131538985,104.99311852609398,108.49163064951328,105.03167360459585,108.4317120880246,121.69561070069716,114.34458627017433,0,0,0,0,-0.06516514952433194,262.0,242.0,210.92499999999998,1.242147682825649,1.1473272490221644,0.41885562237005014,0.6666666666666666,-4.067597122989273,161,299,70.97776017923465
128,Wofford,SC,11-9,111.90573953120756,86,108.70517547517682,228,0.5826596749387363,128,18.529161715813633,12.47083828418637,12.52916171581363,5.470838284186369,5-2,0.45500277870278516,0.5026469989132131,0.366520655454848,0.4276337228511438,0.5026469989132131,0.37345746791742734,0.870246012232328,0.8063918275123003,106.96718775230606,106.36177678100223,106.03859982811368,107.76484811072127,115.25064077536582,107.58358582127957,69.75675514373012,110.84872774868899,0.004838740952366195,1,-0.035590326950257545,534.0,477.0,453.0625,1.1786453303903988,1.0528348737756932,0.37787180312088675,0.7142857142857143,-4.829662792042935,185,254,63.64470801578065
129,Loyola Marymount,WCC,12-8,104.2074854557984,213,101.37405330133804,89,0.5785973661007633,129,17.24002588893931,12.759974111060691,9.240025888939309,8.75997411106069,4-4,0.5530240493196366,0.4618799683395305,0.6897401707897959,0.5445264731404281,0.4618799683395305,0.5996241430076932,0.8033407063615399,0.8853279470980623,109.06233867909489,105.1123116812245,108.92601804810883,105.47633791707439,102.71955455644436,99.62746561023431,103.98753197943621,112.92665258550451,0.2792114683993945,2,0.08104672804271995,527.0,573.0,538.3125,0.9789852548473238,1.0644374782305817,0.5275313207820111,0.5,-2.9171625985949716,116,45,66.7798522316505
130,Rhode Island,A10,14-5,105.82847440597136,190,103.01944677956948,110,0.5767317705282372,130,19.427038505863106,10.572961494136894,8.427038505863107,9.572961494136896,3-4,0.44946041820558835,0.34792202653591514,0.6235262324964567,0.4923762764900532,0.34792202653591525,0.5886791097928118,0.870854281348439,0.9357958714234893,105.15150415804456,106.66957964373843,105.69528863366638,105.5285398426349,100.47935231585947,104.56261160023882,0,0,0,0,0.10884106666694948,477.0,517.0,491.61249999999995,0.9702763863815506,1.0516412825141754,0.5665036680723106,0.42857142857142855,-2.1115416214965546,93,24,70.78941934132253
131,Louisiana Tech,CUSA,14-6,110.44115755910187,106,107.59148789314585,202,0.5745953754129244,131,19.682328704297205,11.317671295702793,8.682328704297207,9.317671295702793,3-4,0.4247226518618721,0.3396978956242777,0.582625770588833,0.4730124515470767,0.3396978956242777,0.5692951863802093,0.8719885342298157,0.9105643511070753,104.71002405604679,104.56685850858145,105.70381982613539,104.64858408707973,110.58186661167717,109.05420885005205,116.11262650864627,109.23462090749662,0.6686797276797901,1,0.07432292005345442,482.0,494.0,454.75,1.0599230346344146,1.08631115997801,0.5608120873383577,0.42857142857142855,-2.68155558089364,108,52,64.05112737654379
132,Northern Iowa,MVC,12-8,111.64518342325343,90,108.7944720668238,229,0.5738192974977824,132,17.22482350240642,13.775176497593582,11.224823502406421,8.775176497593579,6-3,0.44041001766221166,0.44727638094006894,0.43201779587816386,0.49182208769544117,0.44727638094006894,0.516322226410896,0.8656416583130495,0.8785747118846369,104.97922528532574,107.0413983116375,106.78300761317587,106.76525164999573,110.25620191881788,109.22471213257096,0,0,0,0,-0.0253220099296384,664.0,625.0,587.7,1.1298281436106856,1.0634677556576484,0.5852985786649495,0.6666666666666666,-4.769292624705923,183,233,64.79532473376926
133,Texas A&M Corpus Chris,Slnd,13-7,109.99399396689097,117,107.46282372955562,199,0.5665353478621997,133,20.545675189973878,11.45432481002613,13.54567518997387,6.454324810026125,6-2,0.35864472911496625,0.382812363702109,0.32239327723425215,0.37993770080260336,0.3828123637021087,0.37821290306290023,0.8564477588791586,0.773066444753282,105.56260444349509,105.7243360219853,104.71937924686033,106.24664687885733,107.10623872418233,103.90334003905204,112.76591094843822,111.917281454962,0.5217042329798802,3,-0.018970417171398357,598.0,544.0,548.0875,1.0910666636257897,0.9925422491846649,0.41542598694866567,0.75,-3.143576416488405,128,214,69.2147974198195
134,Florida Atlantic,Amer,10-9,110.41226856514338,108,107.95435433340384,208,0.5643650759406397,134,16.01767647172117,14.98232352827883,9.017676471721172,8.982323528278828,3-3,0.5426828870696717,0.5403748011205621,0.547683739959409,0.545888156664794,0.5403748011205621,0.54987002455785,0.8218914483105629,0.8096034889391885,107.99350356011053,104.36425726017355,108.1141312821957,104.91519380717924,104.97205094274132,108.89935163178018,107.54672931683126,100.47097450943251,0.6862510866515936,1,0.01849873424058812,431.0,464.0,415.9875,1.0360888247843985,1.1154181315544336,0.5509631668570704,0.5,-4.496080683315385,176,144,70.34820511354751
135,Tulane,Amer,10-9,106.964435570635,164,104.64572028806833,136,0.5626766462377649,135,16.688392438859616,14.311607561140386,10.688392438859614,7.311607561140385,4-2,0.3849638574096223,0.33422955643933805,0.49488817617857145,0.426035446187485,0.33422955643933805,0.49233969989448007,0.8828121531941503,0.9046778697421314,104.57536020607462,107.81707828197015,105.34303016761272,107.29478256821028,110.74725537629621,100.79614050365961,108.6608488012219,116.69340664237578,0.30572914609598684,1,-0.13572181291109742,474.0,427.0,416.65000000000003,1.1376455058202326,1.0248409936397456,0.4910654617524344,0.6666666666666666,-6.15126684759418,224,357,67.06337305008937
136,Utah Valley,WAC,14-6,103.39415598134309,225,101.21067115944533,83,0.5610584455956262,136,20.305444830790012,9.694555169209988,12.305444830790012,3.6945551692099894,6-0,0.43840728267459134,0.4430328230135973,0.4276143552169109,0.4263535173099283,0.4430328230135973,0.41175912481921806,0.8846514147614393,0.8627785170515277,107.81264551897004,108.44382966252363,105.61594944807294,107.33821543679502,105.85081262267721,100.63879648785115,0,0,0,0,0.10953192067107187,466.0,418.0,429.66249999999997,1.0845721932912462,0.9728566025659675,0.4022459865806024,1.0,-2.4692113513080383,103,23,68.40824079957574
137,George Washington,A10,13-6,104.96721035930068,202,102.85028031620865,107,0.5583078314685463,137,18.78977754393748,12.210222456062517,7.789777543937478,10.210222456062517,2-4,0.363068742454479,0.244434998662848,0.6201085206696794,0.44600410503496535,0.244434998662848,0.5915817929703834,0.8807439537587027,0.9540812013630744,103.10405174603363,108.76773047806195,104.5069886723033,106.59834723033725,103.06011509547034,96.93582249079772,107.19884604375422,92.95626463909302,0.8374530478505522,1,0.009688119808150208,421.0,422.0,429.37499999999994,0.9804949053857352,0.9828238719068415,0.5773184291207355,0.3333333333333333,-3.441335821938282,136,160,68.40490816909873
138,Kent St.,MAC,12-6,99.65902549249384,298,97.6756767551453,44,0.5575373682877374,138,20.194201497171548,10.805798502828447,10.710727370287215,7.289272629712787,3-3,0.3570260898863074,0.39529517069044945,0.2804879282780233,0.38271797878416774,0.4144888851071441,0.3597723242175736,0.8749301842777136,0.8063295579730104,106.05340040249098,108.53043169140724,106.00731521027708,108.94627459861086,99.70302321735822,100.95720404501357,92.30614229353228,90.88082608270432,0.5446206968814281,2,-0.0058774807031766185,430.0,402.0,409.24999999999994,1.0507025045815517,0.9822846670739158,0.3994145221873487,0.5,-2.7826012243817146,112,192,64.83845978134875
139,Western Kentucky,CUSA,11-8,101.76548789675417,259,99.81991713923287,69,0.5552701865746141,139,16.972465743245518,14.027534256754484,7.972465743245516,10.027534256754484,2-4,0.49191920716446913,0.44947190305129703,0.5838883660763422,0.5202674096824562,0.44947190305129703,0.5713974978049602,0.8327670463491398,0.8184440647804181,107.018384433001,103.60170800550753,107.30123832577986,104.26276472053232,96.67390876200528,99.99441216929813,92.75880135856072,101.24764163979947,0.2675637474514016,2,0.023427870305472775,413.0,445.0,440.57499999999993,0.9374113374567328,1.0100436929013223,0.5651520636692692,0.3333333333333333,-3.4959339922801647,138,131,73.17948036348481
140,Northern Colorado,BSky,14-6,112.04693936388723,83,109.94727351432616,248,0.5541727970108327,140,21.607942891632742,9.392057108367254,13.607942891632744,4.392057108367257,6-1,0.40146049130442385,0.4335226301469737,0.3419165191682601,0.3809612587205217,0.4335226301469738,0.3430002682458617,0.8872692555238061,0.8211785447322961,107.32708087146176,108.11328995161313,105.84929617385109,108.80180412870911,113.63332491939293,110.48865518138811,103.09069196946696,105.37006738156404,0.4374545178587578,1,0.0779668289779406,562.0,513.0,479.125,1.1729715627445865,1.0707018001565354,0.34368992674979004,0.8571428571428571,-2.2544754941681413,96,48,69.0404995855271
141,Elon,CAA,14-6,107.67107822839532,150,105.75053737811464,158,0.5515606217450296,141,21.260612263870595,9.739387736129407,12.260612263870593,5.739387736129405,5-2,0.3763579983142613,0.39185768598139875,0.34757286407529175,0.3798399156236255,0.39185768598139875,0.3711604148096783,0.9049194441552931,0.8800017223172093,105.38776198752971,108.60811300769542,104.7219821165948,108.5688286109245,107.74506596867721,108.1744832832337,114.43609489081851,110.6892245033336,0.594556822840198,1,0.05122526692057372,516.0,479.0,456.5,1.1303395399780942,1.049288061336254,0.38617067436792424,0.7142857142857143,-3.0844617724764993,125,78,64.72286506613494
142,Virginia Tech,ACC,8-11,108.75340301092243,132,106.81939060091284,178,0.5514052628746182,142,11.953485292216,19.046514707784,6.9534852922159995,13.046514707784,3-5,0.579073940497937,0.49197817939117255,0.6988306120197385,0.6295836031484544,0.49197817939117255,0.7052665862149597,0.7567297546125799,0.8262834078552214,109.1988193508237,104.82839038454408,110.51088949250631,104.06374343351551,111.60218192357287,105.91436332109177,130.0197636048848,112.2811059905201,0.8438068119127579,2,-0.05335541754920403,546.0,594.0,519.1374999999999,1.051744480026968,1.144205533216152,0.7095572356784404,0.375,-5.484977015954838,203,282,64.54665701705979
143,Florida Gulf Coast,ASun,11-9,106.94071044868392,166,105.17754479523038,148,0.5476510951822164,143,18.548553312089627,12.45144668791037,13.548553312089632,4.451446687910369,6-1,0.43860603805089643,0.5314300780446357,0.26621853520538086,0.4011446468614393,0.5314300780446358,0.3070496132291308,0.885198589478078,0.8195238558382499,105.39729117767651,107.47870823031542,104.95551355150835,109.23373139667866,107.34282558775173,103.50455149054652,95.61782352469571,97.47611719032095,0.44488640683416775,1,-0.041671992303947025,533.0,469.0,467.5625,1.139954551530544,1.0030744552867263,0.3330330265169717,0.8571428571428571,-5.279898556308983,198,264,64.99813748166798
144,Milwaukee,Horz,14-7,106.46143247079974,179,104.71089493054934,138,0.547522505155085,144,20.653394935730837,10.346605064269163,13.653394935730837,6.346605064269164,7-3,0.4014828779518557,0.45668881487564134,0.34075634733569166,0.3902158831595804,0.45668881487564134,0.3536557707157469,0.9070272458400883,0.8681368551886636,106.29995724795744,108.85733576541904,105.23039162023454,108.85101859631939,104.45613390348713,104.88932176047872,0,0,0,0,0.04125416863439357,764.0,697.0,691.7125000000001,1.1045051231544896,1.007644071778376,0.3665551940958021,0.7,-3.8355503012713656,151,97,68.91345243447425
145,Charleston,CAA,15-5,106.47023289097439,178,104.74323528823976,139,0.5468781279304572,145,21.85702892049029,9.142971079509714,11.857028920490286,6.14297107950971,5-2,0.4334331743351859,0.4540677031026812,0.39511190662412293,0.4205886578888979,0.45406770310268096,0.396409347456721,0.8988641557201504,0.8794779352190369,104.62639502757848,106.41776958401184,104.90516409488058,107.84935550701958,108.33872661058315,107.58723442181807,0,0,0,0,0.135251139644617,548.0,512.0,499.0875,1.0980038570390964,1.0258722167956522,0.3972349916229198,0.7142857142857143,-1.9755948845130087,90,13,72.16549784219615
146,San Jose St.,MWC,9-11,110.1975078931786,115,108.53893302397799,225,0.5434901864292945,146,14.121660769652571,17.878339230347432,7.121660769652566,12.878339230347432,2-6,0.504994958620578,0.3524234258517898,0.7338522577737604,0.5448256428341669,0.3524234258517898,0.6602669730235933,0.8063755986570028,0.902513988740142,108.31500041504358,105.64619347474803,108.13879183392145,104.42625371048402,111.77458004233448,108.61492453555263,122.37215130351296,111.71780327802249,0.7403029156440539,2,-0.07977771282704677,553.0,599.0,523.8,1.0557464681176023,1.1435662466590302,0.6112101165234817,0.25,-6.369858453764447,229,315,65.23202803452698
147,Purdue Fort Wayne,Horz,14-7,114.00001162142979,56,112.31376460479353,284,0.5427390628560005,147,20.381183715868197,10.6188162841318,13.3811837158682,6.6188162841318015,7-3,0.35634285347772066,0.3902017043284127,0.3190981175419593,0.3669256577284885,0.39020170432841284,0.35412383209853,0.891987129551676,0.8261377541266506,104.01943122763521,107.9901819358375,103.89836895033706,108.17710467381865,112.11577087751749,111.1664782865071,113.4639742358111,118.44502456527732,0.378932711912325,2,0.004518499765927775,839.0,778.0,728.8249999999999,1.151167975851542,1.0674716152711556,0.3891495466551006,0.7,-3.6700947497479737,142,168,68.39925223210103
148,Murray St.,MVC,11-9,105.87775683289459,188,104.3695009217507,131,0.5411562943801997,148,17.140722806169954,13.859277193830046,11.140722806169952,8.859277193830046,5-4,0.49359061386861497,0.46463716889971834,0.5289781577194886,0.4903394058714229,0.46463716889971834,0.5044756362058604,0.8561717097976176,0.8400677004221201,106.86003999145683,106.08388443821012,107.00782353215894,106.66639737385248,104.8563776170718,103.33643367507382,93.90261247886582,100.8095185658369,0.3065692742798494,2,0.018477033326548598,628.0,628.0,598.9124999999999,1.0485671947070734,1.0485671947070734,0.4844281186038007,0.5555555555555556,-4.642063999428212,179,145,64.6731838440898
149,Bryant,AE,11-9,107.56514201838979,151,106.17085986948447,166,0.5374397830081766,149,19.48670464838894,11.513295351611061,13.486704648388939,2.5132953516110614,5-0,0.3727653626837785,0.41153363955456623,0.25646053207141545,0.3222618695774094,0.41153363955456623,0.23856958522382485,0.9074221463415301,0.8523678278393353,104.13930541877396,107.31957185015457,102.40516335766783,109.18020939165051,113.40387120456774,100.19499934157781,120.35979649197083,114.17863798393309,0.6470952703326237,1,-0.08538243175308358,423.0,325.0,354.9375,1.19175911251981,0.9156541644655749,0.23043733665673827,1.0,-5.755142282104573,212,321,72.87825404745331
150,Jacksonville St.,CUSA,12-7,110.75177359486514,102,109.33458756001124,241,0.5369585348410811,150,17.77423994356542,13.225760056434577,9.774239943565423,8.225760056434575,4-2,0.435031140962583,0.3641789520671026,0.5885442169027902,0.4856554340568666,0.36417895206710266,0.5733884488272516,0.8585386894347032,0.88115615167212,107.36940353940864,106.35980976510582,106.7149426612234,104.98883154892394,104.82969039828679,105.56379619928897,133.82327723783908,113.27317267312478,0.8718319126220155,1,0.05543971618128529,414.0,420.0,397.63750000000005,1.0411492879821445,1.0562384080978278,0.5658105647894822,0.6666666666666666,-3.42063193834648,135,73,64.71553635415324
151,UNC Greensboro,SC,12-8,107.10958142174438,161,105.76154100476919,159,0.5363490422204388,151,19.32024043391478,11.67975956608522,12.32024043391478,5.6797595660852185,5-2,0.4096246426484337,0.4162436540184966,0.3973321929611738,0.394324916586188,0.4162436540184966,0.37849471732952084,0.8937819461466817,0.8658353298397281,107.7752942632703,108.85694885403262,106.41421432735034,109.54376008488711,113.0193287931914,108.764497809864,97.62715563462639,96.90678597785015,0.5212797946815139,1,-0.0026613558471727528,530.0,475.0,450.025,1.177712349313927,1.0554969168379535,0.36650723283665076,0.7142857142857143,-4.485720595130247,175,185,63.57971626506422
152,James Madison,SB,11-9,107.99612038703137,139,106.68884989758277,173,0.5349564997811264,152,18.890382102381892,12.109617897618106,11.417707683607118,6.582292316392882,4-4,0.4974897893146372,0.48812072516621013,0.511543385537278,0.4252872071112092,0.48808180621606734,0.3799355522021452,0.8937843741280609,0.8678911760583025,105.85933738145346,103.85281698266019,104.60642909858036,106.74851356324062,101.79740017920783,107.02700062653362,0,0,0,0,0.015566382175093985,534.0,559.0,535.4125,0.997361847173908,1.0440548175472182,0.27464928553403894,0.5,-5.1375020710568124,193,152,66.13453863701861
153,Syracuse,ACC,9-10,108.03858671409361,138,106.76480008517419,176,0.5340452063264222,153,12.858655524626643,18.141344475373355,6.858655524626647,13.141344475373355,3-5,0.6217858253322828,0.5508465859010102,0.7193272795502827,0.6532883122788092,0.5508465859010102,0.7096312617865987,0.7184269178441193,0.7351113105689144,109.95082032656666,103.02140559601052,111.2909698741461,103.10061380240207,104.98723626130784,104.06138448715116,110.33994183098854,109.77334113370983,0.5147969710422874,7,0.05233645907044404,560.0,606.0,555.0250000000001,1.008963560199991,1.0918427097878471,0.7031672499441424,0.375,-3.4971455195930643,139,75,69.48433071507817
154,Miami OH,MAC,14-4,109.60806252790435,122,108.43560349961218,223,0.5308797055099369,154,22.56141104289676,8.438588957103237,13.989780313406891,4.010219686593108,6-0,0.33384646125837747,0.3647251284244495,0.2720891269262334,0.34745504150170037,0.3777075125884306,0.32560603460572834,0.8989501926741772,0.8568051813464588,102.67110427748312,107.96297023269442,103.10989936160504,108.78378010917002,113.83669285833035,109.48705179332325,109.498375653132,106.35176129065417,0.5830514353577585,1,0.09846613685545302,502.0,428.0,422.2125,1.1889747461290228,1.0137075524765373,0.3523644884454759,1.0,-1.215020446949221,81,32,68.40864211266006
155,Seattle,WAC,8-11,105.98700725332708,185,105.00979051006075,145,0.5266057548346145,155,14.249336795439786,15.750663204560214,9.249336795439786,6.75066320456021,3-2,0.46421366577634826,0.5063318023389464,0.34628288340107305,0.4581405013792699,0.5063318023389463,0.41597311303955303,0.857271500999819,0.8062882743058403,106.80397749270416,104.8929084191811,105.03714999831696,104.64136698506606,100.07068861041155,99.14384307746838,88.51916164630649,85.68947642666097,0.5923343132363567,1,-0.12800047510633394,338.0,304.0,324.7625,1.0407605557907702,0.9360686655632963,0.4476504901479532,0.6,-6.973511814242161,243,350,65.71445217544724
156,Loyola Chicago,A10,12-7,107.31403114943103,157,106.539893944422,170,0.5208026986880822,156,16.647681995504634,14.352318004495368,7.64768199550463,10.352318004495372,3-3,0.42009498359196534,0.32621347938835993,0.6235049093664435,0.5035733019338434,0.32621347938835993,0.6316665071055814,0.8561615013985614,0.9289317139159947,104.05601845514812,107.09730604733174,106.07047461732118,105.70100992485895,110.86054921988357,112.44161309722229,0,0,0,0,0.02663602434939849,433.0,471.0,409.2,1.0581622678396871,1.151026392961877,0.6357473059751505,0.5,-3.8463095924375645,153,125,67.01432511315643
157,UC Riverside,BW,12-8,106.44607489981036,180,105.7732518266389,160,0.5182218666557324,157,19.417492637265497,12.582507362734507,12.417492637265493,7.582507362734509,5-3,0.5303958581785095,0.5309393824909284,0.5295805717098812,0.4788102003929674,0.5309393824909284,0.44753269113419075,0.834901673030716,0.7558889651304913,108.66747286603477,104.45095598117511,106.76825091075948,105.93950058061893,107.57007117098883,104.50098234928349,109.07268240777192,112.312382215221,0.4166353911552644,3,0.12653469531988026,584.0,583.0,561.65,1.0397934656814742,1.038012997418321,0.39283410408373043,0.625,-2.5490326260439318,105,16,67.59723030154161
158,Belmont,MVC,14-6,111.91567942766925,85,111.20877071256453,269,0.5182093044131088,158,20.01340005497424,10.986599945025766,12.013400054974234,7.986599945025765,6-3,0.46977867762167025,0.4372308848318923,0.509559313253621,0.4660953187987359,0.43723088483189204,0.4819707574805,0.8807476341098603,0.8964753753182966,106.0243578086712,106.27140008440558,106.00163872836526,106.71768632670873,109.42742477912232,110.59768843359751,0,0,0,0,0.14493028986573742,714.0,725.0,649.025,1.1001117060205694,1.1170602056931551,0.45939830275703736,0.6666666666666666,-2.595052107582867,107,11,71.23357630922482
159,Ohio,MAC,10-8,108.43647050415032,134,107.87832110741925,207,0.5148322013463241,159,17.870842730651013,13.12915726934899,11.38384992932775,6.61615007067225,4-2,0.38776809330549883,0.4233303000402607,0.316643679835975,0.40074025900777666,0.4370114039091015,0.3745444321345974,0.9009820767686224,0.8765198009376982,104.8259266606841,108.89614036128414,104.73751216651618,108.57810996230984,107.37078540901233,109.50356344161318,106.50695954418069,112.6393483206612,0.3443928086338826,1,-0.05577585805866936,506.0,461.0,444.09999999999997,1.1393830218419276,1.0380544922314794,0.40349480828390866,0.6666666666666666,-5.198274295120561,196,283,70.48457786265374
160,East Tennessee St.,SC,12-8,107.76624914538792,148,107.22486983661014,192,0.51447533150255,160,18.690870287213933,12.309129712786062,11.690870287213938,6.309129712786062,5-2,0.3515829189251919,0.3551796443986579,0.3449032859030407,0.37009780574244927,0.35517964439865807,0.380872033379632,0.912687979813856,0.9123276369774226,103.60879681162524,108.99019357363011,104.32281436605145,109.31280141445927,107.97643548702537,104.96582851545814,0,0,0,0,-0.046983624674436064,522.0,461.0,461.06249999999994,1.1321675477836521,0.9998644435407349,0.4037612363192809,0.7142857142857143,-5.4326819662885,200,271,65.6583122480314
161,Chattanooga,SC,12-8,113.10021026388343,63,112.56571679662136,291,0.5136156282129138,161,18.809721991244405,12.190278008755596,10.809721991244404,7.190278008755597,4-3,0.3952369202068067,0.40048624681902023,0.3854881707841245,0.3891515947040662,0.40048624681902023,0.38096545706548857,0.8824544949491732,0.8402859026480664,104.18745491576374,106.55909170798438,103.83435963402074,107.62232491618857,115.87306078849697,113.47076805305065,111.25673548140628,110.29847893390858,0.5248492010497897,2,-0.016469101686258814,568.0,536.0,478.15,1.1879117431768274,1.1209871379274288,0.3780873665172656,0.5714285714285714,-4.567644482797256,178,209,66.31534893092993
162,Quinnipiac,MAAC,11-8,103.02523407106757,228,102.74500909600827,104,0.5078299119281826,162,20.19728421944046,10.80271578055954,16.197284219440462,3.802715780559538,7-1,0.37656120698167045,0.43612937711909916,0.294654973042706,0.32040405455779675,0.43612937711909916,0.25675512714908033,0.9149117479225268,0.8420634663659938,102.3704041066216,106.12122224070079,101.54903912083213,108.69378659294992,104.32121714056592,98.17904368068409,116.20286601286112,106.71942937001512,0.7269185125290824,1,-0.028929386015282277,583.0,503.0,554.6125000000001,1.0511843854943765,0.9069395298519235,0.23148856321999656,0.875,-5.0520120011026215,191,241,70.28578259858311
163,Oakland,Horz,9-12,106.87728531930932,168,106.74878738599685,174,0.5034586200631891,163,15.627086521539649,15.372913478460351,12.627086521539649,7.372913478460352,6-4,0.5217227409540081,0.6451072094329577,0.38599982562716334,0.45985484083373684,0.6451072094329577,0.3579660381041654,0.8273485777524043,0.6469452492244578,108.82402402964344,105.33380112898139,106.76406756051082,106.99923446341883,107.50750403086654,107.40699895877522,97.37121857324784,106.45758586725276,0.2638634718140346,5,-0.04190287142374588,670.0,659.0,616.6374999999999,1.08653787679147,1.0686991952322071,0.3299322505811674,0.6,-6.181834704627337,225,265,61.63573416550878
164,Wichita St.,Amer,11-8,105.44431229921167,192,105.51732198843679,154,0.49801004806068305,164,16.506637932359123,14.493362067640877,6.506637932359119,11.49336206764088,1-5,0.4831927251017634,0.47257938234917035,0.5061883010657149,0.5043465492517732,0.47257938234917035,0.5272895031258753,0.8479884089629702,0.8555918772917431,107.13892178331622,106.21763252120408,107.3374061041278,106.06826934999361,101.25449236032092,109.51116116473749,97.69528866441111,100.91062352953944,0.4079632648726434,2,0.04718404077483751,425.0,465.0,417.45000000000005,1.0180859983231523,1.113905856988861,0.5378401041559554,0.16666666666666666,-4.1328611896161025,163,85,69.82590855018655
165,Wyoming,MWC,10-9,104.05726529600793,215,104.25539457606598,128,0.4945313056095129,165,14.529644322410626,16.470355677589374,7.529644322410625,12.470355677589374,3-5,0.5424001111193975,0.4090272862338002,0.7257877453370938,0.5742069370876787,0.4090272862338002,0.6650557450573119,0.7799838982379498,0.8405364901811327,109.51814094767288,105.71946951003903,109.09563491334285,104.54093603125696,103.2870353555769,104.12581048210522,95.41522662139491,109.76483822601337,0.16642571132705994,4,0.06777493312594307,495.0,562.0,505.2875,0.9796403037874477,1.11223808227989,0.6245677448707908,0.375,-3.800772111543025,149,59,64.35584614851557
166,Norfolk St.,MEAC,13-8,107.76850973544492,147,108.03588446096956,212,0.49287641275029637,166,20.764682546864297,10.235317453135707,10.764682546864293,3.2353174531357047,3-1,0.3736904662878495,0.4316480311370466,0.12737081567876182,0.3216903627113391,0.4316480311370464,0.18817033676583736,0.8844478467047829,0.8145340081999072,105.09047942223813,107.60978057519256,103.81697554702946,110.25143830430298,103.26520874504956,106.9275597272266,108.21025649032723,106.74170133620692,0.5392040639093815,2,0.016947410609362112,320.0,270.0,280.72499999999997,1.1399056015673703,0.9617953513224687,0.21249014520066756,0.75,-3.870637680126819,155,148,65.97753117617451
167,Princeton,Ivy,14-4,106.91806044392857,167,107.30136681548655,195,0.4897128706054394,167,20.07491972907855,8.925080270921454,9.074919729078548,4.925080270921453,3-0,0.41109246884470596,0.42406283549220886,0.3462406356071918,0.4226215004575559,0.42406283549220863,0.42107721292042805,0.8943557869947386,0.8898573577164205,105.69750684605324,107.21103076760399,106.21186364891754,108.08345195593311,103.73728470307515,108.15918866246182,0,0,0,0,0.20213435572282257,220.0,211.0,202.9,1.0842779694430753,1.039921143420404,0.44148718855131064,1.0,-1.306739810678335,82,2,67.39642245795447
168,South Florida,Amer,10-9,107.02720347751563,162,107.47305191243098,200,0.48805062473888844,168,14.611528961762227,16.388471038237775,7.611528961762225,10.388471038237773,3-3,0.4112156201024748,0.3872017961673328,0.4632455719619491,0.4877749552815576,0.3872017961673328,0.560411125752942,0.8439568764170217,0.8486826138496796,105.61119786611135,108.68261544709313,107.30479570811855,107.26642953906419,107.46908183446699,105.44118697638633,143.58652051169764,132.3157645338445,0.7191169211704583,2,-0.05284518978345065,443.0,431.0,408.61249999999995,1.0841567499770566,1.0547890727767752,0.6089939026484386,0.5,-5.514710071092297,205,280,67.95885073845673
169,UC Santa Barbara,BW,12-7,105.86545558120737,189,106.48324816025958,169,0.483277541148766,169,18.69883838786004,12.301161612139955,10.698838387860045,9.301161612139955,4-4,0.37078821801745354,0.28511849447951026,0.4885840878821254,0.3921067272500067,0.28511849447951043,0.45095025527377974,0.8999685213554165,0.9345493771296933,103.45293307660806,108.27676070438544,103.64188670519427,107.89778906341962,106.81149928170137,109.03605003157767,0,0,0,0,0.017509549718433104,542.0,558.0,515.975,1.0504384902369301,1.0814477445612674,0.42586103353488264,0.5,-4.4004915557008015,171,147,63.998076689269865
170,Hofstra,CAA,11-9,97.5652615489562,323,98.18891483960583,50,0.4816892036358763,170,18.01190411137293,12.988095888627072,10.011904111372926,7.988095888627073,3-4,0.46374276898427225,0.46728891625681956,0.4571570669066844,0.416984916734152,0.4672889162568194,0.3806542504122256,0.8775754319364854,0.816973016454015,106.79554066608407,104.86561330899102,105.54707668864015,107.24555711045753,95.88721735882133,95.7722192594687,95.63217706558252,106.01544559438499,0.23408844063064907,2,0.03113853592420812,446.0,434.0,451.8125,0.9871351500899156,0.9605754599529672,0.3319706399157517,0.42857142857142855,-5.023897305472986,190,118,63.82666455217931
171,Marshall,SB,12-9,105.22080486439576,197,105.96425993286138,163,0.47976869099180736,171,17.819559617233907,13.18044038276609,10.819559617233908,7.180440382766092,5-3,0.3782719689518029,0.3793616163355547,0.3765012919532061,0.384917903776705,0.3793616163355548,0.38893077803975795,0.8932455142890469,0.8675675244430725,105.82743232492535,109.23588171906579,104.59020762749319,108.46532735004352,108.99465128190887,107.50314771762976,80.21894333690801,99.0011631562172,0.08171449280172233,1,-0.037179365451737834,594.0,554.0,527.975,1.1250532695676878,1.0492921066338368,0.39887436690899947,0.625,-5.871530038429458,215,258,68.2698428356658
172,Nebraska Omaha,Sum,12-9,108.09617503229447,137,108.92873087934609,234,0.4779559114289437,172,17.696792661182815,13.303207338817186,11.696792661182812,4.3032073388171845,6-0,0.42559272975540596,0.40568644572993456,0.4753584398190845,0.4191573275061669,0.40568644572993445,0.43178627917138496,0.8684146613043452,0.8482343484517406,107.11457064213783,107.65783281722433,107.79180197541453,109.69213011414396,118.59377882490416,104.9863852307526,92.63191751400093,97.53115607734843,0.3560182725515815,1,0.020261732171257152,513.0,443.0,414.16249999999997,1.238644251954245,1.069628467087194,0.4056429827827653,1.0,-4.963080794905603,188,139,67.42519761793517
173,Jacksonville,ASun,12-7,100.50828842470884,282,101.29422743124215,86,0.47762092923308,173,18.979067509745796,11.020932490254202,12.979067509745796,5.020932490254203,6-1,0.4190097312886429,0.4835319270714939,0.3084002528037556,0.3887915209776137,0.4835319270714939,0.3256312502483603,0.872242414621488,0.7851869193610276,106.50654407594743,107.29191590810025,106.19904552934284,109.88822370021015,102.01263271619347,99.28696594570731,100.75622256046717,116.51008465655497,0.15833759983622003,2,0.06938187265268514,504.0,432.0,462.86250000000007,1.0888762861540953,0.9333225309892246,0.3365964304403814,0.8571428571428571,-3.1572759454586174,129,57,67.64533424976683
174,East Carolina,Amer,11-9,106.13365376142704,182,107.04074717156706,187,0.4755521335333637,174,16.681958537933028,14.31804146206697,8.681958537933028,9.31804146206697,3-4,0.44815652031422903,0.3692822432891529,0.5946373205036563,0.45491047688876196,0.3692822432891529,0.5167530900440352,0.8840155841886255,0.9137566541499346,106.29986454510731,106.62566870383654,106.75552171290263,107.46880612459941,106.20287202121952,106.5227390886483,99.70617143211165,94.63851913693959,0.6456276007850548,1,-0.0002958676521589432,515.0,523.0,490.33750000000003,1.0502969893185816,1.06661228235654,0.46719039793336703,0.42857142857142855,-5.573294610664243,208,181,66.06449431180324
175,Merrimack,MAAC,10-9,100.05718738110468,291,100.98658147690054,80,0.4734434686706724,175,18.940246426207885,12.059753573792115,15.940246426207885,4.059753573792114,7-1,0.45659601953024387,0.5926434610999797,0.2695307873718575,0.3711389179344576,0.5926434610999797,0.24931141919342031,0.8797084497578299,0.740907509058345,106.12122835459427,107.76486089718384,103.8691641617534,109.43801388555784,98.34028746012967,96.73598879164142,95.94529033273743,96.88074396913501,0.4721338102763352,2,0.018979114350022752,530.0,471.0,508.725,1.0418202368666765,0.925844021819254,0.2358318404077956,0.875,-4.652243416535027,181,141,64.32760294265661
176,Kennesaw St.,CUSA,12-7,103.55081840996286,221,104.55000739522616,135,0.4724193847633214,176,16.718541868292732,14.281458131707273,8.718541868292727,9.281458131707272,4-2,0.44904683521088,0.39423063468659236,0.56781526968017,0.5023302627443085,0.39423063468659214,0.5804022163415481,0.8571084539531986,0.881661549425546,106.75361987273088,105.31874700170228,106.78390149083673,104.46449339537737,103.69560928677338,101.17215607783616,105.27155496314742,110.31977782503239,0.3684994351183735,1,0.10078229581343334,453.0,441.0,435.3625,1.0405122168308019,1.0129489792988602,0.5866956896722372,0.6666666666666666,-3.499632496843187,140,30,71.0089020125061
177,Northeastern,CAA,11-9,104.81949902241094,205,105.95695398096686,162,0.469009604563079,177,17.724265028763927,13.275734971236075,9.724265028763924,8.275734971236075,3-4,0.4117460265179928,0.4043056550785208,0.425563859191298,0.3932411631529054,0.4043056550785208,0.3852501412066277,0.9069828400061013,0.8969415634964307,103.22379178778522,106.66561188916903,102.96663307280143,107.4166769435716,105.54997708470789,107.68871160343478,116.01875790090929,118.24708208910181,0.445521784900965,1,-0.004181067950583595,487.0,506.0,465.07500000000005,1.0471429339353866,1.0879965596946728,0.35959595703456476,0.42857142857142855,-6.038822700460321,220,187,67.97418898718416
178,Sam Houston St.,CUSA,8-12,111.82787567882086,87,113.14762169179113,299,0.4663201751217119,178,12.558278533576008,18.44172146642399,5.558278533576005,12.441721466423992,1-6,0.516362605076603,0.4713017449563145,0.6000470595857105,0.5350353325822411,0.4713017449563145,0.5810651458676326,0.8210767412295075,0.7960736950865702,107.57017136030974,102.59942216938893,107.05818239275077,102.93594814548183,108.78119102543451,109.35024829354299,111.8985811966079,126.47172952473132,0.19656589564609225,2,-0.04534776007392405,498.0,528.0,480.5375,1.0363395156465416,1.0987696069505501,0.5689857462288559,0.14285714285714285,-6.815983044795607,235,269,68.2967400040409
179,Montana St.,BSky,8-12,104.92212529583742,203,106.25195440012371,167,0.4638531469137263,179,14.95792182675562,16.042078173244377,9.95792182675562,8.042078173244379,3-4,0.47003082452993566,0.5205652268597849,0.37618122020307265,0.42316287892142007,0.520565226859785,0.352816738743712,0.8665090595346047,0.7772360884963322,106.95692697398782,106.32996290244151,105.44799782633568,107.62551320235507,99.89033477889268,104.43456596973606,101.8025845670181,106.36380381509926,0.3765909911877081,4,-0.09190532278940777,488.0,478.0,465.73749999999995,1.0478005314152286,1.0263292090501626,0.33794843236048244,0.42857142857142855,-7.517508276188849,264,328,66.37520445206661
180,Cleveland St.,Horz,15-6,103.41728661196869,223,104.75132311096995,140,0.46321752248151854,180,20.748148301192888,10.251851698807116,14.748148301192884,5.2518516988071156,9-1,0.341617639040273,0.35029579330693705,0.3320716693469426,0.35778363676320646,0.35029579330693694,0.36190195066415487,0.8993475553872081,0.85256125378325,104.17872012359658,108.41301504976497,104.28612328607507,108.68650451007949,110.3240585097492,104.89323640296796,87.4075136976475,110.3939540300055,0.06386714250314177,1,0.08193279894590821,761.0,651.0,653.8500000000001,1.1638755066146667,0.9956412021105756,0.391732231981367,0.9,-2.9326402975418295,117,44,66.23642158270418
181,Cal Baptist,WAC,9-10,107.83921888685909,143,109.24490974601255,236,0.4628350182412697,181,15.180326434865059,14.819673565134941,8.180326434865059,7.81967356513494,2-3,0.47926574596686816,0.4876567353681597,0.4557709756432521,0.4535836238512572,0.4876567353681596,0.4237696512739678,0.8758162275488002,0.8495170781581322,104.04840868341503,104.5974428794814,103.56061435512295,105.23974462700615,99.53151995657035,105.6462974299678,138.92086704347335,131.1805139119062,0.6591023270117163,1,-0.029367529752650612,316.0,329.0,329.975,0.9576483066899006,0.9970452306992953,0.40922359474247494,0.4,-6.367774500070731,228,242,65.62739581028417
182,Furman,SC,15-5,106.59139754087049,176,108.01556167529172,211,0.46191548238491853,182,21.1687207019705,9.831279298029498,9.168720701970502,8.831279298029498,3-4,0.3720371475662369,0.38087988556150265,0.35561491986074334,0.38419192625431964,0.38087988556150265,0.3865839556435766,0.8965075733604394,0.8767818498936001,105.11164349178797,107.31530980946283,104.98700600213586,108.28758198032524,104.40014427907748,114.72860086635215,102.4940739974493,111.38743331501779,0.27749736724977,1,0.14851700101391951,512.0,525.0,471.175,1.0866450894041493,1.1142356873773014,0.4062915238690159,0.42857142857142855,-2.162240177922227,95,10,65.28750489775236
183,Wright St.,Horz,10-11,109.44277766429028,124,110.95693831256409,267,0.4605784879292554,183,16.253456223598405,14.746543776401596,10.253456223598402,9.746543776401598,4-6,0.4062644322478503,0.4233561814586224,0.3874635081160009,0.3838748650575158,0.4233561814586224,0.3621601410369071,0.899315897606012,0.8526393041897744,106.08108849587244,107.78878175910461,105.11805597203492,108.72983261231494,107.29867696070642,112.41571317164986,92.56583525955567,111.67067365328883,0.10360542246006824,1,-0.08190636194211498,760.0,769.0,697.5625,1.08950810859242,1.1024101782994356,0.33685677395781316,0.4,-7.694459855221562,271,317,67.4709600094337
184,Hawaii,BW,12-7,106.05431779184315,184,107.64035033206397,203,0.4574263036832706,184,17.479378497843026,13.520621502156978,9.479378497843022,10.520621502156978,4-4,0.3921869632948101,0.40792654298760866,0.37054504121721205,0.4373152696426956,0.40792654298760855,0.4534790693029935,0.8839424311501056,0.8910626690129562,105.32746241436973,107.80264025136987,105.15764699020572,106.55124595043459,106.26465961826872,110.81506903080763,0,0,0,0,0.03288899823442837,582.0,578.0,535.6624999999999,1.0865050288194527,1.0790376403052298,0.5087684213601811,0.5,-4.446054529877356,172,115,65.19822908664113
185,Nicholls St.,Slnd,11-8,106.7899191469316,170,108.40414300796114,221,0.4569736978075339,185,17.63648710855555,13.363512891444454,11.636487108555544,8.363512891444454,5-3,0.40174522714152444,0.43524570210281477,0.35568207406975,0.40296035321940127,0.43524570210281466,0.38520341133352365,0.8638732841955508,0.794765168818242,104.72567198034443,104.66568873668481,104.09868077857165,105.79249322715037,108.19185501127072,107.08165346891825,105.60890665837114,108.14806708694545,0.43211589260252486,4,0.012785723736966736,595.0,564.0,549.5125,1.082777916789882,1.02636427742772,0.4048843028427061,0.625,-4.047598135404168,160,157,68.8911842915226
186,William & Mary,CAA,12-8,112.59413157487916,72,114.32081688355768,321,0.45635648822035213,186,17.82507689772575,13.174923102274247,11.825076897725753,6.1749231022742475,6-1,0.3816241537224845,0.38149691542544417,0.38186045341698777,0.4000474185306666,0.38149691542544417,0.4134450041066607,0.8975349104451964,0.8778022460198278,104.09494022681955,107.32863402633429,104.17232238506483,107.16105657053664,112.09647892902672,110.00569257126385,111.5338545676621,112.8849214721329,0.4654380990935153,1,0.02434625325059947,551.0,507.0,481.5875000000001,1.1441326861681416,1.0527681885430995,0.43354426363645243,0.8571428571428571,-4.876219165513176,186,128,71.2739413071399
187,Massachusetts,A10,9-11,104.2449215068506,211,105.96883901858763,164,0.4529837526077929,187,12.671697660914862,18.32830233908514,7.671697660914858,10.328302339085141,4-3,0.47761911683249636,0.43117409620132646,0.5638741551475263,0.5318572809037614,0.43117409620132635,0.6045729142999646,0.8286622118101471,0.8595113554072761,104.5256187963835,104.4218133017727,105.905107785534,103.85017618166941,106.58021207933015,102.4733493055086,110.13957857651319,104.28870051646295,0.6519751437274324,2,-0.05698368076365962,558.0,541.0,533.7874999999999,1.0453598107861277,1.0135119312460485,0.6304721246696979,0.5714285714285714,-6.820711200152086,236,285,71.24785011554769
188,Texas St.,SB,12-8,109.9584819417494,118,112.17485699785564,280,0.44287693565645736,188,17.822456366766232,13.177543633233764,10.37935079602166,7.62064920397834,5-3,0.3939063960878192,0.4012877003384147,0.3828344397119258,0.407855250813633,0.40315567045944456,0.41124939218054685,0.8894270532335019,0.8854172502566018,104.05947894630516,106.72886091190011,103.7768644439706,106.76591896992528,109.86768031415235,113.92223895606304,109.43544812201743,101.8116649642225,0.6964430999650033,1,0.04607729861908205,645.0,611.0,569.7125000000001,1.1321499879325096,1.0724707637624238,0.43398135415544364,0.625,-4.813157614578185,184,89,65.75546825012222
189,La Salle,A10,10-9,102.29016664324647,247,104.37186357931661,132,0.4423362710824271,189,14.663109816365871,16.336890183634125,6.663109816365874,11.336890183634127,2-4,0.5108045646135656,0.45034121784808,0.6418084826054511,0.5406946947065218,0.4503412178480802,0.6059499835487296,0.8237819428413881,0.8620373906720905,108.03969825990033,106.45309810184985,107.23726280937603,104.71505055419607,98.01784490992979,102.6238375628024,99.64964586579973,110.4732791994348,0.23401065899982987,1,0.07538814925453718,412.0,467.0,434.3625,0.9485165040720596,1.0751388529166306,0.588020734020369,0.3333333333333333,-4.705039471723366,182,51,70.59231239306038
190,Rice,Amer,11-8,104.54160556733859,207,106.88797882483283,180,0.4365300920920602,190,16.641648834538717,14.358351165461281,6.641648834538717,11.358351165461281,2-4,0.3806954638777002,0.33211887779731103,0.48594473371854363,0.44996999073678406,0.33211887779731103,0.5350846834152925,0.8751549450272036,0.9219810151712428,103.49102106318098,107.76911694655666,105.27643348300695,106.78422704494702,108.94749338733462,112.73745849773289,116.55666513625147,131.2490759412398,0.20338478911742633,1,0.0033443537559999514,424.0,438.0,386.19999999999993,1.097876747799068,1.134127395132056,0.5596546582636667,0.3333333333333333,-5.248613080988168,197,171,64.75680212252686
191,Longwood,BSth,15-6,105.88263323173868,187,108.30407301069657,219,0.4353557383834937,191,20.942113264928633,10.057886735071362,9.942113264928638,6.057886735071363,4-2,0.35533801662940945,0.33423256840338766,0.4081016371944637,0.35322714040543257,0.33423256840338783,0.3710345516573493,0.9096734910845694,0.8969292000821171,106.60651448386864,110.60364510956195,106.07184792101488,110.9286313217297,108.22452237856037,113.2474051725814,111.35731789948514,111.24912016585915,0.5027947553701895,2,0.11350635797646247,463.0,471.0,410.6875,1.1273778724699437,1.1468574037437225,0.34879430033508074,0.6666666666666666,-3.1115332909270403,126,18,68.55442569309193
192,Lamar,Slnd,10-9,101.94675126571643,255,104.38052479519963,134,0.4325846467004795,192,16.76941365193735,14.23058634806265,11.769413651937347,8.230586348062653,5-3,0.3965610866655433,0.3853632091078605,0.4119581683073572,0.3876070686259527,0.3853632091078605,0.38884119136090334,0.8705104392215245,0.8168448111630233,107.1691891955152,107.27745535022245,105.27693697047367,107.58118495468413,102.29453545602202,101.74927930277752,107.82576963960275,117.16850475255956,0.27775821829622693,3,-0.027933799075377075,551.0,521.0,528.6375,1.0423021446643492,0.9855524816154737,0.3734298733966008,0.625,-5.084170403935426,192,238,65.71734810188482
193,Pepperdine,WCC,7-13,104.39137281332017,209,106.88958059646782,181,0.4324242517307554,193,12.043048381552273,18.95695161844773,6.043048381552275,11.956951618447727,1-6,0.5350769173027359,0.4021955496711514,0.7818566000471072,0.5228201595713985,0.4021955496711514,0.6099379333882434,0.7913044951178848,0.8540277314279486,107.87755590370058,104.70125144040874,107.55252017375604,105.29922120127206,104.30099039759415,108.4704481432284,100.5712349335478,107.15226196807136,0.3254312596398594,6,-0.08241985771529309,466.0,558.0,471.65000000000003,0.9880207781193681,1.1830806742287712,0.5005351455144212,0.14285714285714285,-7.080133676353487,250,318,68.70985903450897
194,Southeastern Louisiana,Slnd,11-8,101.78077041194302,258,104.31700967923335,130,0.42970562657979355,194,18.12946473661902,12.870535263380978,12.12946473661902,7.87053526338098,5-3,0.3908751390278429,0.37380297073176966,0.41434937043494363,0.3797308326369644,0.37380297073176966,0.38299115668482153,0.8873284082716301,0.858086950438496,105.45454612798662,107.51731443366295,104.78403511481086,108.47890146670517,102.94840757819638,106.74602285270049,88.30317397334484,101.0807991910162,0.17448659651794124,2,0.04845296756241424,563.0,563.0,543.0000000000001,1.03683241252302,1.03683241252302,0.36208568085140663,0.625,-4.553322090706921,177,81,67.14633050433396
195,Radford,BSth,13-8,107.20885479697986,159,110.04662596025148,252,0.4254496860715553,195,18.545202260505217,12.454797739494783,8.545202260505215,7.454797739494785,3-3,0.40956295246819757,0.4245678821464287,0.3720506282726197,0.39756360284403736,0.4245678821464287,0.37224709099804537,0.8724963630996455,0.8205196176291268,105.72602953932486,107.26174419640954,105.81646794292536,108.73314717577622,107.32644137243788,110.91147561688244,91.95685839879935,110.4545824220192,0.1083433165787682,2,0.08359691190912899,432.0,420.0,383.85,1.1254396248534584,1.0941774130519735,0.3723649686333008,0.5,-3.775115283826449,148,41,63.70206178585913
196,Southern,SWAC,10-8,98.95906275684354,308,101.73353338090905,93,0.42116731638045174,196,20.175439626758745,10.824560373241258,15.175439626758738,2.8245603732412596,5-0,0.4281649523529063,0.5168832410363194,0.19749740177603237,0.3177396480495465,0.5168832410363191,0.17391371978132178,0.870264420772128,0.7274129157315078,106.4713434473052,104.95960188275927,101.94915963784972,108.79440724640945,102.6149661321086,93.62200270775887,91.83980009070466,99.63162533002614,0.2816099640252738,5,0.04767357749249068,378.0,308.0,356.9625,1.0589347620548377,0.8628357320446827,0.16484307286027924,1.0,-3.3775850652502974,133,84,68.57844472855359
197,UNC Asheville,BSth,14-6,110.23934112885121,113,113.35234017686085,301,0.4206165998246886,197,19.663369789339338,10.33663021066066,10.66336978933934,5.336630210660659,5-1,0.3476663340063025,0.3310031416131265,0.38654711625704646,0.3533155180892462,0.3310031416131265,0.3728388475058511,0.8920960528143531,0.8590233027427722,107.018958586333,109.23160521549771,106.28217713598814,109.7516756895993,114.00129414530402,116.21310220600657,93.5375927734788,110.42345476478123,0.1291460681472752,2,0.1116726590184629,522.0,500.0,433.275,1.2047775662108362,1.1540015002019504,0.36461388625513386,0.8333333333333334,-2.790848122168345,113,21,67.36956855763754
198,Seton Hall,BE,6-13,102.23331478319864,250,105.24646489892098,150,0.417257040982707,198,7.871232260431032,23.128767739568964,2.8712322604310314,17.12876773956897,1-7,0.5908571095384034,0.44954840019764464,0.7851565848819471,0.6768429350085001,0.4495484001976449,0.8018549291544705,0.7132114133927299,0.8599228929491562,106.92835270925423,102.69345675006265,110.18958452062988,101.67008736076573,107.1532696332355,111.75186255665398,98.82439442946826,104.03940490164703,0.3563159298162457,6,-0.05762695139460611,556.0,642.0,545.125,1.01994955285485,1.177711534051823,0.812987158669486,0.125,-7.3214481571620915,258,286,63.865363863544104
199,Toledo,MAC,11-8,110.78765610722104,100,114.1970665985229,320,0.4137297528333586,199,17.907045697580934,13.092954302419066,11.37972011635571,6.62027988364429,5-2,0.4608608439198497,0.5073355026062955,0.38119000045737145,0.4230558029052243,0.5037206856947395,0.36479783200168564,0.8610178157170918,0.7819044803263544,106.81053763137568,105.8034420305798,105.2326419786561,107.28653579711353,113.05906639650892,115.15528456278605,100.56562125553049,98.40079265435452,0.5622401087834458,2,0.11275619401820663,554.0,538.0,481.55,1.1504516664936144,1.1172256255840516,0.35436645207534007,0.7142857142857143,-3.8385110307249795,152,19,69.42451600470832
200,Queens,ASun,12-8,105.33402599362134,194,108.60753737999659,226,0.4129097386324801,200,18.838578107447223,12.161421892552777,11.83857810744722,6.16142189255278,5-2,0.40601040059599913,0.4218972313457202,0.3765062863465171,0.3753694547783556,0.4218972313457202,0.3417660605908142,0.8745109199501789,0.813006579918802,105.45670901762873,107.4407694051818,104.19078583010123,108.75683404132012,108.37180935979407,108.68662588448906,94.85812504458055,107.70009150184619,0.18844699803265777,2,0.06995199919548334,553.0,513.0,483.1375,1.1446016920648885,1.0618095262735765,0.31965864420082163,0.7142857142857143,-3.8842292955754063,156,56,69.16737440154581
201,Drexel,CAA,11-9,102.19907728492902,251,105.49094074876709,153,0.4098518270674983,201,16.756004338552955,14.243995661447046,8.756004338552955,9.243995661447046,3-4,0.3579794610096597,0.358690294087103,0.3566593424372649,0.37145146978323235,0.358690294087103,0.380667874452659,0.925969133213416,0.9222500430670839,103.9072595901218,109.14477069293427,104.89871615557786,109.74642843042434,98.46814201266511,104.55043095831967,0,0,0,0,-0.012911274911589388,446.0,450.0,448.48749999999995,0.9944535800886314,1.0033724462777671,0.395946031189728,0.42857142857142855,-6.76344420875237,232,203,63.2167525062507
202,UT Arlington,WAC,8-11,107.43787455728517,153,110.90102862424189,265,0.4097879371211111,202,13.271935980670449,16.72806401932955,6.271935980670451,9.72806401932955,1-4,0.39465209280628405,0.3986090194275838,0.3835726982666451,0.415490533407674,0.3986090194275838,0.4302618581402532,0.8820167847169224,0.8652728841512388,103.25037745513356,105.6816473922589,102.99646811524384,105.25422685895329,103.31114438174072,110.5037079363603,128.1731206896496,114.13956371715719,0.7914254237865057,1,-0.10929771932105281,352.0,365.0,345.45,1.0189607757996817,1.0565928499059198,0.4514842035373478,0.2,-7.895115938086533,275,344,68.614369075814
203,Portland St.,BSky,12-7,101.78638274270423,257,105.19755326050952,149,0.40634816146247627,203,18.45319007345793,12.546809926542064,10.453190073457934,7.546809926542063,4-2,0.3476704926906478,0.35407044410793226,0.33380393128653174,0.3569750833727037,0.35407044410793237,0.3590728783972609,0.9166490076264232,0.8996742359856907,105.72367231820171,109.55432705224106,105.21298456161603,109.71619983153485,99.56619357061673,97.54804649738611,0,0,0,0,0.059212773098811566,415.0,375.0,395.2,1.050101214574899,0.9488866396761134,0.37170735195262544,0.6666666666666666,-4.478903158264043,174,70,68.55892304051724
204,Columbia,Ivy,11-5,108.77192699656938,131,112.43118679330198,288,0.40600318089763204,204,16.744342948904237,10.255657051095763,5.744342948904236,8.255657051095763,0-3,0.30512663699066767,0.24037796057302907,0.585704234800435,0.34014332064476877,0.24037796057302907,0.43278258356852717,0.9047646980735207,0.9151192263779376,104.04464698252309,111.55062037358854,104.30581471571116,110.4107415513508,110.98801446511999,114.59843224752622,132.0374268523663,103.47799324153188,0.9428298665497398,1,0.04494955665152889,238.0,257.0,213.1125,1.1167810428764149,1.2059358320136078,0.39107667868709783,0.0,-2.9428104693574015,119,92,68.9951635825594
205,Delaware,CAA,11-9,112.51135537024324,74,116.49225384488156,343,0.40134544569546216,205,16.30545942111972,14.694540578880279,9.305459421119721,8.69454057888028,4-3,0.35763831693191384,0.3592216957470394,0.3546977562752519,0.38470365083077984,0.3592216957470394,0.4031072850579257,0.9001523835805482,0.8821389636070334,101.92574575939858,106.1115152350173,102.88456516673388,106.43603857584793,112.93510834818281,117.59532958634229,119.65577842408874,123.01127707765174,0.4211499146031294,1,-0.014675111204945912,567.0,559.0,496.6875,1.1415628539071347,1.1254561469737008,0.4339133488287181,0.5714285714285714,-6.138381865675264,223,207,70.42219590743964
206,Brown,Ivy,9-7,104.0957361674824,214,107.7893281211241,206,0.4010774190569923,206,14.630365387760722,12.369634612239278,6.630365387760725,7.369634612239275,1-2,0.398212827614579,0.36256214404919046,0.5526991230645962,0.399330456565331,0.36256214404919046,0.43347246104460424,0.8705878457195992,0.8443630674739266,105.63092655492183,108.4629526078704,105.68109052388424,109.01594179495405,103.63222717927037,113.95497064678706,95.2067482887873,104.67546293211943,0.25155050115131133,2,0.022042520798994936,208.0,241.0,201.5875,1.0318100080610157,1.1955106343399269,0.40095609867551557,0.3333333333333333,-3.6919752263305257,143,133,64.81885056245524
207,Miami FL,ACC,4-15,112.37809479376878,77,116.46596971305922,342,0.3986972811364978,207,6.754739918538562,24.245260081461442,2.7547399185385615,17.24526008146144,0-8,0.5715976320165506,0.44580786729788285,0.7445585585047189,0.6287606866341899,0.4458078672978827,0.7293847372691589,0.731849313567391,0.8313669358874193,107.8116431445442,103.90266897702197,109.71088111862042,102.93851051228953,105.23925777355257,116.42183965553144,112.0124891482113,110.24007585217262,0.5457277705545323,4,-0.17558874087672555,530.0,691.0,545.3375,0.9718752148898618,1.2671052329979142,0.7192688564454525,0.0,-9.398128014280008,314,363,67.06268361234144
208,Central Connecticut,NEC,12-6,98.59156388824898,310,102.21473747753396,100,0.39770496912847836,208,20.351350743558616,8.648649256441384,11.351350743558616,4.648649256441384,3-2,0.3228655679336363,0.3762253255404103,0.18413019815602386,0.26487552372293205,0.3762253255404103,0.17440380974623082,0.9362007852992023,0.8905335549031529,103.22761836080201,109.26712652556795,100.49374761446504,110.27274921394286,95.92723141512934,101.70911352457192,0,0,0,0,0.07765608417676007,316.0,285.0,312.1875,1.0122122122122121,0.9129129129129129,0.16998272410541582,0.6,-3.7462658162840388,146,49,64.2159834358315
209,Winthrop,BSth,13-8,106.9632050658765,165,110.92889536443064,266,0.3968393745771127,209,18.205695124244734,12.79430487575527,8.205695124244732,7.794304875755269,3-3,0.3583162752721806,0.36045241026390623,0.35297593779286635,0.3683489656217638,0.3604524102639062,0.37575198626975514,0.8916711808728127,0.8613105748793305,105.0270357470334,108.07444043249134,105.63965359609467,109.18646993121985,109.6909954181561,117.81651701641643,89.53671219837159,92.18745983646087,0.41689889921805207,2,0.036335998734995156,526.0,518.0,456.725,1.1516777054025944,1.1341616946740378,0.38941761535588837,0.5,-4.6443839436411665,180,105,72.3571985260625
210,Idaho,BSky,9-11,110.01383905193902,116,114.12308495914633,318,0.3961050038686384,210,14.899290726971946,16.100709273028052,9.89929072697195,8.100709273028052,4-3,0.41806297842446744,0.4494733067223278,0.359729511585584,0.3976307002008134,0.4494733067223278,0.36018881771305294,0.8900417967661608,0.8366946202364521,105.06602133416229,105.87387588951105,104.57208091119738,107.33115579875428,107.78591342663138,112.72734467808714,108.97298790292125,110.95306310946158,0.44841345305643104,2,-0.04929883799668611,510.0,503.0,461.6625,1.1047031110389083,1.0895405193187664,0.3604811034305332,0.5714285714285714,-7.491478401679138,262,275,65.62777292434752
211,UT Rio Grande Valley,Slnd,12-7,106.27690604149723,181,110.32935583680396,256,0.3940419669907556,211,17.81049233977476,13.18950766022524,9.810492339774761,10.189507660225237,4-4,0.332551951993553,0.3281719649929409,0.3385744341193945,0.37350480806616404,0.3281719649929409,0.39843787175643686,0.869879238997075,0.8191436000051678,104.32246009193611,106.74713586885602,104.36218740358092,106.7452825605621,100.57694798125245,112.12574995063179,120.92637846957496,107.67805331332507,0.7915700728851601,3,0.02869012772379842,544.0,570.0,533.75,1.0192037470725996,1.0679156908665106,0.43834683018113174,0.5,-3.7169571532177494,145,122,68.6458275612693
212,Youngstown St.,Horz,13-9,98.63593468103115,309,102.56324854535164,102,0.3895970616829864,212,17.966938532321844,13.033061467678152,11.966938532321848,8.03306146767815,7-4,0.331531898675623,0.28576592437927434,0.37729787297197165,0.3395382529087599,0.28576592437927445,0.36911303359997694,0.9191167702295752,0.9125280102549834,103.45736017356549,109.1338261037275,103.71480387250952,109.61139907505343,101.60479688782817,100.94146275269851,78.68514165573147,103.08872357354336,0.04283746205485457,1,0.013784308756189745,800.0,754.0,764.075,1.0470176357033014,0.9868141216503615,0.35910934103420566,0.6363636363636364,-6.314794843704188,227,154,69.02274222069292
213,Boston College,ACC,9-10,105.67954996296402,191,109.96440039602972,250,0.3876809630426727,213,11.4327068759624,19.567293124037597,3.4327068759624018,16.567293124037597,1-7,0.5092024881404446,0.3820984812338298,0.6839704976370398,0.595350284898341,0.3820984812338298,0.712638776913822,0.7782743250735294,0.8954412132939542,106.81793493901468,106.2367819510897,109.28561489587683,104.81726219399914,106.04617955382933,112.63311121011036,107.37575074826262,105.2998499541688,0.5558922694189387,3,0.037954028938321116,535.0,647.0,537.5875,0.995186830050922,1.2035250075569095,0.7317509630983435,0.125,-5.452937512703856,202,103,66.29079457477306
214,Montana,BSky,12-8,105.02155427650958,201,109.30723099225764,240,0.38699416546394066,214,18.20901570021032,12.790984299789681,11.209015700210319,6.790984299789682,5-2,0.45415301326203183,0.49004166314388325,0.3875026634814505,0.41521987828097234,0.49004166314388325,0.3611819225466476,0.858903194893429,0.7628476156916789,109.67102064750068,107.12834977804782,106.7594209751026,107.88250965792933,101.48575650712857,108.40868098838793,104.50290499699284,110.5992780381569,0.3425311125045858,3,0.12723988104412337,499.0,521.0,473.36249999999995,1.05416039504608,1.1006364044469092,0.34443236013359135,0.7142857142857143,-3.3926889420706825,134,15,68.17764858044164
215,Robert Morris,Horz,14-7,102.58502816511637,240,106.77638426325063,177,0.3868636571207096,215,19.66701493685689,11.332985063143107,11.667014936856893,8.33298506314311,6-4,0.3610576769772451,0.33097407107594734,0.39414964346867254,0.3557528886364992,0.33097407107594734,0.3693812382948027,0.9086290654789342,0.8831147230234525,104.07662696723071,109.44753303001883,104.21597354556701,110.186032133676,104.10201865828427,108.1870530417142,93.48292351597554,115.29375524773758,0.0822922886815135,1,0.11127689215002357,773.0,764.0,735.3374999999999,1.05121797813929,1.038978700256685,0.3446128331209329,0.6,-3.973506163636979,159,22,68.84029740638296
216,Southern Illinois,MVC,8-12,102.29424058369885,246,106.58328467492936,171,0.38406178586564954,216,12.04583352735887,18.954166472641134,7.045833527358872,12.95416647264113,3-6,0.45746654903814604,0.4339031262347237,0.48626628802010674,0.48218607647009515,0.4339031262347237,0.5087416990995496,0.8616404231183824,0.8463021552009238,108.3210707666324,107.40271165293032,108.26664971745514,107.22502156691102,101.14111055334041,106.2144525019275,108.24685114308818,108.54668145558472,0.49204828659163785,1,-0.06303579622772576,618.0,656.0,606.3375000000001,1.0192343373121404,1.0819057043313334,0.5271306718009118,0.3333333333333333,-8.253094081033014,284,296,68.18448507497891
217,Maine,AE,13-8,100.42470894448303,286,104.78485887516447,141,0.3801853616733494,217,19.809753927869956,11.190246072130044,11.809753927869952,4.190246072130046,5-1,0.33373857742646246,0.3496260825216528,0.2940198146884867,0.3022384691971099,0.3496260825216528,0.2578125817053511,0.9127934299041671,0.8708021914416451,104.31382601264102,109.50730536310364,102.4937576895658,110.11836411562685,101.14983669777189,101.2792256330279,108.8828710084387,106.29243399791288,0.5687870663996502,1,0.06233196733080215,454.0,409.0,418.3125,1.0853130135962947,0.9777379351561333,0.23608824191546965,0.8333333333333334,-4.907398599805299,187,66,66.91036147299147
218,UMKC,Sum,10-11,101.6363933306317,263,106.05677758177694,165,0.3799905055018745,218,14.657261455721615,16.342738544278387,6.657261455721615,9.342738544278385,2-4,0.3759027980724645,0.3436331683765961,0.4565768723121358,0.39532225840238194,0.3436331683765961,0.44378078030155615,0.8722200449214452,0.8602851673925581,108.45656780969293,108.95425897382098,108.82203903151675,110.23728312149035,99.90465731762079,100.11008171744344,95.61462556444734,103.32172020860017,0.290800180601853,2,-0.06695988028988487,416.0,410.0,393.02500000000003,1.0584568411678645,1.0431906367279433,0.43610312509520827,0.3333333333333333,-7.282700515524774,257,302,64.49760404113218
219,South Carolina St.,MEAC,9-10,102.38903761745323,242,106.98618942232505,184,0.3763473168180395,219,16.614853932581426,13.385146067418573,9.614853932581427,4.385146067418574,3-1,0.35367320785926587,0.41770233475541585,0.11356398199870325,0.30427237488373016,0.3915959388332024,0.20447401608433324,0.9059644170955551,0.8552548141499126,102.85878339969518,107.82958173268527,99.10239534261191,106.6167482999556,103.33073089202736,112.46744120756912,110.01667708810189,94.86552691412538,0.8460529439392471,2,-0.0740007458814686,324.0,289.0,285.55,1.134652425144458,1.0120819471195937,0.2408380297185852,0.75,-6.809204747159784,233,305,68.16799004064127
220,Towson,CAA,11-9,102.68816813646652,239,107.36373896422208,196,0.37471440160761904,220,16.682438479793674,14.317561520206326,11.682438479793671,6.317561520206327,6-1,0.4594727139661126,0.4908550652169944,0.40119120450018914,0.42594448134175766,0.4908550652169944,0.3790646152096424,0.8836659931226675,0.838685823751785,104.95686546156729,105.9064737872,104.95623664743806,107.61611727761283,107.09728313042434,108.84200380773946,116.7826715910413,106.21249816152176,0.7485772267416645,1,0.10455696554605365,508.0,469.0,456.95,1.1117190064558486,1.0263705000547105,0.36498405838838527,0.8571428571428571,-5.151795425417514,194,26,62.59131830729212
221,Richmond,A10,7-12,101.12532918053532,273,105.74723312346859,157,0.374268769301996,221,10.186375050588637,20.81362494941136,5.186375050588639,12.813624949411361,2-4,0.442315976651797,0.36147739029891557,0.61746624708304,0.5230350268650539,0.3614773902989156,0.6397155421628202,0.8220413510149911,0.8772729463046799,107.18026836938076,105.91208963413055,107.96093180642698,104.5248724021057,98.97967258234394,97.30261194219953,104.37255719735805,103.42746544039662,0.5261278366700121,2,-0.10634816813947501,368.0,382.0,391.725,0.9394345523007211,0.9751739102686834,0.6508401897027103,0.3333333333333333,-8.352521354962015,286,342,64.97183322947498
222,Valparaiso,MVC,10-10,105.331756391156,195,110.20153929965488,255,0.37290999780046885,222,14.936081706030716,16.063918293969284,7.936081706030714,12.063918293969284,3-6,0.4452639801506483,0.33001394930198036,0.5861251289656871,0.4447618308882431,0.33001394930198025,0.5078731657606879,0.8712137861923585,0.8893764201946727,105.99118673989821,106.53251282266962,105.64219961133323,106.79383146686234,103.70975525202934,105.92535696033218,110.64866841431386,114.02289485018039,0.4144859449413524,1,0.023772583035883588,642.0,678.0,622.2,1.0318225650916104,1.0896817743490839,0.4438488322293248,0.3333333333333333,-6.037517439373501,219,129,68.17920007880892
223,UTSA,Amer,8-10,107.74192082784666,149,112.79951301196098,293,0.37109020155808603,223,12.369050835561401,17.6309491644386,6.369050835561401,11.630949164438599,2-4,0.4724636848947902,0.4329616249925911,0.5514678046991883,0.4938845730958245,0.4329616249925911,0.5344998718313135,0.8414341445290014,0.825423725418132,107.09200306832247,105.20787932098139,107.04293124964877,105.38756357609236,111.68127988716492,117.3435315669306,105.04409944700934,102.08915204645179,0.5813063845314155,2,0.008442874746156348,453.0,486.0,409.59999999999997,1.10595703125,1.1865234375,0.5260159053973762,0.3333333333333333,-5.927709919023218,217,162,70.1952116671941
224,Colgate,Pat,9-11,103.96508464670153,216,108.88551380834764,233,0.3701014494323789,224,16.247078094294352,14.75292190570565,13.247078094294352,4.752921905705649,6-1,0.39978193695374553,0.4954725179604761,0.22207085794124598,0.3377681113826531,0.4954725179604761,0.22387048440978116,0.9087386050915207,0.8319721179262894,104.22478785045362,107.0793306336313,103.06769341852119,109.23406826468673,108.05582170413989,103.67685183219825,105.31789968948391,97.7296072505287,0.7026515911882019,1,-0.04126889465040734,535.0,450.0,475.92499999999995,1.1241267006356044,0.9455271313757421,0.2250157012533945,0.8571428571428571,-7.662597786249008,270,261,66.18360082301591
225,Little Rock,OVC,12-7,95.71026562113957,339,100.34799832885096,73,0.36721957480441597,225,20.112954415568435,10.887045584431561,14.112954415568437,5.8870455844315615,6-2,0.3524044796160345,0.41190448089045634,0.2705919778637045,0.30147541013784046,0.41190448089045645,0.24073942122390166,0.9092944473006069,0.8173479392755468,104.07163426290508,108.4075253026699,101.85445745645573,109.42081949477439,96.09620080144929,100.6752096680131,82.96673281694085,105.14285393793239,0.06156485691578198,2,0.08958347764493713,546.0,517.0,542.4625,1.00652118810056,0.9530612715164644,0.22083771679736644,0.75,-3.8650405918336452,154,37,67.05372733311626
226,Northern Arizona,BSky,12-8,104.22129987332025,212,109.29289073624156,239,0.3666952741347182,226,17.349336167904227,13.650663832095773,8.349336167904227,9.650663832095775,3-4,0.2835269227231214,0.25935499001648676,0.32841765489258584,0.3197662261740134,0.25935499001648676,0.3633965633988938,0.9282959597665795,0.9291963542228905,104.53464539860873,110.66494907926061,104.95525757062127,110.49097875301706,101.66649759310867,104.70742082989638,0,0,0,0,-0.012651031790593459,492.0,482.0,475.3,1.0351357037660425,1.014096360193562,0.38565586881199887,0.42857142857142855,-5.99661125229544,218,201,66.80689367131497
227,Gardner Webb,BSth,8-12,103.39575732525637,224,108.46403333158666,224,0.36578807442688493,227,12.282086963509412,16.717913036490586,7.28208696350941,8.717913036490591,3-4,0.4445989519196224,0.4874990939564982,0.36492725956542443,0.42794768086776364,0.4874990939564982,0.379562157733167,0.8736770906673894,0.8178505431081355,106.64950316379068,108.23603157834825,106.57294149835337,109.05254834802146,98.04510239600698,104.09239393580586,102.07801918288838,104.44276319365196,0.4345353366899925,2,-0.03677995740024459,495.0,520.0,487.9625,1.0144222148218358,1.0656556600148577,0.3909448563080778,0.42857142857142855,-8.069826190546642,279,256,69.18555305713865
228,FIU,CUSA,7-12,98.3988482385254,313,103.26413958711262,115,0.36470462055787806,228,10.41061291412856,20.58938708587144,4.410612914128557,13.589387085871442,1-5,0.3948147238363224,0.31419571515329914,0.5694892426495392,0.4755771917601156,0.31419571515329914,0.5921304804205941,0.8764655962952269,0.9329939373738854,106.16339868304765,108.963466879452,106.95695730737256,106.89614143900857,100.00537750734323,104.32568287111648,0,0,0,0,-0.13182929077513333,417.0,441.0,420.37499999999994,0.9919714540588761,1.049063336306869,0.6034510993061216,0.16666666666666666,-9.557699298450887,320,353,69.30362103272866
229,UMass Lowell,AE,13-7,108.35576554571702,136,113.80871011915247,310,0.3624745654233401,229,20.147357559074408,10.852642440925596,9.147357559074404,6.852642440925595,2-3,0.33639993225542975,0.3449635491951927,0.31070908143614095,0.3011047807901064,0.3449635491951926,0.25998718541033805,0.9201079373938744,0.8865706472495553,101.62437033955925,105.65798074150504,100.8668452694465,108.09938689632048,101.33335541434349,112.21947082924433,80.58451522357313,108.34295165272303,0.03217242078405384,1,0.0665798604406328,353.0,369.0,348.225,1.0137123985928638,1.059659702778376,0.23693177812588215,0.4,-4.252855223100803,165,62,69.89441835545047
230,Indiana St.,MVC,9-11,107.7811474938801,146,113.43407257265847,304,0.357123934864442,230,13.405620871752859,17.594379128247144,7.405620871752858,12.594379128247144,3-6,0.42809083535895126,0.32802743310911153,0.5503905492198664,0.45123292994652275,0.32802743310911153,0.5189959532070989,0.871235168587706,0.8995794305628089,105.03658713405389,105.97351409590527,105.8985227042254,106.54656903283066,105.25868452819627,110.95784200929226,118.64999616951965,117.96001295166752,0.5167614554569584,1,-0.0122923510788156,692.0,759.0,666.2124999999999,1.0387076195658294,1.1392761318648332,0.49330946556028915,0.3333333333333333,-7.5228297822127335,265,200,73.31537467051658
231,Central Michigan,MAC,8-10,101.50693384558134,268,106.93387066404969,182,0.3545816020746324,231,15.145773678907831,15.854226321092169,8.588879249652408,9.411120750347592,2-4,0.4366592006974016,0.47335199443302983,0.36327361322614493,0.39269154531345585,0.46546831982825665,0.3401305414972107,0.8519473875055616,0.750496422686539,109.01560025806774,105.4507513716051,105.97442567083479,107.90864317559846,100.98820226006517,107.80451138089892,98.91349789558355,100.33035685565166,0.4592009380803233,4,-0.0434945759648771,426.0,424.0,400.26250000000005,1.06430155210643,1.059304831204522,0.3285590056327437,0.3333333333333333,-5.3674496481558975,199,267,67.23023916245256
232,Eastern Kentucky,ASun,9-11,106.06476738323562,183,111.78901378381543,278,0.35331969853604855,232,14.349654469808433,16.650345530191565,8.34965446980843,9.650345530191569,3-4,0.3944570585283244,0.4597738027222634,0.2731545335967234,0.3947334205292602,0.4597738027222634,0.34775981116764654,0.8672893913175946,0.8004433042292843,105.930581764995,108.5795051704335,105.31845069516903,108.975451970422,99.42900444059698,116.42384354634612,108.81514317633786,103.77311373310806,0.6331144575323882,3,-0.061596787983122236,538.0,560.0,505.975,1.0632936409901674,1.1067740501012895,0.39523589689459765,0.42857142857142855,-7.100177983918468,251,294,68.1819702986797
233,South Dakota,Sum,12-9,112.38164967430828,76,118.51865006594593,351,0.3517282355636432,233,16.153857521691585,14.846142478308415,7.1538575216915845,8.846142478308415,3-3,0.36189695519274745,0.33960782271310447,0.41761978639185493,0.39516625947139455,0.33960782271310447,0.44725229393229143,0.8771903303163789,0.8715837234865362,106.24252335991098,109.56342060838148,107.13178571300351,109.76891179684034,109.82935013769206,119.44546975624887,110.05465668394254,115.8376380733683,0.3568774614440722,3,0.031902935224191964,520.0,549.0,446.2,1.1653966831017482,1.2303899596593457,0.4650317984565534,0.5,-5.5289641139073655,207,117,73.67061734592015
234,Idaho St.,BSky,8-9,103.85452086368079,217,109.64113768600122,243,0.34897494303731325,234,13.843985570094699,15.1560144299053,8.843985570094699,9.156014429905301,3-3,0.37669161134608337,0.38785954873834566,0.35621705946026944,0.37387721482671704,0.38785954873834566,0.36533245521405516,0.88822037676125,0.8245671219976437,106.0499135906036,107.29037924004093,105.33450781474993,108.55219979757152,109.11070472764887,114.56414842076784,104.8183570866908,100.43125295377432,0.6205039961876617,3,-0.05023254018125478,460.0,440.0,401.45000000000005,1.1458463071366296,1.0960269024785152,0.369890153090948,0.5,-5.895842888331989,216,277,65.00824140833674
235,UC Davis,BW,12-8,95.95348159475037,335,101.31618796711064,88,0.34855408290773754,235,15.718221695553598,15.281778304446402,9.718221695553598,10.281778304446402,6-3,0.421829345692913,0.46054677087105006,0.3745080482529677,0.46287519931440224,0.46054677087105006,0.46415583495824586,0.8590763291489577,0.8269230839981109,106.78052540702396,108.08424992653205,106.41991441701249,106.6641307053975,97.22473351428879,99.00418310360104,96.47828441760534,119.42869695471471,0.0791379298842037,1,0.13811790545624714,606.0,591.0,608.2625,0.9962803888123959,0.9716199831487228,0.5375040240807463,0.6666666666666666,-4.332767979586518,170,12,68.52136033480036
236,Northwestern St.,Slnd,8-10,103.45350580296338,222,109.28086748939796,238,0.3474676889296677,236,13.942738544287094,16.057261455712908,10.942738544287092,9.057261455712906,5-3,0.47229650579713733,0.537685996447577,0.39055964248408753,0.43095624129919613,0.537685996447577,0.37759136372500574,0.8434009818971282,0.7242828837596533,108.04576984331014,106.082428868464,105.27392636840587,106.3311309508604,105.41463493096606,109.99674906510833,99.29690610477543,102.82575529389787,0.40092879311292384,3,0.008820631634517684,549.0,551.0,511.3375,1.0736548756936466,1.07756618671621,0.3689458445522846,0.625,-5.519792735172816,206,161,63.51921996410441
237,Fordham,A10,8-11,102.25874080326162,248,108.17137839941836,216,0.343796486514467,237,11.058806237616505,19.941193762383495,3.0588062376165066,14.941193762383495,0-6,0.4644700889956194,0.3857890607355255,0.6349456502258227,0.5262930189211315,0.3857890607355255,0.627768099832958,0.8318101374700366,0.8689927423849473,106.11234326454809,106.59436589653231,106.77255667304051,105.03792273175844,100.33411645324237,111.12199784858092,104.2222576736768,105.9461958112351,0.4529731171574828,2,-0.02015762013880784,438.0,511.0,447.16249999999997,0.979509686076091,1.1427613004221062,0.6241793246365254,0.0,-6.9971317440951974,246,218,70.32396829656543
238,Ball St.,MAC,9-9,106.6803750065317,172,113.20007561046225,300,0.3357758998077104,238,16.4770954315007,14.522904568499301,9.732764027548026,8.267235972451974,3-3,0.3073743470278185,0.24086179993038184,0.4403994412226921,0.30594945337744733,0.23692861328440257,0.35579783788909075,0.9284485594935861,0.942603893019786,103.66162623538203,109.37948277842591,102.74456574987016,110.1229781406361,109.7900882621533,114.78805535458623,0,0,0,0,-0.07436073267061538,466.0,475.0,420.26249999999993,1.1088307902798848,1.1302459772166207,0.3134970362222901,0.5,-7.054053571467771,248,307,67.0375546391321
239,Hampton,CAA,10-10,101.21410104281284,270,107.45404998055827,198,0.3344803280396781,239,14.866410516645868,16.133589483354132,7.258640912845102,10.7413590871549,3-5,0.384239985235851,0.38218109749491447,0.3873283168472558,0.39230243211834737,0.37162191837738884,0.40723835870903974,0.901977919992956,0.8920212153633919,107.99036224744779,110.22684242509283,106.47089852800964,109.46035957213157,100.09143170547026,108.79284795786847,129.88407120491388,140.84966189642725,0.28250206401701977,1,0.005254606082968738,570.0,612.0,551.575,1.033404342111227,1.1095499252141594,0.42316639219846675,0.375,-6.9931510981996325,244,167,64.74256372835409
240,Abilene Christian,WAC,9-11,96.4763981205697,333,102.43872535761633,101,0.33411898658303263,240,13.912896575206352,17.087103424793646,5.912896575206352,10.08710342479365,1-4,0.42751348171869336,0.39528451495904077,0.5242003819976512,0.41813303660281914,0.39528451495904077,0.4395535256438613,0.8710005658797234,0.8464169972088926,104.96510492264431,104.20342917310018,104.31171976993843,105.40177829831552,90.00555765732837,95.7757467519739,96.60501308667905,116.4365162231491,0.10459044775789178,2,-0.011740923289814742,296.0,334.0,347.625,0.8514922689679971,0.9608054656598346,0.40107768184668424,0.2,-6.849217110763949,237,198,68.22228088089324
241,Cal St. Bakersfield,BW,10-10,104.90852733350648,204,111.49634848695594,272,0.3317268849368655,241,14.92040676162539,17.07959323837461,8.920406761625388,11.079593238374613,4-4,0.44191965469280803,0.40936117238333175,0.4907573781570223,0.44464335318668496,0.40936117238333175,0.46581266166869695,0.8801617901780656,0.8865490883811614,105.86507934749824,106.02367881308678,105.33803604424651,106.33812265533864,107.29450708057969,114.03342016249123,0,0,0,0,0.07543767195787138,582.0,609.0,548.775,1.0605439387727211,1.1097444307776412,0.44918285067648006,0.5,-6.271790169946353,226,50,65.80142364964546
242,Bethune Cookman,SWAC,7-11,95.25456840850501,343,101.30845605656371,87,0.3299094914666094,242,15.764445809090423,15.235554190909577,12.764445809090423,5.235554190909576,4-1,0.5308705256688229,0.6660007060391943,0.1795320567058579,0.3899954862470733,0.6660007060391943,0.190658383063875,0.845198838554135,0.6755019545120697,107.39015438649163,106.42162840277445,103.21963724940542,108.45406185984884,89.02443708851236,98.53859086364102,101.0062792131539,100.01425447021282,0.5283457231565115,4,0.04802662563626675,336.0,305.0,347.97499999999997,0.9655866082333502,0.8764997485451542,0.19493773935542003,0.8,-5.433655885562534,201,82,68.74379838765428
243,Vermont,AE,11-9,96.53039547554917,332,102.75160235645323,105,0.32777849045735286,243,17.574015230066056,13.425984769933946,10.574015230066056,5.425984769933943,4-1,0.37148518106697714,0.4045786206290807,0.2722048623806666,0.3321539257415,0.4045786206290807,0.2642557742843932,0.9016730050945805,0.8496715745435359,105.54825838660693,108.493522130952,103.98251072405418,109.87790777293442,96.3516299008241,100.17866406151927,77.89175672875798,99.94846672505163,0.0537914836660946,1,0.05009502216672285,320.0,304.0,319.3125,1.0021530632217654,0.9520454100606772,0.26064255242245066,0.8,-5.626918797743336,209,79,62.989833475423794
244,SIU Edwardsville,OVC,13-7,100.49661213974188,283,107.08853126286333,188,0.3250594530589024,244,19.798356908231174,11.201643091768826,12.798356908231172,7.201643091768828,6-3,0.2814504353744739,0.30551852710535815,0.2520338788145042,0.2653740668015257,0.30551852710535815,0.2432946136344178,0.9245054062663063,0.8614999116112,103.3538242125434,110.41115494137638,101.68042778405245,110.32680443672682,100.4167305003957,108.66048920077863,106.2696572811009,111.9314811704622,0.35504597504136315,1,0.0575942067662254,633.0,610.0,608.1499999999999,1.040861629532188,1.0030420126613502,0.23614430575980175,0.6666666666666666,-4.466584348362658,173,71,65.11841694256714
245,Tennessee Martin,OVC,9-11,102.07993503135165,253,108.86806032321215,230,0.3229219575572681,245,15.7080386345552,15.2919613654448,11.7080386345552,8.2919613654448,5-4,0.3207281450937256,0.3835381590494535,0.24396035025894702,0.29319442736785556,0.3835381590494535,0.2435053749429767,0.9160452357643154,0.8377535395133523,103.51708687467624,108.14326664675073,101.71973743513549,108.9913489994788,105.96321421084185,107.64458919008344,80.44602407992015,104.30658089323751,0.048011972433460205,1,-0.08504539156739593,667.0,627.0,620.2875,1.0753078209701146,1.0108215948249804,0.24313312241172821,0.5555555555555556,-8.153403482996525,281,319,66.83523340370087
246,Campbell,CAA,9-11,100.46905827503079,284,107.18009688232658,190,0.32221768574181253,246,13.623847805758697,17.376152194241303,8.623847805758697,9.376152194241302,4-3,0.35319995278536603,0.32277926732243173,0.4096955115022438,0.37807370597026035,0.32277926732243173,0.41800857832702537,0.8942016757401298,0.8753617077197077,103.74776441366296,108.41136292464213,104.11423793076624,108.29304728286681,101.71797627211411,100.75596413171203,112.29867870646217,125.9740921877841,0.21056668287800961,2,-0.0615599773702063,481.0,446.0,459.11250000000007,1.047673500503689,0.9714394620054996,0.42329871176097716,0.5714285714285714,-7.862600088716533,274,293,66.30278305476229
247,Cal Poly,BW,6-14,106.48959024953209,177,113.70142206117427,309,0.32004179788968595,247,11.254224240513276,20.745775759486726,5.2542242405132775,14.745775759486724,0-8,0.5430148836034655,0.5310027758745416,0.5610330451968515,0.49097893836154516,0.5310027758745416,0.46696463585374737,0.8369778668812651,0.7718747775000928,106.8464660242321,103.54392978238361,105.9854060662939,105.5932738367623,101.78639666083397,115.74737331194524,114.46469259675656,108.06639600741583,0.6595943150111021,2,-0.028845366379325166,566.0,681.0,594.1375,0.9526414340114872,1.14619932254739,0.4042523629583447,0.0,-8.530796808397632,289,240,73.78190934808518
248,Fresno St.,MWC,5-14,100.25739271061549,289,107.13406385765626,189,0.3180143653758262,248,7.6482518924418,23.3517481075582,3.6482518924417984,16.3517481075582,1-7,0.5724188690267151,0.45977239108442175,0.7273077761973687,0.6033842409886934,0.45977239108442175,0.6823707584360432,0.772243356228806,0.8285075679805073,108.38110434872665,104.82268260247643,109.14257445232735,104.32986841445603,104.49412420747718,108.89404190794167,101.14015676398496,101.32299419771367,0.4948075601394337,4,-0.05009738189409696,582.0,691.0,602.4374999999999,0.9660753190164957,1.1470069509285197,0.6524127465951597,0.125,-8.286928234044996,285,276,73.13668179860906
249,North Florida,ASun,10-10,112.10056718006302,81,119.84889465115988,357,0.31678062389580597,249,15.646472948715076,15.353527051284924,8.646472948715076,9.353527051284924,3-4,0.44733591238024506,0.49793175723560157,0.3533722005060117,0.40806878491855036,0.49793175723560157,0.34316774935623573,0.859515063801734,0.7688893143242971,106.73938391541019,106.22155334472751,105.30644847118927,108.09198316828605,112.62606845223193,124.82954582954652,105.52733928854444,119.2294406080923,0.19719544137187614,3,0.07348324236235626,591.0,606.0,503.7,1.1733174508636093,1.2030970815961883,0.3366740077154691,0.42857142857142855,-5.509299768263212,204,53,71.64276347827374
250,Dartmouth,Ivy,7-9,100.64278869182368,279,107.7488785827595,205,0.3133299910564693,250,11.170719383285206,15.829280616714794,5.1707193832852045,8.829280616714794,1-2,0.32778227432836643,0.29645231051432047,0.4635454508558994,0.3738919111399332,0.2964523105143204,0.4458001117208593,0.9062140271358698,0.9219671029523828,103.89170346052617,109.37707784032155,105.3868086106155,109.50092258147292,100.81553211502107,105.57445589411559,0,0,0,0,-0.09894864663751635,220.0,234.0,218.0625,1.0088850673545429,1.0730868443680137,0.4409604737749394,0.3333333333333333,-6.92187264819431,242,333,70.97392858900815
251,Marist,MAAC,14-3,97.12383120211541,326,104.13869929731374,126,0.3096033864048379,251,20.911255493150225,8.088744506849766,13.911255493150234,6.088744506849766,7-1,0.2359124462154488,0.22025054176813835,0.25353208871867305,0.2454684151185402,0.22025054176813852,0.2568164581262209,0.9582238459738969,0.9638026070331435,99.8967184500171,111.69811181899233,99.93864404088751,111.28788966374947,93.43723561280754,98.36001447688646,0,0,0,0,0.2205801368313265,515.0,483.0,526.4625,0.9782273191347912,0.9174442624118527,0.2590060377312528,0.875,-1.957435957624333,89,1,64.07134180803256
252,Southern Utah,WAC,9-10,100.33049204998451,288,107.58156553730203,201,0.30949826573814326,252,13.484258009489004,16.515741990510996,5.484258009489002,10.515741990510996,1-4,0.4345180460189717,0.40169875918908554,0.526412049142653,0.42350675546758487,0.4016987591890855,0.44258875221127203,0.8677924919567327,0.8386505887806142,106.62467137246925,104.88547920738337,104.93385645583501,105.43258378559561,93.40719380680673,108.89653223370777,86.36682436425274,110.46158906435528,0.055738154571567465,2,0.029634644785288322,321.0,373.0,351.5625,0.9130666666666667,1.0609777777777778,0.4044872536060987,0.2,-6.051847668020805,222,119,69.05020048646344
253,Eastern Washington,BSky,6-14,103.72910954064545,218,111.30252864651979,271,0.3078061786227855,253,11.078749114554306,19.921250885445698,7.078749114554303,10.921250885445694,2-5,0.46705136596262287,0.5155517585595816,0.37697920828255693,0.4309456042899315,0.5155517585595812,0.3698411595396289,0.873305114481093,0.8003728804640077,107.37945355729222,106.29108100197146,106.39871811569776,107.9152671458075,100.5322814404644,107.61358172803823,122.67629335554619,109.06592461367244,0.7945153618864341,1,-0.0880230339915708,474.0,500.0,469.3125,1.0099880143827407,1.0653882008256759,0.3652987648850384,0.2857142857142857,-9.725227716580006,323,323,67.16816329238729
254,Mercer,SC,10-10,100.88809768030359,275,108.338545103061,220,0.3058986846169213,254,15.245231102260995,15.754768897739005,8.245231102260993,9.754768897739007,3-4,0.392530973415729,0.3660927818025677,0.4416304721258856,0.38787527531779026,0.3660927818025677,0.40360707618989555,0.8991486702622483,0.8899761361772432,104.97044018673608,108.27147622392448,104.63073025385594,109.1055506989325,97.41418643049802,104.64047279365101,0,0,0,0,0.05265776171614228,521.0,538.0,515.2,1.0112577639751552,1.0442546583850931,0.3794103696851746,0.42857142857142855,-6.908889908823812,241,74,71.11275989721295
255,American,Pat,11-9,102.85624396971238,235,110.45486093104847,258,0.3058362454414978,255,17.423075187441956,13.576924812558048,11.423075187441956,6.576924812558045,5-2,0.3441227694958364,0.41892759515776434,0.20519952183797027,0.30975207690323814,0.41892759515776423,0.23090309149719157,0.9161913328207383,0.8522680985295634,103.8456577222976,108.80523958429184,102.38176619569889,109.5322539296317,100.96726893230903,109.82580693497896,99.14534158443948,119.59710600550443,0.10370396578322594,1,0.04278632235057278,470.0,449.0,436.3374999999999,1.0771478500014326,1.0290199673417941,0.24725990855305968,0.7142857142857143,-6.039123100966296,221,94,63.21157882697189
256,Sacred Heart,MAAC,7-12,105.11587763613002,199,112.99502287510396,296,0.3033861140749191,256,13.666784682857038,17.333215317142958,9.66678468285704,10.333215317142958,3-5,0.3303369625798956,0.3692497414529312,0.27683189162947175,0.3062631585437772,0.3692497414529314,0.2716205379437425,0.9236173311680392,0.8745533291929597,102.38179631317793,108.93229699801844,101.73335005019317,109.72969492498159,106.85848085663615,114.32345020421765,86.0131294260376,100.69492039713008,0.1403546922540663,1,-0.14000149811592216,620.0,606.0,564.7125,1.0979038006065034,1.0731124244637757,0.26814630215325636,0.375,-9.496048248862428,316,358,70.08529623594713
257,Southeast Missouri St.,OVC,10-10,99.7846151378937,295,107.44634536583847,197,0.29927715600110305,257,16.423716374527462,14.576283625472538,11.423716374527464,8.576283625472538,5-4,0.3372352841272847,0.40365845164664305,0.2560514127147356,0.30183992265901444,0.40365845164664305,0.2458397317158187,0.9187312536534895,0.8463538775517839,103.64733626276444,107.82930335557963,101.83863179507908,108.9353513345117,101.09041908881639,109.91711271416516,113.62925867873896,103.18780772673686,0.7518472645557772,1,-0.02141998519138566,638.0,615.0,609.4125000000001,1.0469099337476666,1.009168666543597,0.2374847199894322,0.5555555555555556,-7.157437020430675,252,223,68.66581939925402
258,Missouri St.,MVC,7-13,102.82864680690597,237,110.7325911479798,261,0.2990923805803081,258,10.360544096813873,20.639455903186132,3.3605440968138725,16.63945590318613,0-9,0.44120568268831295,0.40959711968039864,0.47983837080909747,0.47261477070958907,0.40959711968039836,0.5072744787756442,0.8691197363420603,0.8810259075350328,107.63159801308636,107.83017831098418,107.99319992977563,107.60983673609532,100.32858565025344,114.69489975663684,0,0,0,0,-0.058066171007893574,577.0,673.0,577.4250000000002,0.9992639736762347,1.165519331514915,0.5297222034755461,0.0,-9.435588745493774,315,287,63.53670082641459
259,Houston Christian,Slnd,8-11,101.0853534370537,274,108.86926487804305,231,0.2987831943299394,259,13.232423790970518,17.767576209029478,10.232423790970522,9.767576209029478,5-3,0.4257372939459807,0.4601058543987305,0.37848052332344995,0.4000869653855622,0.4601058543987306,0.36707657642831965,0.8632279345164616,0.7580965316694256,105.76881902135004,105.89905078179672,104.37126516602962,106.89734753745671,103.21762708317908,106.97452984731015,90.98080880688858,107.66730856738809,0.12602514542588839,4,-0.03523467786609191,566.0,559.0,542.9875,1.0423812702870694,1.029489629135109,0.35947394516489956,0.625,-6.857446734544653,238,253,65.5974208569266
260,Tennessee St.,OVC,9-12,100.38262576256776,287,108.4247022643433,222,0.2918805360458667,260,14.35459527701513,16.645404722984868,10.35459527701513,9.645404722984871,5-5,0.2906260415647229,0.346776791765113,0.22886021634429365,0.2821279858504727,0.346776791765113,0.24657114259742058,0.9358082299163253,0.8947912572291213,102.21503489759237,109.37270522224952,101.15337771047727,109.49430899219871,101.47817548559644,105.48359200014829,0,0,0,0,-0.13315447016430054,771.0,737.0,743.1,1.0375454178441663,0.9917911452025299,0.2642820688505475,0.5,-9.842297268311551,326,354,71.55452602434575
261,Morehead St.,OVC,13-7,101.63871589126143,262,110.03405430221844,251,0.28644727419425275,261,19.2254510313577,11.774548968642295,14.225451031357705,5.774548968642296,8-1,0.32619145405030936,0.39274172522945694,0.24485223372024015,0.2987849905014019,0.3927417252294572,0.24710878640097161,0.9115009931704796,0.8265145334271704,102.20673248071637,107.086715409687,100.90394505029569,108.10706219535342,100.58997739022075,105.6229998088532,91.93931281507533,117.20859429548283,0.057730558681596864,2,0.13073659209622313,601.0,566.0,579.9625,1.0362738970192038,0.9759251675754899,0.24895505677611543,0.8888888888888888,-3.944906644056636,157,14,64.48814929767485
262,North Dakota,Sum,8-14,108.81701884456754,130,117.89670477082356,350,0.2846273545345413,262,10.898272092849906,20.101727907150096,4.898272092849906,11.101727907150092,2-5,0.41735101204676756,0.4282732594536907,0.3939461961747894,0.4423402393264015,0.42827325945369066,0.4555280329570678,0.8665372474328299,0.8517497648660135,107.3754138470233,107.4964598698726,108.37025605288582,108.5042959855247,110.77915713387901,121.30008074851516,132.4204363716015,107.21848763724037,0.9189229883605669,1,-0.060936525485917936,581.0,619.0,502.6375,1.1559026137126658,1.231503817363408,0.5034250171210622,0.2857142857142857,-10.119912894336549,332,292,68.66743103178185
263,Incarnate Word,Slnd,9-10,106.64641494230888,174,115.56662049901189,336,0.2841891626065448,263,14.164746405973013,16.835253594026987,7.164746405973011,12.83525359402699,2-6,0.30215669440050474,0.2722641131071435,0.3432589936788764,0.332127313875993,0.2722641131071435,0.36505207429886016,0.8956335475675313,0.8662669845442053,103.75237290154622,108.380454442197,103.09066501543845,107.821535852516,103.8981328493076,113.55370599060781,96.55788278548555,94.4764966137248,0.5623248984166949,1,-0.09120528033299596,547.0,569.0,520.6,1.050710718401844,1.0929696504033806,0.3795807947121826,0.25,-7.502263698771311,263,327,64.91175361223314
264,Charlotte,Amer,8-12,102.9873398152184,229,111.77677940094641,277,0.2805319665942858,264,10.91990399059094,20.080096009409054,3.9199039905909414,14.08009600940906,1-6,0.4320118769284296,0.3871534999415882,0.5153202913325637,0.47678413857085306,0.38715349994158843,0.5415173775808774,0.8681348273700984,0.8923732278395523,105.4337586323777,107.24436120343401,106.71768819155884,106.91272799586747,96.10326968871274,108.89056836947121,116.44372627093246,127.05956883196954,0.26828310914515097,1,0.002154646941582794,446.0,501.0,465.4625,0.9581867497381638,1.0763487928673094,0.5581882506479862,0.14285714285714285,-8.830003795457914,295,176,64.77506255153827
265,Tulsa,Amer,8-11,99.45220228144724,300,108.01488297048911,210,0.2789237295379678,265,10.96082434097323,20.039175659026775,4.960824340973231,13.039175659026768,2-4,0.32655932758081846,0.2671848758877416,0.4552039729158182,0.4256016378570733,0.2671848758877414,0.540013743723813,0.8828287874940487,0.9414060679666582,103.02047760342309,110.39552281283801,105.52046258241683,108.32727402879628,97.97796356382915,106.26862004997734,0,0,0,0,-0.10449961372224126,398.0,441.0,404.27500000000003,0.9844783872364108,1.0908416300785355,0.5824186291278103,0.3333333333333333,-8.872906698687483,298,339,66.82689458860484
266,Weber St.,BSky,7-13,104.46794325523123,208,113.52220222532796,306,0.2777080646344783,266,12.605353047472756,19.394646952527246,6.605353047472756,11.394646952527246,1-5,0.4478542328950731,0.4487873368399184,0.4456769903571007,0.406240867411284,0.4487873368399185,0.37314916896679057,0.8891172213740983,0.8427138126229639,107.87505616375647,106.23996086487512,106.02841082865656,107.95981724555367,104.3582433912204,115.22367091183077,83.90254371095465,104.93718463747302,0.07092154109645131,2,-0.029678650172061616,412.0,455.0,392.7875,1.0489132164338224,1.1583871686344396,0.3368852582716355,0.16666666666666666,-9.114257364000343,304,243,64.58185231916805
267,Saint Peter's,MAAC,7-9,92.73882452875631,353,101.03760593827599,81,0.2717792319983421,267,13.721762967889532,14.278237032110468,8.721762967889532,11.27823703211047,2-6,0.349711286415654,0.40767431186636344,0.2917482609649446,0.3032544472275905,0.40767431186636344,0.26148650137208135,0.9322686478971797,0.8778605118622997,104.64531582743474,110.04005082645466,102.91999410777765,111.1813705268103,85.05352922001558,97.69780177473578,0,0,0,0,0.0023627399865222554,452.0,485.0,514.1375,0.8791422528020227,0.9433274172765067,0.24131199497683908,0.25,-7.008399790215305,247,175,62.59415133990657
268,Iona,MAAC,7-12,96.56085774665456,331,105.28232709533933,151,0.2700380999299197,268,13.409817461633812,17.590182538366186,10.409817461633814,9.590182538366188,4-4,0.3637250433654616,0.4407345072450253,0.25783703053106155,0.3238132552415524,0.4407345072450253,0.25950656663964233,0.9247667123861073,0.869608132666272,102.8642718872232,108.37863130997111,102.44361027257713,109.98894372305493,94.5166680880167,103.8351816617159,78.8020100010656,110.06174640092776,0.02099638812177562,1,-0.06179310047618092,551.0,548.0,562.3125,0.9798821829498722,0.9745470712459708,0.26061959071202956,0.5,-9.535987994496384,319,295,69.582710955653
269,Presbyterian,BSth,9-12,102.95929360473139,230,112.3323130792942,285,0.2685542026744831,269,12.796727374158953,18.203272625841052,5.796727374158952,10.203272625841047,2-4,0.3427785209005072,0.3279869028162662,0.3797575661111097,0.360797163482702,0.32798690281626597,0.39155678285748585,0.9134081734000422,0.9105653290759921,104.90276338397564,109.10978411393044,105.47535989505805,109.72162592943073,102.50970926281444,109.68465897865468,0,0,0,0,-0.036337137291497845,420.0,434.0,393.6125,1.067039283559338,1.1026072596779828,0.39863631290531143,0.3333333333333333,-9.275792571273492,310,255,64.22979771978517
270,Georgia Southern,SB,11-9,99.73802108001466,297,108.877651132795,232,0.2673136547756052,270,15.352222814352645,15.647777185647355,7.971345475654667,10.028654524345333,4-4,0.37947617958699215,0.40870728015479685,0.33562952873528507,0.39139582165174736,0.4007642859174074,0.3846297085709928,0.889680947587488,0.8617687451758548,105.11818501563504,109.97430575257043,104.42503134874006,109.00530661267719,99.69842332893256,113.46802930186311,100.14093298048537,114.78190195687294,0.17232534140151426,1,0.11200646937038938,585.0,612.0,561.85,1.0412031681053662,1.0892586989409985,0.4238298524395591,0.5,-5.785837706819001,213,20,70.87910613798843
271,Army,Pat,11-8,102.23373074925752,249,111.80949101701694,279,0.2631519700781297,271,16.924398554773926,13.075601445226074,10.924398554773923,7.0756014452260745,5-2,0.2793082397023801,0.3124262768075303,0.22253446180783681,0.2663298215085038,0.3124262768075302,0.23559885130915278,0.9288313501476454,0.880149355360107,103.42772020384689,110.71806486215522,102.23645851559704,110.9068211561545,101.03875040763704,109.75734011913588,107.21351415167474,114.16649531432078,0.3268187289066223,1,0.03831276591478694,484.0,484.0,465.3125,1.0401611820013432,1.0401611820013432,0.24391255371908116,0.7142857142857143,-5.815575651637886,214,101,67.95606283178874
272,Northern Kentucky,Horz,9-11,97.76553702189017,321,106.98335800808628,183,0.26189096486397234,272,13.190396570659658,17.80960342934034,8.190396570659658,11.809603429340342,4-5,0.41786211508452736,0.46479134660892446,0.36050416544359765,0.41118897516322295,0.4647913466089246,0.3817076708680872,0.8813919999532549,0.8119984968946888,106.17583739014218,107.78603920186806,105.61726543822488,108.27177670224674,97.0796085212893,108.44059768793987,88.188401957239,94.42159535437933,0.31316044196717613,2,0.028072812455948004,621.0,643.0,613.925,1.011524208983182,1.0473592051146314,0.399055993488124,0.4444444444444444,-7.384571336310933,259,124,64.46871402163086
273,Harvard,Ivy,6-10,100.82078118706264,276,110.42365957720963,257,0.2599421794609162,273,9.309177088236332,17.690822911763675,4.30917708823633,9.690822911763668,1-2,0.3729133419186881,0.37660227077135205,0.35692798355714433,0.41639728638906687,0.3766022707713518,0.45334980089123084,0.8850424598806528,0.8798614018570379,103.42293140201745,107.3058857543799,105.39012930957307,107.9163684131865,105.14869279141944,114.64511762171402,106.3828416418092,104.93794426306083,0.539235176248571,1,-0.044576739823718514,211.0,217.0,194.6625,1.0839273100879727,1.1147498876260193,0.47964666016416363,0.3333333333333333,-7.607619611359157,268,268,66.15935275759381
274,San Diego,WCC,4-17,98.52266861020857,312,108.00778859233347,209,0.2578751697283717,274,6.447549194672225,24.552450805327773,3.4475491946722263,14.552450805327773,1-7,0.4997764284657225,0.4011327404453634,0.6600724214988063,0.5268762626573684,0.4011327404453634,0.6176910286993723,0.8094214667508907,0.8713457501589367,107.06780506864015,105.52875829962068,107.6605424355702,105.35608559433209,104.89649912608247,112.45915228843255,100.49628400722605,111.45132853898728,0.23328162755856954,5,-0.16750429070550993,558.0,657.0,550.4625,1.0136930308604128,1.1935417944001636,0.5837859144598252,0.125,-11.875507693851981,350,362,69.97896927199078
275,Charleston Southern,BSth,6-15,100.00156355375577,292,109.7099009932584,244,0.2562562438506703,275,10.061051167660578,20.938948832339424,6.061051167660576,9.938948832339422,2-4,0.46698067646428915,0.4831533110222941,0.4265490900692766,0.4366653020481434,0.48315331102229403,0.39308279363487714,0.8646206155533664,0.8100909012328579,108.8286386285105,107.6245563297831,107.98569784755803,109.08695281175531,97.96399129310551,106.18308344340107,108.42190760988832,111.98599691038929,0.4080693910830619,2,-0.05112555578119132,445.0,466.0,436.53749999999997,1.019385505254417,1.0674913380866478,0.37300301577423745,0.3333333333333333,-10.463714209483662,337,278,68.27725763109328
276,Pacific,WCC,6-16,103.6157282977926,220,113.6923474377512,308,0.2559206942435354,276,8.108619985906063,23.891380014093933,3.1086199859060644,14.89138001409394,1-7,0.4923357226294526,0.4404733643929931,0.5830948495432569,0.5404591061578762,0.44047336439299334,0.6182257941972297,0.7936020113316348,0.8310975889105692,108.00935253443927,105.95861713999697,108.9529991228012,105.27465414084043,107.760463783618,118.55798674197506,104.20256730306821,109.5781689085944,0.3592856239498665,3,-0.07865846194923987,575.0,663.0,550.6374999999999,1.0442441715284558,1.2040589316928108,0.6463305499204077,0.125,-10.701849785552033,343,313,66.76622765803769
277,Air Force,MWC,3-16,99.87222167100457,294,109.83370570306042,246,0.25098374595348055,277,4.682474948825252,26.317525051174748,1.682474948825251,18.317525051174748,0-8,0.5039564131092316,0.39796075297948014,0.6497004457876399,0.5857330927283961,0.39796075297948014,0.6890078795903,0.7985103913087185,0.9052901009647275,106.75252795828112,106.97608107720274,108.6744985856209,105.0921251966686,100.33787434233011,109.35480482605155,88.69125285664144,99.1708922252344,0.21680936301762355,2,-0.15974677369379287,485.0,579.0,518.025,0.9362482505670576,1.1177066743883017,0.7152128354587401,0.0,-11.898101704695131,351,361,63.59477607432578
278,Bowling Green,MAC,7-12,100.75528275355474,277,110.8159533482669,262,0.25076709208427533,278,12.674052696809824,18.32594730319018,6.984896935335712,11.015103064664292,2-5,0.34850457441192173,0.34390532297808046,0.35638900544136404,0.33304291383215,0.3304623847452092,0.3349066292838297,0.9164245164881307,0.8944388371123821,106.10832554328049,111.04146723042432,104.05910224600198,110.63369615679679,98.13519452356634,108.65530205491781,122.32551446997194,100.91414960902092,0.9013911387405238,1,-0.09974563240630302,508.0,538.0,496.875,1.0223899371069183,1.0827672955974843,0.32123602627448955,0.2857142857142857,-8.525056952741707,288,335,69.47754674242648
279,Stonehill,NEC,10-10,102.08353666979494,252,112.30037569475881,283,0.2503144293302356,279,16.693386877855527,14.306613122144475,8.693386877855525,7.3066131221444754,2-3,0.31843613154465644,0.3671360035917562,0.1723365154033571,0.2770420088548606,0.3671360035917562,0.19257888878902094,0.922093132902626,0.8723528551423446,102.1510416177776,108.47339125257335,99.87411107199529,109.01739429562001,99.36489523082403,111.2083498379695,104.13197169448813,118.35978078956101,0.186516777927345,1,0.01335506284253557,333.0,331.0,324.5,1.0261941448382126,1.0200308166409862,0.2017799676006863,0.4,-7.229907172032019,254,156,65.18509922008757
280,LIU,NEC,10-11,95.25957039118916,342,104.81607048873335,143,0.24984884367453408,280,15.781374587104853,15.218625412895147,11.781374587104853,4.218625412895146,6-0,0.30750729887017053,0.35198716495241583,0.19630763366455717,0.2697417912769469,0.35198716495241583,0.1926367534561946,0.917687962154525,0.8632618612326162,102.94518471990935,109.71531866648611,100.96380141865684,110.04109487046229,96.00378136262144,96.92657184746973,101.46507238793251,110.96662003938981,0.26319650169997855,2,-0.027666132801067,391.0,327.0,378.25,1.0337078651685394,0.8645076007931263,0.19043422533117707,1.0,-8.048722205883596,278,237,65.3221098492268
281,Monmouth,CAA,5-15,100.46182222782684,285,110.71406021306235,260,0.24647711033465455,281,9.047631396857726,21.95236860314228,7.047631396857726,10.952368603142274,3-4,0.4588046503060387,0.4899743966369078,0.4009179785487103,0.4345539292568439,0.4899743966369075,0.39452803614902016,0.861187830770116,0.7795033920397119,106.44748269896044,106.97553186782281,105.54592935735754,107.47967651822384,99.15919687293977,107.18490776893664,96.68173731704903,95.79318860094541,0.5265198011155997,2,-0.06651756629053485,482.0,504.0,471.5375,1.0221880550327387,1.0688439413620336,0.3904617091673991,0.42857142857142855,-10.549707674942065,340,301,66.91861773049425
282,Siena,MAAC,9-10,99.7667675358424,296,109.96197941981274,249,0.24620710886427336,282,15.04065309088856,15.95934690911144,10.040653090888558,9.959346909111442,4-4,0.38991847600255963,0.4634381785744775,0.2888288849661725,0.3381446948349845,0.4634381785744775,0.26923327877826325,0.9212892352948033,0.8684039577924466,104.11675635970336,108.96432661095504,102.54642990540886,109.66454737701908,100.63410055390347,111.1043706003149,93.96287797473474,108.97120313312455,0.15392865557548635,1,0.08016254859260813,596.0,570.0,552.1125000000001,1.0794901401435395,1.0323982883923113,0.256169541319657,0.5,-7.2363861962559515,255,47,65.23136994454426
283,Navy,Pat,6-14,102.3780729050763,243,112.84922665422096,294,0.24603520071494983,283,11.648292638564426,19.351707361435572,8.648292638564422,9.351707361435574,3-4,0.30067460274219054,0.3392264627804283,0.22907829124260612,0.28015292823724347,0.33922646278042823,0.23748870884494355,0.9403375287911308,0.9118898218016482,101.28708087985709,109.3100045052912,100.90118329378589,110.05310940942772,102.51955168587297,108.42974520513017,0,0,0,0,-0.18769426487014063,482.0,466.0,453.91249999999997,1.0618786660424642,1.0266295816925068,0.24284079277370368,0.42857142857142855,-11.979086479905396,352,364,67.26651429313287
284,Western Michigan,MAC,5-13,102.9337864566846,231,113.46800976988573,305,0.24591805834887404,284,10.160163662245495,20.8398363377545,6.541041000943473,11.458958999056527,2-4,0.4265946563723728,0.4785834794348791,0.3226170102473602,0.4011943892071932,0.4581491362101116,0.36006040526064104,0.8741109744029139,0.8116725305676338,106.82601049817416,109.06863677379557,105.13391701070154,108.91810743361562,102.4500709566287,118.59401154214488,100.3101266807276,93.69988817807102,0.6865310338349984,1,-0.1288685364108867,462.0,488.0,438.0,1.0547945205479452,1.1141552511415524,0.37878210276728136,0.3333333333333333,-9.187225294685513,309,351,67.90037211155531
285,Howard,MEAC,8-11,109.14621139359575,127,120.3730777929379,358,0.24491176895385244,285,15.966056752444247,15.033943247555753,8.573826356245018,5.426173643754984,3-0,0.341390731733122,0.38751886541842556,0.09537401874483625,0.31151775630609085,0.3843989514558596,0.22301916219565734,0.8890478512165267,0.831113050969436,104.0514303267523,106.5328966478209,102.79033574055704,109.07279206153783,117.80921114905425,129.9892049950346,104.63086818695483,108.50566694501903,0.39695149357971676,3,-0.09959549449618088,290.0,264.0,224.6875,1.2906815020862308,1.1749652294853963,0.25783147404588125,1.0,-7.4715460339563196,261,334,68.53339913254578
286,Tarleton St.,WAC,8-13,93.99351286826605,349,103.68335556499558,120,0.24446904984528606,286,11.215951725123183,19.784048274876813,6.215951725123185,9.784048274876817,3-3,0.4759988687819945,0.4921650280654874,0.43558347057326224,0.4707350347405812,0.4921650280654875,0.4506444159984816,0.8308668930730109,0.7662100082069592,107.92875897335794,104.58919859836243,106.44936460101314,104.9295924061787,98.07370548516087,102.4507307056138,81.93326773155434,104.82988810244665,0.055514878117899326,4,0.023498872429860596,392.0,410.0,402.65,0.9735502297280517,1.018254066807401,0.4596809832536133,0.5,-7.586516997269596,266,130,65.33713861681407
287,Jackson St.,SWAC,4-14,95.72740743302334,338,105.71303249649182,156,0.24212384047163432,287,12.526718966697027,18.473281033302975,12.526718966697027,5.473281033302974,4-1,0.6180552082959642,0.7814066971110448,0.19334133737675502,0.4299453035645449,0.7814066971110448,0.17611207489207303,0.8034389823322472,0.5728560103329656,110.37728438634942,103.17202010199956,104.04337133331607,107.50238931432312,101.32580801130125,110.36282522243076,95.21755417925303,114.15560481168181,0.11045727150477444,5,0.014799666190598249,404.0,383.0,378.775,1.0665962642729854,1.0111543792488946,0.16948543547488765,0.8,-6.9951561992858755,245,153,69.36674707686217
288,Evansville,MVC,6-14,93.69179418163793,351,103.53171485604815,119,0.2407677655196489,288,8.688125757328061,22.31187424267194,5.688125757328058,14.31187424267194,3-6,0.4794376051922279,0.45614302859135786,0.5079087543710687,0.4931259858094918,0.45614302859135786,0.5134666122794653,0.8580471769817085,0.8415491557758837,107.94435461951574,107.60415819532479,108.06412662522422,107.55866704151549,93.3716398025834,95.4972807876255,84.49763914366791,108.27785667917837,0.05459163152870966,2,-0.026657784196035206,562.0,572.0,587.75,0.95618885580604,0.9732028923862186,0.5180139505681535,0.3333333333333333,-9.910813434702067,327,236,66.24956145123357
289,Utah Tech,WAC,6-13,101.57033237607362,265,112.2768886912149,282,0.24003450375970892,289,9.611470627944284,21.388529372055718,5.611470627944283,10.388529372055714,2-2,0.47057539104803353,0.4783117336634811,0.44156410624010484,0.464316587547163,0.478311733663481,0.45119613806311487,0.8576080756680152,0.82159716170461,107.05460356601374,105.6243093807277,105.37214860414137,105.19708285540612,105.1460033310571,110.60840633291838,96.12344616860419,108.53319527833517,0.1983939908786515,3,-0.024174283812109232,274.0,294.0,268.4375,1.020721769499418,1.0952270081490105,0.4544068153374514,0.5,-8.756953850484823,294,231,67.43820693121332
290,Southern Miss,SB,8-11,99.38998105772573,302,109.86915062925388,247,0.23998782839296526,290,12.194531391373454,18.805468608626548,6.938862795326127,11.06113720467387,3-4,0.4230480570925814,0.4237705493697695,0.4218094989031162,0.4290799930030939,0.4223547582987804,0.4339371069562093,0.8764895881145274,0.8642603894695656,105.77709343377488,106.94964918332278,105.00701342489405,106.97445265719053,103.01169399010818,107.84761828037556,88.51208478910597,109.16614797443708,0.08226846103435376,1,0.034380349893446405,531.0,538.0,507.36249999999995,1.0465889773091233,1.0603858188179065,0.44165467571726863,0.42857142857142855,-7.592431699606678,267,114,69.98914686321582
291,Albany,AE,10-11,103.12161547221544,227,114.00455613200518,316,0.2397978740727943,291,15.11697867566686,15.88302132433314,7.1169786756668625,8.88302132433314,2-4,0.3089740887117617,0.3176757739716847,0.28721987556195394,0.29572536155668855,0.3176757739716847,0.27514684991762967,0.9358612350777377,0.9229796676419866,102.74362407979201,109.6041271009916,101.38498871522887,109.6337555276457,97.89733329317862,113.61218993628586,0,0,0,0,0.013645612416482544,432.0,463.0,419.65000000000003,1.02942928631002,1.103300369355415,0.26790303453103503,0.3333333333333333,-8.852791620352866,297,155,68.0897464513886
292,Tennessee Tech,OVC,9-11,101.58819264128904,264,112.34830538451838,286,0.23907073906145165,292,14.554147517561855,16.445852482438145,9.554147517561853,10.445852482438145,4-5,0.3291220825070213,0.39878478114255955,0.24397878417469684,0.30396352410064764,0.39878478114255955,0.251811832727596,0.9087125003831118,0.8205139857223994,103.02508040399344,108.53895994927943,101.51425325928794,108.96302141569167,100.49010266417264,111.45693347231622,111.57812590332486,106.23800028849607,0.6373767198795496,2,-0.026148170555811034,635.0,637.0,618.0124999999999,1.0274873081046096,1.030723488602577,0.2582206906345136,0.4444444444444444,-7.919978267463122,276,235,67.93200922454348
293,Bucknell,Pat,8-12,95.46695964685355,341,105.65222329594297,155,0.23761778564705632,293,13.769339644555826,17.230660355444172,9.769339644555826,8.230660355444176,4-3,0.4045176785703071,0.47892990913427147,0.2663235360943732,0.3392787920647201,0.47892990913427147,0.23841965195893314,0.8832618476403392,0.7760533349913619,105.44934854995941,108.54868717031805,103.62958374321695,109.91019582173602,98.79685999218044,106.11694898424835,97.29990178352915,101.97186642329297,0.36834154141885483,3,0.005461195302450483,492.0,494.0,482.2249999999999,1.0202706205609418,1.0244180621079373,0.220662634781835,0.5714285714285714,-7.962642451178493,277,166,67.81042477871347
294,Stephen F. Austin,Slnd,8-11,91.2564329251374,360,101.26440684102282,85,0.2320615006463105,294,12.751255682650584,18.248744317349416,5.751255682650585,14.248744317349413,1-7,0.4029729919495826,0.34593583045996135,0.4813990889978115,0.38432849702694505,0.34593583045996135,0.4054444636387859,0.8828098701577186,0.8551810684802301,105.33382653374981,105.70601513389684,104.427773444179,107.24330647288716,90.46924040445309,105.38600341467964,97.44465870869612,108.71139297599665,0.22127738766295063,2,0.006208763084075641,486.0,554.0,528.1125,0.9202584676560392,1.0490189116902175,0.3548080467327688,0.125,-7.2605141729711455,256,165,65.82412631054981
295,Lafayette,Pat,8-12,98.2998654998801,316,109.1463086689878,235,0.23082370583207612,295,13.670998395432758,17.329001604567242,8.670998395432756,9.329001604567244,3-4,0.3171009092856108,0.35596979990661154,0.2449158267037522,0.2881516363874012,0.35596979990661154,0.2391718516235271,0.9295774094796869,0.8867103065719557,103.29568383821761,110.48794224214527,102.24397662414366,110.96793355397149,99.66776591303649,107.81704449343945,94.87367285242573,91.16138721817455,0.6127817844128348,1,-0.056387097778713535,489.0,466.0,461.0875,1.060536232276954,1.0106541600021688,0.23551659475429296,0.42857142857142855,-9.505214536631046,317,284,65.90585204681064
296,Penn,Ivy,5-11,101.74139647018171,260,113.06966290626202,298,0.22898465754458291,296,8.245909480629479,18.75409051937052,4.24590948062948,9.75409051937052,1-2,0.4615473442165775,0.4745650803401515,0.4051371543477571,0.4658463377564996,0.4745650803401515,0.4577503625002516,0.8517476033624634,0.8116984171527055,105.0271321475468,106.62437842129629,105.97119198754501,107.34273700049224,105.65999673586214,110.60949161170913,93.10524113524389,107.06055160717679,0.16712561233383502,4,-0.024800415993053992,228.0,226.0,208.1875,1.095166616631642,1.085559891924347,0.47209941926911375,0.3333333333333333,-7.4641501932804015,260,232,65.46358374467661
297,IU Indy,Horz,7-14,107.35412566286247,156,119.35487967302075,356,0.2281767118654762,297,10.205243353165192,20.79475664683481,6.2052433531651925,13.794756646834808,3-7,0.33645732330492883,0.30869237001600064,0.3669987719227498,0.3579631793056535,0.30869237001600064,0.3850621244149627,0.8957489030882864,0.8537318919226269,103.37603232619634,107.50350466738865,103.65682106429335,107.6698212105862,109.27565624010529,117.46078240679617,118.54174370647453,120.18015092200599,0.4606174595734517,2,-0.13348239078425517,729.0,734.0,648.45,1.1242192921582235,1.131929986891819,0.40312547690717543,0.3,-10.760260606492142,344,355,64.67222585298215
298,Alabama St.,SWAC,7-11,104.56304135263672,206,116.3395546785739,341,0.22665188800957498,298,14.743603233903773,16.256396766096227,10.743603233903773,7.256396766096231,3-2,0.4313171396526997,0.544268973828912,0.13764237079454752,0.3330562091138966,0.5442689738289122,0.18051365681971882,0.8848627116721249,0.7675019889254737,104.32362435584317,107.18841079079523,100.67138628167223,108.86775777302135,101.7251367751817,119.76839631225639,101.79065441633252,110.13010280996555,0.28790978678504275,3,0.01562193001521972,381.0,355.0,339.67499999999995,1.1216604106866859,1.0451166556267022,0.19700261298324623,0.6,-6.9000518543336495,240,151,68.05410172548174
299,Portland,WCC,7-14,102.92759226471398,232,114.58610078273034,324,0.22548930677713164,299,8.86649739865509,22.13350260134491,3.8664973986550906,14.13350260134491,2-6,0.47582908349420905,0.35482622281884,0.6724587320916836,0.516860489184261,0.35482622281884,0.6338852371148428,0.8072227293359703,0.8974719981947844,107.5880259498181,105.64893195123351,108.18830473418713,105.0213040576647,110.76527325499008,116.92574294197284,107.55229490661493,104.09203823899692,0.5929247849704226,4,-0.021318509581559175,578.0,676.0,555.875,1.0398021137845739,1.2161007420733079,0.6030264411333702,0.25,-9.009521933261501,301,222,68.27404028502349
300,Texas Southern,SWAC,7-11,96.63073428064706,330,107.70446408246987,204,0.22310146484760457,300,14.308099795010639,16.691900204989366,11.308099795010639,6.691900204989363,4-1,0.4346239862506121,0.5401502308353497,0.1602557503302942,0.3330936242826655,0.5401502308353494,0.18355274177239372,0.8750165975744805,0.7436285681206012,105.77568990488244,105.31614572423686,101.86330490945585,108.98290824120532,93.68313543758475,102.35660061114812,100.14870201542023,103.28126820989318,0.4123645151993004,4,-0.031184328241562753,358.0,316.0,357.225,1.0021695010147667,0.8845965427951571,0.19251312309627813,0.8,-6.596481732809426,231,247,70.45689330157461
301,Mount St. Mary's,MAAC,11-8,96.86895575580809,329,108.11888584152811,213,0.22036652640279777,301,16.678550661169776,14.321449338830224,9.678550661169774,10.321449338830227,4-4,0.34127764973452335,0.3987648895141659,0.2622326950375148,0.3129490672059433,0.3987648895141659,0.2657503649364207,0.9066956954966143,0.8247288659000734,103.47423230612519,109.24229456934657,101.89413565690045,109.41028990738111,95.99732031716036,110.7168938530672,91.93556928437535,97.23375735984175,0.3442651342229961,2,0.15320756280428416,552.0,585.0,548.0124999999999,1.007276293880158,1.0674938984056022,0.26809547820235796,0.5,-5.019500678516479,189,8,68.28267360817128
302,UMBC,AE,10-10,105.35960973344157,193,117.67497470018185,347,0.21903638245750673,302,14.847057332607388,16.15294266739261,6.847057332607383,9.152942667392615,2-3,0.2747496688993269,0.29841344687186677,0.2037583349817073,0.28774046733490377,0.2984134468718667,0.27773454901900096,0.9263057230034226,0.9037880211819874,100.4184106145094,108.8577047193587,100.63031691793627,109.13133327923627,102.1091015149748,124.58824387495656,80.91411685166491,108.59011524654083,0.032824369623340295,1,-0.03133526837323175,399.0,404.0,363.625,1.0972842901340667,1.1110347198349948,0.31136010085413446,0.4,-7.748415368398534,272,248,71.14828303347382
303,Coastal Carolina,SB,8-12,101.79980303465256,256,113.91060725357495,312,0.21540173838625465,303,11.415810277819107,19.584189722180895,4.10496603929322,13.89503396070678,1-7,0.3212416022878144,0.29035856198383064,0.36756616274379017,0.35716535325208626,0.291945374272701,0.4042686714038646,0.9117088491688803,0.9307551430435113,103.05353832286731,109.6387877518861,103.20064301549623,108.62776011890071,101.55186574677563,120.95645480130398,0,0,0,0,-0.048689111588183565,539.0,622.0,527.5374999999999,1.0217283131530936,1.1790630997796367,0.4336306783319241,0.125,-9.569755373978895,322,274,62.84831669387171
304,Eastern Michigan,MAC,9-9,102.81832202901336,238,115.1700727837491,331,0.21338629461737324,304,14.030076978528538,16.96992302147146,7.35307034981495,10.64692965018505,3-3,0.40095327097790073,0.4101935588247086,0.38247269528428496,0.38303529989141544,0.39007057186741045,0.37795427013097443,0.9135551055180058,0.903765876628038,106.0021136778765,109.59689286345807,104.54500223961847,109.3800333749362,104.69638246821803,115.01529321113964,0,0,0,0,0.16438236693362762,468.0,497.0,436.175,1.0729638333237805,1.1394509084656388,0.3756950575543192,0.5,-6.47502665921979,230,7,67.955293207353
305,North Carolina Central,MEAC,9-12,102.35743060261706,244,114.73542555899962,327,0.21201599147411557,305,13.681166447648499,17.318833552351503,6.681166447648499,7.318833552351501,2-2,0.31396433050024936,0.36111735367708375,0.11356398199870327,0.3008669350873504,0.36111735367708375,0.2277057125141028,0.9134542889243631,0.876395409954234,104.63071050578803,109.61431130169338,103.89085349726805,111.11521788143403,101.6759887199864,111.26296135989345,94.77917123685963,109.55458803485422,0.1589525104764732,2,-0.05161498359726341,322.0,306.0,293.8,1.0959836623553438,1.0415248468345812,0.27336240472026263,0.5,-9.089729119649704,303,279,66.30092347074013
306,Long Beach St.,BW,7-13,102.86964818873369,234,115.37945146555214,334,0.21085458956446101,306,9.937460757046622,22.062539242953378,5.937460757046621,14.062539242953378,3-5,0.4456518873772997,0.4576575043271755,0.42764346195248576,0.4702480311158253,0.4576575043271755,0.47780234718901504,0.8568594738138484,0.8288512796444846,106.12351136378291,105.89867647221003,105.8311535231147,105.49625547287327,105.0378921045808,118.11401626620807,77.92085250665369,106.53365755600434,0.02667932350042113,1,0.019118608208253063,555.0,602.0,526.4125,1.0543062712226627,1.1435898653622396,0.5112416040133679,0.375,-9.134403126492217,305,140,63.89706147920806
307,Manhattan,MAAC,8-9,107.3036961178338,158,120.63307747294627,359,0.2064366330122028,307,13.091377077990623,15.908622922009377,8.091377077990627,11.908622922009375,3-5,0.3009846066770683,0.3363736920168749,0.2611718856697857,0.28948537282635556,0.3363736920168749,0.26838562919062176,0.9266905602673421,0.8644174005293789,100.91984468172019,108.20362445840121,100.6127256616929,108.79464986645776,106.38971275812362,121.34020190981903,86.56586718165919,90.66655823814374,0.36999124955619545,1,0.022451280340084034,604.0,627.0,555.8125,1.0866974024513663,1.1280782638029911,0.2731947915378458,0.375,-6.8637880196552405,239,132,68.15085883849864
308,Georgia St.,SB,7-13,101.18246098542369,271,113.86560916936632,311,0.20455338755667332,308,10.716350326594553,20.283649673405442,6.228243909190457,11.771756090809545,3-5,0.4367179256013122,0.4374941529542258,0.43555358457194193,0.4172207049285808,0.4166605177564221,0.4176252845529177,0.848754254904648,0.7869866751866569,107.43486031786692,107.1681476012896,105.35982884415697,107.2223304873499,102.51422503437165,117.71671245474549,103.2631118089781,106.62004989395778,0.40904838515005143,3,-0.01344688913718195,581.0,647.0,559.3375,1.0387288533309496,1.1567255905423828,0.40328264453769824,0.375,-8.518124106000016,287,204,69.10480015078349
309,Fairleigh Dickinson,NEC,7-13,100.53248168200238,280,113.37377847922903,303,0.20062278845991732,309,12.910698698406557,18.089301301593437,8.910698698406561,7.089301301593439,3-2,0.35889630661990274,0.41471155580528973,0.19145055906374164,0.3032610736464469,0.41471155580528996,0.19877624662253157,0.8986744284398188,0.8252758821424948,104.64665653582506,107.44076852879546,101.57481855140821,108.65316358345628,92.20261779367918,104.71487968084548,106.53084789312193,110.77818939601062,0.3894567998196065,3,-0.06387976214359298,351.0,339.0,363.47499999999997,0.9656785198431805,0.9326638695921315,0.20210610460379969,0.6,-9.373513085847863,312,297,69.59917580950153
310,Niagara,MAAC,7-12,101.35090442915688,269,114.53679575466542,323,0.19678125548019743,310,12.07468392411223,18.925316075887764,7.0746839241122315,12.92531607588777,2-6,0.3030443210103324,0.3484558799863663,0.24060342741828575,0.29406998191096856,0.3484558799863665,0.26415773796949976,0.918724471297245,0.8583800126253882,100.94794353821163,108.26566526004143,100.70019648466386,109.08529268675633,101.97290207091706,118.35174753138537,106.31661881279132,111.39229743446232,0.3690439296472924,1,-0.06807037742602201,524.0,553.0,503.7125,1.0402759510633546,1.097848475072586,0.279860611670309,0.25,-9.569053093055519,321,304,63.90859946973029
311,Oral Roberts,Sum,5-14,105.16969814336612,198,119.02417741511253,355,0.19416958423507916,311,8.444373363765866,20.55562663623414,3.4443733637658633,12.555626636234134,1-5,0.4147714462437553,0.4013186612357535,0.44391914709442565,0.43744012516344505,0.40131866123575316,0.4667888146046948,0.8495564407279571,0.8144563253305678,109.17647872586699,107.15862017080492,109.49620957283231,108.53907681863171,106.78576379568192,123.5902406138511,101.30390900686339,112.98828344589383,0.2217788588165571,2,-0.12708963445522897,466.0,525.0,416.625,1.1185118511851184,1.2601260126012601,0.4805106151108563,0.16666666666666666,-9.976907101511168,331,349,68.23478445249623
312,VMI,SC,9-11,101.5119123374015,267,115.00551411666035,329,0.19228275257735497,312,12.182754586107903,18.817245413892095,6.182754586107906,11.817245413892094,3-4,0.3272476832125556,0.2956161579643208,0.3859919443878487,0.36561172457811547,0.2956161579643208,0.4161640782436339,0.9019066612316107,0.9002261340706574,105.08726043881136,109.29608320330414,105.34015177169857,109.20297216724784,101.39008083400715,113.31158467267765,84.62448254737171,113.50161985730554,0.033043611038583415,1,-0.0027976592612674045,502.0,528.0,479.3375,1.0472787962552481,1.1015203275354004,0.43536452706095174,0.42857142857142855,-8.183911185772432,282,186,67.23637201538725
313,Prairie View A&M,SWAC,4-15,101.97358741737725,254,115.62733900721489,338,0.19076086972434333,313,10.100123233957548,20.89987676604245,9.100123233957548,8.899876766042453,3-3,0.47719361357600454,0.6281659402992936,0.15008690567554464,0.37209093532598664,0.6281659402992936,0.18714787617859835,0.8599233217946366,0.7085923374476957,106.8238573276926,106.99363887536144,102.61721111824772,108.72295206090858,94.79488047804328,111.5319969216613,119.7479549819315,116.63448279974455,0.5751655175910748,4,-0.10254531870180023,442.0,425.0,433.9625,1.0185211855863123,0.9793472938329926,0.2056783614301252,0.5,-9.966272414902752,329,337,71.11644816488449
314,Old Dominion,SB,8-12,98.54317853007095,311,111.75291919824369,276,0.190517863567688,314,11.424936055223633,19.575063944776367,7.101942683937218,10.898057316062781,4-4,0.3889274970431402,0.3800611111629742,0.40222707586338924,0.38403778574237885,0.3714286117523996,0.39314441140180845,0.8974218592313289,0.881289774072468,104.97464544784759,107.89736607467961,104.59727503276079,108.45529866268424,98.61213531947924,110.43089794699647,76.94347866885244,111.46303030838179,0.013896128880457796,1,0.011708578779604517,521.0,550.0,521.275,0.9994724473646348,1.0551052707304207,0.3858782798325438,0.5,-9.02943168125631,302,159,65.62445566241358
315,Louisiana,SB,6-14,100.5176771870586,281,114.10200274179584,317,0.18881463038238064,315,8.850888658759407,22.14911134124059,6.255507873356616,11.744492126643385,4-4,0.4452913091734203,0.5213206424284252,0.3312473092909129,0.4489498676288424,0.48929497218721096,0.41981173655890963,0.872672506111251,0.8360636672293933,105.08786493211274,105.52465056313247,104.70928473191209,105.78904731071833,99.01516902755178,114.60180542928967,89.57324802277644,102.384661637258,0.17692485659996698,1,-0.020842902933230212,542.0,595.0,537.5,1.0083720930232558,1.1069767441860465,0.490663278373307,0.5,-10.389003858525538,336,221,67.13523616308753
316,Holy Cross,Pat,10-10,103.63869026842114,219,117.68304222324218,348,0.18824283889494,316,14.796013296903773,16.203986703096227,6.796013296903774,11.203986703096227,2-5,0.3378014441061902,0.3864709590781957,0.2474152020153228,0.3036898673930909,0.3864709590781957,0.24390352339829302,0.9195495856690727,0.8640626262598037,102.70302259804687,107.67328916236158,101.54843999270973,108.77196304688778,101.75925313514759,120.16983974494688,108.44828030086828,99.15641922273447,0.7369372256656302,1,0.10079142616994441,491.0,524.0,463.9375,1.0583322106964839,1.129462481476492,0.24166881882381955,0.2857142857142857,-7.2027075062594585,253,29,65.2665172017511
317,Lindenwood,OVC,9-11,95.55763431279973,340,108.62208685777448,227,0.18638546529849198,317,13.45242005805974,17.54757994194026,8.45242005805974,11.54757994194026,4-5,0.31890812265466584,0.3861206355309273,0.23675949580590178,0.30286759209755476,0.3861206355309273,0.2570784182091999,0.9013361345813562,0.801588010993217,104.39315047061405,109.00242817182409,102.37086500861788,108.98042102786839,94.14086671957666,108.73970051997478,95.93233593188096,103.60875040574648,0.2920900340579724,3,-0.000844416412325355,629.0,653.0,642.0500000000001,0.9796744801806712,1.0170547465150688,0.27370299108462576,0.4444444444444444,-7.8155971433698115,273,182,68.96475734557168
318,Delaware St.,MEAC,9-10,99.17240808394908,306,112.90192956309245,295,0.18375864538950393,318,14.765744399414698,14.234255600585302,6.7657443994146975,7.2342556005853025,1-3,0.3337333358804017,0.3268592229810172,0.35951125925309346,0.28094450633647583,0.3268592229810172,0.23175016707446705,0.9146295899348424,0.8744369174145995,105.78696576321335,109.19669561010124,103.310914315495,111.8801811185074,103.06495998873122,114.59714435271144,100.08054651449451,110.54552240045594,0.24164188939580866,1,0.03467104332747584,306.0,323.0,282.6,1.0828025477707006,1.1429582448690727,0.1806457302030165,0.25,-7.05427762254168,249,112,69.26340774163228
319,Austin Peay,ASun,8-12,93.92987419992184,350,107.03564802156939,185,0.18211927052415228,319,12.248163990822704,18.751836009177296,7.248163990822703,10.751836009177296,3-4,0.44309758628593177,0.4803993364542712,0.3738229074018728,0.409488093538735,0.4803993364542712,0.3582744180997366,0.8659641792140932,0.7989107351483203,107.73725073301384,107.4301038169847,106.46088108422087,109.38941530546602,96.2314640451935,110.84893978777572,95.60600693194266,114.15641579188284,0.11513394143824765,2,0.08536105284138629,499.0,545.0,495.85,1.006352727639407,1.0991227185640817,0.3483799249074683,0.42857142857142855,-7.657208268502561,269,39,65.63342553210876
320,Cal St. Fullerton,BW,6-15,97.60563740319688,322,111.23566675649292,270,0.1819439831678804,320,8.342637691624727,23.65736230837527,3.342637691624729,16.65736230837527,1-8,0.4741958645591155,0.4838355069963,0.461343007976203,0.4818755716167347,0.4838355069963001,0.4806996103889955,0.8424570585243274,0.791350738305931,106.5337119957196,105.2500371590378,106.23430260134623,105.42974273356963,92.98605200696204,112.11809771327528,92.26521199652703,98.78862251641155,0.31310870182246564,2,-0.013507254595930496,592.0,711.0,640.3749999999999,0.9244583252000782,1.1102869412453642,0.4965368305449166,0.1111111111111111,-10.217049960391813,333,206,66.75159763801233
321,Binghamton,AE,9-11,101.74077205954538,261,115.99223622027088,340,0.18129563363697285,321,13.555598338627744,17.444401661372257,5.555598338627744,10.444401661372256,1-4,0.28024200401347327,0.28564023928905696,0.2640472981867221,0.2839985578506839,0.28564023928905696,0.2824594815022092,0.9352797297784515,0.9232876562901509,101.83058011909459,109.1705746284731,101.37601345894328,109.61593209107704,108.83836696274757,125.60086119328514,100.11046351110149,131.75325313023137,0.04075563764495954,1,0.01174112474004041,359.0,385.0,322.7875,1.1121868102079542,1.1927351585795607,0.29082865573652145,0.2,-8.95211491211851,299,158,64.49707839623778
322,Lehigh,Pat,6-12,98.19388873068269,318,112.36803233986316,287,0.17499842423616438,322,10.641445461040949,18.358554538959048,5.641445461040949,12.358554538959051,1-6,0.3673323772799406,0.44119791422576554,0.25125796207935863,0.31965691320733514,0.4411979142257657,0.24538185702940543,0.8995548560828726,0.8017003306576518,103.58617505113652,106.77568050543566,102.41115871949579,108.74597356163635,91.75981978896104,109.45714782328184,80.76398426142505,120.19196555538498,0.010232216973162867,2,-0.04100920566442895,456.0,492.0,479.325,0.9513378188076983,1.0264434360819903,0.24164251745216248,0.14285714285714285,-8.709128712188049,293,260,67.42824090803613
323,Denver,Sum,7-15,99.41023693020806,301,113.99130493234094,315,0.17165097549160416,323,9.263299918141833,21.736700081858164,3.2632999181418354,12.736700081858167,1-6,0.3965860881314352,0.3525519508043882,0.4909449538322499,0.4129720665775692,0.3525519508043884,0.46961592511492606,0.8862470736886859,0.8955132193395913,107.73073245410296,109.48473180433243,108.18114159555137,110.01741053599189,92.98409158021984,113.38979915110585,0,0,0,0,-0.021599295089464177,468.0,568.0,476.8999999999999,0.9813378066680647,1.191025372195429,0.4530266805570075,0.14285714285714285,-11.442662804120994,349,224,65.809727727757
324,Boston University,Pat,9-11,95.93290429451554,336,110.1152333211497,253,0.17000368674109903,324,13.807633261895639,17.192366738104358,7.807633261895639,10.19236673810436,3-4,0.31742850239860027,0.3381701286455488,0.278908339368553,0.28461728772369294,0.33817012864554885,0.24594023594679712,0.9341072294320464,0.8992867948926108,102.90150657649835,109.60306205198408,101.93913340309099,110.52159799748173,89.70175433628883,109.96724106696611,66.56803450288993,87.0212446547878,0.043890713019924345,1,0.08357429975722447,399.0,452.0,427.72499999999997,0.9328423636682449,1.0567537553334503,0.22496053376931602,0.42857142857142855,-8.679603486784755,291,42,62.175745333209406
325,North Carolina A&T,CAA,4-17,99.95281708311491,293,114.7391889450769,328,0.1698657623408654,325,6.638204840218668,24.36179515978133,2.638204840218669,15.361795159781332,0-8,0.40229257282892306,0.4192740690361678,0.3746976414921505,0.4095740994626945,0.4192740690361678,0.4025685658818528,0.8863125561693773,0.8485638441827088,104.51957821719603,108.19185123690818,104.17056484108603,107.8791446921577,98.13672155777681,113.8626541998483,98.48308948621046,121.53896180544825,0.08173337509957113,1,-0.13507641797433412,566.0,633.0,563.225,1.0049269829996892,1.123884770739935,0.4248653053936147,0.0,-13.48071380814709,361,356,71.64775228647336
326,Saint Francis,NEC,7-13,99.21848965622956,304,113.97303079718563,314,0.16877545102479183,326,12.067159491360808,17.932840508639188,7.067159491360812,8.932840508639188,2-4,0.3778605016360338,0.4424942972872462,0.22704831178320495,0.31464314451390113,0.4424942972872463,0.20277338583722426,0.8839520275068704,0.7893209234822823,104.47803006712192,105.98874523582204,101.35768690637632,107.59446044204755,96.20947679911507,112.14364672588152,94.65550832240243,109.2796916986628,0.16081658907344765,3,-0.03041126284584217,386.0,402.0,390.4625,0.9885712456381855,1.0295482920895094,0.1882084302696358,0.3333333333333333,-8.962441175570865,300,245,67.41584668872704
327,New Orleans,Slnd,4-15,99.2245482065393,303,114.34025578411158,322,0.1637451082016964,327,7.690171070766861,23.309828929233145,5.690171070766862,14.309828929233138,2-6,0.5720038068842971,0.6533013291838232,0.4602197137224483,0.49716788991352934,0.6533013291838228,0.41129449831486775,0.8222497320768636,0.6906655437544634,108.40039136247606,104.39389983139931,106.45919732858414,105.98566051339844,100.8224312559374,115.34145336159368,96.27906468731001,121.81528124656315,0.06265361691286639,5,0.046145703922502196,560.0,631.0,551.925,1.014630611043167,1.143271277800426,0.37867768804314733,0.25,-9.174696909748393,308,88,69.31084189906682
328,Fairfield,MAAC,8-11,102.84308711836475,236,118.53399523519207,352,0.16342704037647177,328,11.923252686899549,19.076747313100455,7.9232526868995485,12.076747313100453,4-4,0.33003083703528785,0.3855246036109628,0.25372690799373465,0.32437629495016407,0.38552460361096264,0.2907447251867247,0.9268423216774416,0.8922755254069046,101.43025928244927,108.35061517886213,101.01913342295373,108.19890492170524,103.06338036729885,119.35550410962621,0,0,0,0,0.05181547974953399,569.0,596.0,526.9375,1.0798244573597438,1.131063930731823,0.3154232699820514,0.5,-8.692978459694546,292,77,65.26129257427877
329,Loyola MD,Pat,8-10,100.24381456222268,290,115.70526573870688,339,0.16116721145011334,329,12.071725465096398,16.9282745349036,7.071725465096402,10.9282745349036,3-4,0.27921877674733003,0.31647268294369957,0.2206769241530351,0.2733078226955063,0.3164726829436997,0.246929296988277,0.9366670386137002,0.8999886782127117,101.26729598624948,110.10061712901316,100.81964768711502,110.05788961827808,99.94946482079322,119.5083141987733,97.37804387368651,103.10372671648427,0.3414026214073485,1,0.039069220264532856,488.0,509.0,456.0125,1.0701461034511115,1.1161974726569996,0.2636353524288855,0.42857142857142855,-8.131029956510808,280,99,66.44589752405955
330,Southern Indiana,OVC,8-11,99.21089126999411,305,114.70350946916531,326,0.15859992217697336,330,12.191562187001827,17.808437812998175,7.191562187001829,12.808437812998173,3-6,0.29624899587248105,0.31821427763671534,0.27184312724555404,0.2793208184173081,0.31821427763671545,0.2598740888076045,0.9437723632708297,0.9199186009837819,102.60958337976241,110.10095215119794,101.16154921120862,109.8547029667948,96.63980459445276,116.81699291250887,0,0,0,0,0.018831845243396206,613.0,666.0,617.075,0.9933962646355791,1.0792853380869423,0.2500812391765547,0.3333333333333333,-9.142709627593893,306,142,67.03179938952914
331,Grambling St.,SWAC,4-14,97.17083596184031,325,112.43157119564879,289,0.15741979183650434,331,10.756033720824561,20.243966279175435,7.756033720824563,10.243966279175437,1-4,0.43678087790240877,0.500076557845252,0.2722121100510163,0.3275559853586568,0.5000765578452522,0.20295779411833817,0.8667332534677605,0.7284586146953917,106.02130308533054,103.4425110880008,101.68087151935133,107.69904105439029,91.98876494175911,108.80348561951969,103.74052738499337,99.4506707722495,0.6190829603401784,5,-0.1186813557766147,319.0,348.0,347.1875,0.9188118811881189,1.0023402340234024,0.17632151875961583,0.2,-9.34455158576638,311,348,65.25055886161904
332,Rider,MAAC,7-12,98.3087125195681,315,113.96972101814593,313,0.15447417812490416,332,11.25155674848766,19.748443251512345,7.251556748487662,12.748443251512338,3-5,0.3709579098528241,0.46297478431210004,0.24443470747131962,0.34402118032397916,0.4629747843120997,0.2785966981305127,0.894944476875248,0.7979416430428632,104.45586079030144,109.75864584964495,102.51795285639511,109.20258285318882,99.86604657283813,113.2567983945349,86.79491807379966,104.2519389448515,0.10836830895561848,3,0.06332293086943114,553.0,570.0,529.5125,1.044356837657279,1.0764618398999077,0.30137135856997466,0.375,-8.666801776461536,290,64,64.65456139654572
333,USC Upstate,BSth,5-16,99.53411718229886,299,115.44466348564211,335,0.15376851094024074,333,7.521451975091693,23.4785480249083,3.5214519750916917,12.47854802490831,1-5,0.425982731629185,0.42537482035109425,0.4275025098244119,0.4153267037832325,0.4253748203510945,0.40590659450086186,0.8852266108616499,0.8552968795891313,107.17127114632393,107.16144590783664,106.76550656634885,108.2502981308861,102.91065350474258,120.17133167113666,96.21354004906361,121.0663773532311,0.06646257637438224,1,-0.06719493647644226,457.0,518.0,424.7625,1.0758953532856597,1.219505017509785,0.3929490453067318,0.16666666666666666,-12.20804285096864,353,303,72.51310633809598
334,Alcorn St.,SWAC,3-15,96.3003831077701,334,111.73696614241831,275,0.15319408222929823,334,10.778322174231498,20.221677825768506,9.778322174231501,8.221677825768499,3-2,0.5455602530801982,0.68138169295733,0.19242450939965577,0.3937488306362453,0.6813816929573298,0.18601398562657323,0.8467272416177063,0.6786651302795567,108.00722114851514,104.25756191934784,102.55331791685263,107.96684919695339,93.06608580821248,107.24045896599168,95.63612814951318,112.80147704409812,0.1302889997984724,4,-0.05289631326768923,333.0,325.0,334.9375,0.99421533868259,0.9703302855010263,0.18354839956000304,0.6,-9.382022552399215,313,281,64.94580652764857
335,Le Moyne,NEC,7-13,99.13529475548603,307,115.23818897454281,333,0.1504686438450056,335,11.614639328038267,19.385360671961735,6.614639328038266,9.385360671961733,2-3,0.3576417172372113,0.41931765291218126,0.1726139102123012,0.3087439296578489,0.41931765291218126,0.20508106410691232,0.9117012484403056,0.85340504953295,104.99081367691505,109.38394684432727,101.87447939864478,109.28740888421576,103.04051601764272,121.27520096511564,90.3979134861319,112.96953898652302,0.07153699278484077,1,-0.005809590958682775,372.0,392.0,353.15,1.0533767520883477,1.110009910802775,0.21983886133173555,0.4,-9.817848058864332,325,191,68.89159560628251
336,Wagner,NEC,10-8,92.08991558807857,359,107.23385399316041,193,0.14794185873190446,336,14.2651530556215,14.734846944378498,6.265153055621504,9.734846944378495,2-3,0.2543865600267985,0.2823669500572469,0.18163754594763265,0.239902528654694,0.2823669500572468,0.20540018626511977,0.9248468131347238,0.8738277823065806,99.92846980438539,108.64670534951675,99.17444869923185,109.42192492427252,93.6550536620944,111.37748347293402,87.74439085775285,91.33016388769501,0.3868407614783759,1,0.01882021697618208,308.0,329.0,322.2125,0.95589091050161,1.0210652907630835,0.21620138640943204,0.4,-5.654237128663617,210,143,60.66256623937454
337,Green Bay,Horz,2-19,100.72386023676236,278,117.6098258896761,346,0.1440090689081472,337,5.501508006836576,25.498491993163423,2.501508006836575,17.498491993163427,0-10,0.43495111519622354,0.47445385499437603,0.39149810141825586,0.42223357518171123,0.47445385499437603,0.39351242128474573,0.8856543608154603,0.828106873278609,105.63049436803888,107.28027564527315,104.78551027245375,107.41536632220637,96.55279377663994,119.88090996258074,111.74392986300379,122.76565973288729,0.2531701998184639,1,-0.15527682907199125,653.0,808.0,672.6500000000001,0.9707871850144948,1.20121905894596,0.39552674115123543,0.0,-15.309036608997861,364,359,68.95029774193888
338,Eastern Illinois,OVC,5-14,95.88218144615095,337,112.44107481978352,290,0.1379936277289254,338,8.930930235915236,22.06906976408476,4.930930235915236,15.069069764084762,1-7,0.37276304507143654,0.46007680841978477,0.2527066204674575,0.3299411313077183,0.4600768084197851,0.25836650889608154,0.8904150681386037,0.7683243657582796,104.58118683019529,106.73631982026808,102.27918976261734,107.74334769023099,95.8695615485126,115.37218376656142,100.85677388584419,100.35767935630992,0.5142585251063978,2,-0.11678246649109258,532.0,582.0,541.575,0.9823200849374508,1.0746434011909707,0.2621397678484976,0.125,-10.286792998319683,334,345,66.26478372291564
339,Detroit Mercy,Horz,6-15,94.30284255297198,348,110.8614613288313,263,0.13466168889621616,339,8.805628902229861,22.19437109777014,4.805628902229859,15.19437109777014,2-8,0.44688904852504696,0.4621300586415566,0.4301239373968865,0.41847106047330596,0.4621300586415566,0.3944586114807682,0.8845665415089815,0.825327235199903,107.25877086843431,108.06267448372766,105.97996875846255,108.6458977714184,93.99753736062262,111.85336668234027,87.82711921249037,93.92406165082096,0.3160818296686652,1,0.06664246120901313,646.0,759.0,677.45,0.9535759096612295,1.1203778876669863,0.35879328556464984,0.2,-11.168735342228874,345,61,66.72569943450237
340,Stetson,ASun,6-14,101.16567854380813,272,119.00328002280165,354,0.13383099572390048,340,8.960489299449799,22.039510700550203,6.960489299449798,11.039510700550201,4-3,0.38866598264550123,0.43092058466562383,0.3101931503224167,0.38538233899632224,0.43092058466562383,0.3524936060129379,0.8806663511454393,0.8260829942533797,105.69313833814873,108.09674933008979,105.364803349978,109.15102778418296,105.2373540962936,117.68010270788743,89.16871571578966,100.04457771754267,0.21023915195253165,2,-0.01975679371483452,513.0,554.0,475.0375,1.0799147435728758,1.1662237191800646,0.37941207781599695,0.5714285714285714,-10.53279314125646,339,217,67.59717073172042
341,West Georgia,ASun,3-17,98.22704392776365,317,115.57936407408098,337,0.13345238255285585,341,6.238058776154137,24.761941223845863,4.238058776154138,13.761941223845863,1-6,0.45232363088546945,0.4817482979961637,0.39767782053703715,0.41837406344569794,0.4817482979961637,0.372603782937028,0.880443427528233,0.8368542551675542,105.93861691611019,106.76176447455224,105.39337638083377,108.44466958090354,97.79226951890982,116.85313982086268,97.34237240914719,107.42227606904197,0.24358360943863688,1,-0.07499783957523243,469.0,554.0,483.2874999999999,0.9704368517704267,1.1463155988929987,0.35664757719156776,0.14285714285714285,-13.043060002820077,357,309,67.69858857553892
342,Texas A&M Commerce,Slnd,2-17,94.67202063386539,347,111.67794082375192,274,0.13013020505324074,342,4.852845620807729,26.147154379192276,2.8528456208077277,17.147154379192276,0-8,0.5170636034314184,0.5956755408599259,0.4089721894672202,0.46882642488212284,0.5956755408599257,0.3990594110943312,0.8441233256038071,0.7401650870081075,108.46473243609532,106.67177859043177,106.11748891019,106.58994168051399,93.2471036554962,112.68245459791562,87.54049481482834,101.26340663054803,0.1578023163191368,4,-0.05854615247330833,512.0,596.0,538.7624999999999,0.9503259785155798,1.106238834365792,0.392450892179072,0.0,-12.312902407878887,354,288,68.10781786914221
343,Buffalo,MAC,6-12,95.05876991004362,344,112.2191927024932,281,0.1291466387399309,343,9.687282538812086,21.31271746118792,4.1753889562161834,13.824611043783817,1-5,0.44843960700140517,0.44651968474134685,0.45227945152152177,0.3995322579768875,0.4244914632238396,0.3815061652985332,0.8811392466524537,0.8243749473206381,106.67112850691942,106.42872184592778,105.62504295381424,108.7490344654192,92.60634478007893,110.48655871883533,93.3093659709948,120.46384377158711,0.05033371894939298,2,0.06023596403378956,411.0,494.0,445.725,0.9220932189130069,1.1083066913455606,0.34611952218703884,0.16666666666666666,-8.20198437695877,283,69,70.98495856120364
344,Central Arkansas,ASun,5-15,97.43311246116619,324,115.07136258520823,330,0.12859452258187382,344,7.533722510824003,23.466277489175994,3.533722510824002,14.466277489175999,1-6,0.38239362994495996,0.4169848693252432,0.31815275681014804,0.3972192029115043,0.4169848693252433,0.38294399939047064,0.8709964824992751,0.8208223543946237,104.93300826581009,108.77490156339442,104.88685244368607,108.62324329137134,98.68149935794438,116.14346348745684,91.94352823112308,106.3172647952802,0.15836940109909217,2,-0.09086879913264889,503.0,543.0,483.95000000000005,1.0393635706167992,1.1220167372662464,0.4241747901234032,0.14285714285714285,-11.20920418994731,346,326,66.7445193503115
345,Morgan St.,MEAC,8-12,102.52510060103934,241,121.2704164048487,360,0.12663713532929394,345,12.206253342503711,17.793746657496285,6.206253342503712,7.793746657496288,2-2,0.29968488519666986,0.2996919506468724,0.2996566233958595,0.27182940388751803,0.29969195064687243,0.23998649330539853,0.9112979163136393,0.8719414162447866,104.15866303866056,109.05291233115325,102.35096166143829,110.82303674755536,105.837293089984,119.14987902497147,102.5119688094003,132.4786874059945,0.049779748627211545,2,-0.023971072407812488,347.0,358.0,306.3,1.1328762650995756,1.1687887691805419,0.21611844126921415,0.5,-9.156982499103622,307,230,70.84755923606289
346,Stony Brook,CAA,4-16,98.35436800760596,314,117.10797928424415,345,0.1184726702755153,346,6.282684225656904,24.7173157743431,2.2826842256569035,15.717315774343094,0-7,0.40924147740359074,0.4289986452967379,0.37254959417346,0.4104218966040285,0.4289986452967377,0.39700535588151625,0.8894955523304791,0.8539679142664857,105.10144960698644,107.31100641879443,104.2753667134993,107.08803554671418,94.74210021171807,116.56580176619302,102.9737657623573,126.22919172759711,0.08772878256771825,2,-0.02279957222289586,426.0,514.0,441.125,0.9657126664777558,1.1652026069708132,0.4125681133320974,0.0,-12.778476180802807,356,227,64.58032020835077
347,Louisiana Monroe,SB,4-16,94.81618211802576,346,113.3630878412801,302,0.11359433857811305,347,5.520660732303094,25.47933926769691,1.5206607323030934,16.479339267696908,0-7,0.33081591705680247,0.35765593314717353,0.2809701728889705,0.4003972599828334,0.35765593314717337,0.43126599603081023,0.9004466176203721,0.9052367407820919,102.8342225693369,108.7999067397588,104.16743450115386,107.54139888589704,94.63477747440687,115.87758558464057,0,0,0,0,-0.11836187299298678,461.0,537.0,479.1,0.9622208307242747,1.1208515967438948,0.5269087925756173,0.0,-13.683156628846968,362,347,67.58592446326091
348,Western Carolina,SC,5-13,92.51049581101506,355,110.89947664340909,264,0.11056589042267773,348,7.500808832899331,21.499191167100673,3.5008088328993314,14.499191167100665,1-6,0.43689628127754504,0.42904826192076195,0.44922888312391834,0.42674380235201415,0.4290482619207617,0.42533552150444626,0.8487087503201355,0.7622339049914206,108.1714935613623,106.56694936827004,107.10363714624401,108.18903717796334,93.03006918021265,114.70672054082772,83.02410320404437,103.75432455513791,0.07153863856875839,3,-0.035106521011181224,447.0,571.0,484.6125,0.9223864427764451,1.1782609817121927,0.41013065501932755,0.14285714285714285,-8.830791752623686,296,251,70.63624353017346
349,Sacramento St.,BSky,6-13,92.1823953361816,357,110.71267095298498,259,0.10847198610673765,349,7.995214880945446,23.00478511905455,3.9952148809454475,14.004785119054553,2-4,0.35923315382343896,0.35109935904001144,0.3768563758541989,0.3748573191368478,0.3510993590400115,0.39201584587345173,0.9067408350833552,0.8860665822520344,105.35047808607078,108.32450201828424,105.4544103368974,108.85664151824483,91.1922418824505,109.45359367173835,78.91321698145947,103.25287063502769,0.043456264034161425,1,-0.00793195789141693,369.0,414.0,385.6625,0.9567951252714484,1.073477457621625,0.3995955808830782,0.3333333333333333,-10.297104417925704,335,194,64.49625176526015
350,Mercyhurst,NEC,8-13,97.10291977159844,327,116.64325353664347,344,0.10827241776595077,350,12.075687251544148,18.924312748455858,6.075687251544145,9.924312748455852,2-4,0.3199720147934386,0.35232217242448927,0.23909662071581197,0.2790878981038637,0.35232217242448904,0.21043076592827736,0.9164919323639924,0.8642355186319894,102.66077561542697,108.12538168347187,100.33584779741471,108.85665175095102,96.05793660214862,118.55125925923564,84.08445022878567,93.64280483775777,0.22475671737896624,1,0.047067976007946155,380.0,420.0,386.02500000000003,0.9843922025775532,1.088012434427822,0.19323125305575656,0.3333333333333333,-9.92409131579214,328,86,63.85806457891853
351,Canisius,MAAC,2-17,102.33287056985084,245,123.16171503882669,362,0.1061605044768193,351,5.092774559272637,25.907225440727363,5.092774559272637,14.907225440727364,2-6,0.4197288410214856,0.5353002156373042,0.2608182009247352,0.37166748293941404,0.5353002156373042,0.2816694799555747,0.8830158532913389,0.7648133070393089,104.36257182981907,106.69780970995251,102.48321591958414,107.25206116316886,100.98638486081079,120.07555121137058,79.29197652648449,116.56116024191024,0.011765942187321786,2,-0.09612509233358757,544.0,596.0,522.1125,1.041921041921042,1.1415164356340828,0.2955703326428009,0.25,-13.290655258376054,359,332,65.25117669138079
352,Western Illinois,OVC,8-12,97.85831302971283,320,117.79796673967641,349,0.1059609160716036,352,11.247827360206234,19.752172639793766,5.247827360206234,14.752172639793764,2-7,0.28765089148793804,0.3096929551916103,0.2607105914056721,0.28099433520329037,0.3096929551916103,0.26521009420971436,0.9391782889421004,0.910730719312322,102.85525837456623,109.94900287362694,101.40879826961361,109.58934875265206,96.94626228195902,117.90215728012673,0,0,0,0,0.04696204358952927,576.0,631.0,575.8874999999999,1.0001953506544248,1.09570011503983,0.26889150559483993,0.2222222222222222,-9.966550547675581,330,87,62.63131254471823
353,Florida A&M,SWAC,5-11,94.94862158347351,345,114.67630205097127,325,0.10239052050835118,353,9.232231516151831,19.767768483848176,6.23223151615183,11.767768483848169,2-3,0.48921845136441444,0.6177915087133873,0.20635772519667422,0.36836924048663544,0.617791508713387,0.21594452101473172,0.8307880137986182,0.6148575391246777,107.09223829594929,103.9899920681228,102.550218526404,106.89521657441567,98.36608278042783,120.48956210192755,96.26884922405088,117.77385533975227,0.08959031921582708,6,0.008014211927283132,353.0,361.0,335.625,1.0517690875232775,1.0756052141527002,0.21963175017552303,0.4,-5.68888614970967,211,163,68.52271381635786
354,Alabama A&M,SWAC,6-12,92.56181728592198,354,112.68133260220685,292,0.09432783161086257,354,10.573312046966596,20.4266879530334,6.573312046966596,11.426687953033404,2-3,0.327079588021875,0.39568036990527833,0.14871755512502643,0.2793561434625808,0.3956803699052784,0.19534420214285492,0.9260859889004387,0.8693851163086613,104.0489552873048,110.41554656342059,100.78350539069352,110.7408535264327,90.50949589648592,106.37550203659437,81.99820360988353,113.3093122839416,0.02367499300220797,1,-0.04777239245209747,378.0,380.0,388.35,0.9733487833140207,0.9784987768765289,0.2132775279189428,0.4,-9.50620527875342,318,272,70.98372025716145
355,Bellarmine,ASun,3-17,101.55920872919822,266,124.32528808036562,363,0.08899373945861969,355,5.635382262568594,25.364617737431406,2.635382262568595,15.364617737431407,0-7,0.3981835615852745,0.3764778085921252,0.43849424571540896,0.37685472413841553,0.3764778085921253,0.37712694092184734,0.8826713219089073,0.8453094630635898,105.1586349508461,107.43236835431007,104.25514882620688,108.54284617703799,101.01388180253993,122.9475719081336,110.20174298350122,116.6067026055442,0.34306131572369036,2,-0.1059189443114966,456.0,561.0,449.76250000000005,1.0138684305605736,1.247324977071232,0.33807501968958076,0.0,-13.419438588255218,360,341,65.55201929494547
356,Maryland Eastern Shore,MEAC,4-15,96.87749891085653,328,118.67377241403929,353,0.08836957516520826,356,7.8980359515817105,22.101964048418285,3.8980359515817105,10.101964048418289,0-3,0.4562536699546106,0.4616685376826132,0.42737437540526346,0.3608159164552998,0.4616685376826133,0.2455557779097989,0.8481954658628763,0.7543834457659042,108.80234018375606,103.54526398497752,105.39832397811765,108.55025110233373,91.66016772013452,122.4715354541441,86.65228290066042,113.76414954946969,0.04186346029398977,5,-0.07419534189077959,192.0,247.0,204.625,0.9383017715332926,1.2070861331704337,0.1959688876837631,0.0,-9.725942719131702,324,306,67.63527005807055
357,Chicago St.,NEC,2-18,88.23590457027325,363,108.12893297022674,214,0.08801876850191855,357,5.240549966509717,25.759450033490285,5.240549966509717,10.759450033490282,2-3,0.5161543719343709,0.6234643630126885,0.19422439869941793,0.41161951326582186,0.6234643630126884,0.2130149666281345,0.8443314552470778,0.71552509946766,107.14491532955017,105.28626924829912,103.97781535702465,107.18304789582108,85.66151447965176,101.72134788612072,90.12726650793503,114.08987474883688,0.06231082581558717,3,-0.035189742856567424,291.0,303.0,323.7625,0.8988069958688854,0.9358712018840972,0.22155613386846024,0.4,-12.393511886211906,355,252,68.67699700822631
358,NJIT,AE,4-16,89.50919617635432,361,109.734996677042,245,0.0876349633457964,358,6.411851136339611,24.588148863660386,3.411851136339613,12.588148863660386,1-4,0.33813244221580663,0.35893761327475365,0.2757169290389657,0.32558869798031953,0.3589376132747537,0.29432408989178765,0.9177486044479701,0.8891433067203657,102.6641794374674,109.1346743760294,102.65049760189892,109.89668729223878,85.5198358967197,106.0910298087928,97.63580897486126,121.42772578100688,0.07530889254234527,1,-0.0600192074473857,298.0,341.0,336.86250000000007,0.8846339381795241,1.0122824594604622,0.302781890279434,0.2,-13.281107447559242,358,290,65.133968969268
359,New Hampshire,AE,4-17,92.16022101593401,358,113.53905664638083,307,0.08324055952438025,359,6.050683151359045,24.949316848640954,4.050683151359043,11.949316848640956,2-4,0.32703181780544466,0.3613041020629498,0.24135110716168193,0.3270239575491602,0.3613041020629498,0.29488632206748244,0.9126116737674707,0.8786163024983705,104.51190524211238,110.09634066781284,103.78955303691782,110.08955917049015,93.16026893697801,111.082774811327,89.21119808725221,110.89420137456253,0.07571421405245089,2,-0.07946968097486462,390.0,428.0,401.6625,0.970964429091588,1.0655712196184608,0.32700745101096274,0.3333333333333333,-14.222487003509901,363,314,67.45506997623889
360,The Citadel,SC,5-13,93.23010368264036,352,115.23216752419108,332,0.08042399559832424,360,6.905950963556837,22.09404903644316,1.905950963556836,16.094049036443167,0-7,0.3341184270770404,0.22583412887758578,0.504279467104755,0.35178566405745487,0.22583412887758592,0.4287560466673749,0.9106671925629397,0.9264297335835278,106.31680242812725,109.65214127054192,105.3599646715682,109.56543640033216,91.7984397602465,114.3233633706384,94.09392459204687,138.90618548130658,0.011214044201259463,1,-0.08151582981113403,434.0,528.0,455.6625,0.9524593311935917,1.1587523660604064,0.3806956882072238,0.0,-10.514058791585331,338,316,64.6048602495937
361,Northern Illinois,MAC,4-14,92.32904340526474,356,114.17224854275916,319,0.0800241240413568,361,6.678077923591482,24.32192207640852,2.2734587089942733,15.726541291005727,0-6,0.37870028658845123,0.36882376750109086,0.3984533247631721,0.3679515264692448,0.35177564195761046,0.3796341097276474,0.9072306512716549,0.8929280033465872,105.8440196333597,107.67241342127294,105.18534113167414,109.24631492190154,93.96776603590251,113.79466957483834,0,0,0,0,-0.04162448311760175,396.0,478.0,420.67500000000007,0.9413442681404883,1.1362690913412965,0.37022450220988506,0.0,-11.340611602392112,347,263,69.4106601347044
362,Arkansas Pine Bluff,SWAC,3-15,97.89198516231727,319,121.71269804418394,361,0.07553042880385005,362,7.928957324686808,23.07104267531319,4.928957324686809,13.071042675313194,0-5,0.4078544424325824,0.481063666184902,0.2175104606765516,0.3095724193246434,0.4810636661849021,0.18571762992556776,0.8760496553372511,0.7451016819105327,105.97928131950191,106.70998074377802,101.27723280499205,109.31094427070167,95.90382119291115,118.15796469414866,95.668645808178,126.98740433064135,0.037084419783648896,4,-0.07528942593776439,374.0,416.0,377.95,0.9895488821272655,1.1006746924196322,0.17348961809826627,0.0,-10.637926364253387,342,310,73.0354633380006
363,Coppin St.,MEAC,3-16,89.09079863653295,362,112.99618721597061,297,0.06102374144699051,363,5.495437023160643,23.50456297683936,3.495437023160642,10.50456297683936,1-3,0.4737522303136862,0.5102860683092079,0.33675033783048014,0.38442022382504903,0.5102860683092078,0.24956396187773627,0.869214990065837,0.7893124218051036,106.63524735676955,106.91654709915387,104.93169534558491,110.01455704631704,92.65344203691097,112.90486631729756,84.8230050939397,127.12671516586062,0.009441988126218307,2,-0.004456925674098555,284.0,328.0,291.23749999999995,0.9751491480321045,1.1262285935018672,0.21468941149663875,0.25,-11.350727565597698,348,190,68.12858277670607
364,Mississippi Valley St.,SWAC,2-17,86.30625551339813,364,124.63858657621614,364,0.01439413303421568,364,3.1127125517205556,27.887287448279444,1.1127125517205558,16.887287448279448,0-6,0.5244395588914005,0.6693258387878592,0.21051928578240675,0.39259653458104593,0.6693258387878593,0.19273648154279208,0.8212170120093326,0.6156831609823896,108.25033563944541,102.97159341547348,103.7732372643547,106.83511658044654,85.61374088410275,126.46911029024137,83.06972730618692,117.75223350731056,0.017768895881391363,5,-0.021607336076390787,351.0,485.0,407.125,0.8621430764507215,1.1912803193122505,0.1838450794229847,0.0,-10.576844713074456,341,225,65.07141896520697
