,team,conf,record,adjoe,oe Rank,adjde,de Rank,barthag,rank,proj. W,Proj. L,Pro Con W,Pro Con L,Con Rec.,sos,ncsos,consos,Proj. SOS,Proj. Noncon SOS,Proj. Con SOS,elite SOS,elite noncon SOS,Opp OE,Opp DE,Opp Proj. OE,Opp Proj DE,Con Adj OE,Con Adj DE,Qual O,Qual D,Qual Barthag,Qual Games,FUN,ConPF,ConPA,ConPoss,ConOE,ConDE,ConSOSRemain,Conf Win%,WAB,WAB Rk,"Fun Rk, adjt",
1,Houston,B12,30-4,124.7911681,9,87.98706335,1,0.982341066,1,30.9891191,4.010880895,19,1,19-1,0.761649189,0.559275077,0.855837799,0.750734418,0.559275077,0.855837799,0.623428524,0.769058131,113.7025051,99.47659847,113.3478257,99.65463771,125.8146773,88.58087512,136.9293349,95.16408226,0.984997432,15,0.009118845,1442,1194,1251.45,1.152263374,0.954093252,0,0.95,11.55029393,2,151,61.42459571
2,Duke,ACC,31-3,128.4529987,2,91.27235521,4,0.980729549,2,31,3,19,1,19-1,0.692658804,0.644729531,0.697446667,0.692658804,0.644729531,0.697446667,0.693702484,0.669160241,112.133321,102.0050193,112.133321,102.0050193,130.7080127,93.42890798,133.2953566,94.88668962,0.980327509,11,0.012110049,1688,1254,1315.725,1.282942864,0.953086701,0,0.95,9.589480095,5,141,65.70601161
3,Auburn,SEC,28-5,129.0491734,1,93.65311137,12,0.975561477,3,28,5,15,3,15-3,0.803857737,0.660720906,0.893369813,0.803857737,0.660720906,0.893369813,0.544364012,0.652622473,116.4438858,98.88994529,116.4438858,98.88994529,128.6640363,94.40068319,135.3611054,96.61814864,0.979718653,22,0.054919948,1492,1327,1262.35,1.181922605,1.051214006,0,0.833333333,12.45973711,1,51,67.7757426
4,Florida,SEC,30-4,127.698777,3,94.00594003,13,0.971325028,4,30.97861373,4.021386268,14,4,14-4,0.729711168,0.470865501,0.879747508,0.721015814,0.470865501,0.879747508,0.631118551,0.861754109,113.749032,100.8599252,113.53376,101.0933247,127.1785776,94.17086587,135.3116372,96.98152848,0.978755631,16,0.067289299,1483,1289,1253.575,1.183016573,1.028259179,0,0.777777778,11.11649008,3,44,69.51588047
5,Alabama,SEC,25-8,127.6343125,4,96.35558755,28,0.962054652,5,25.95841223,8.041587768,13,5,13-5,0.827284344,0.720603123,0.890540569,0.818359658,0.720603123,0.890540569,0.545749568,0.662030669,117.8297429,99.13128413,117.4787965,99.30454727,130.4505729,97.35894853,131.2731297,98.22510553,0.96561717,21,0.039968487,1657,1509,1384.85,1.196519479,1.089648698,0,0.722222222,9.767871644,4,82,74.64530031
6,Tennessee,SEC,27-7,119.2852955,19,91.08197581,3,0.956984164,6,27.94860122,7.051398781,12,6,6-Dec,0.748779956,0.509948359,0.890549239,0.743002692,0.509948359,0.890549239,0.595595969,0.799936445,116.062512,101.2311753,115.931249,101.4723381,117.3664426,91.47025104,125.4245773,94.23978387,0.963994539,20,0.064525263,1270,1189,1167.6375,1.087666335,1.01829549,0,0.666666667,9.260152495,6,45,63.82299362
7,Texas Tech,B12,25-8,126.010354,6,96.69979327,32,0.954551308,7,25.922266,8.077734005,15,5,15-5,0.716412348,0.444523814,0.845108061,0.714136125,0.444523814,0.845108061,0.653281326,0.877941007,111.9863712,100.3068303,111.9935147,100.4975654,126.1567022,96.01130155,133.2697449,101.9347241,0.956164656,13,-0.014729259,1565,1374,1343.6875,1.164705335,1.022559189,0,0.75,5.779329484,11,217,65.55442387
8,Iowa St.,B12,24-9,118.8761258,20,92.34659862,8,0.948050262,8,24.89924577,9.100754227,13,7,13-7,0.733909005,0.50038558,0.845900523,0.732075272,0.50038558,0.845900523,0.6379832,0.795176826,112.9869758,101.0377929,112.9202266,101.126124,115.8462217,90.50711945,131.2051544,99.20445768,0.961400841,14,-0.016425543,1511,1373,1411.925,1.070170158,0.972431255,0,0.65,5.410344929,14,222,68.54014292
9,Arizona,B12,22-12,123.9398856,10,96.46766123,30,0.946937941,9,22.89714785,12.10285215,14,6,14-6,0.777246427,0.574969843,0.8618732,0.774230558,0.574969843,0.8618732,0.564759266,0.708780883,114.891451,99.01391674,114.8571503,99.23722605,125.2163927,97.52201945,124.2448246,97.84917575,0.939715804,21,-0.02825426,1600,1490,1400.3375,1.142581699,1.064029207,0,0.7,5.39939417,15,248,69.86235391
10,Maryland,B10,25-8,117.8354815,28,92.04080901,6,0.944859917,10,25.86277694,8.137223063,14,6,14-6,0.674673844,0.338391489,0.835594126,0.67634731,0.338391489,0.835594126,0.689006351,0.905912938,111.8229638,103.1666609,111.7261804,103.0579601,117.3922133,92.53638943,127.9190309,98.89949922,0.950681187,13,-0.027240969,1554,1413,1414.5125,1.098611713,0.998930727,0,0.7,4.561240804,22,246,69.84138134
11,Gonzaga,WCC,25-8,123.3035456,12,96.42680415,29,0.94414111,11,25.65279661,8.347203394,14,4,14-4,0.641980448,0.661593735,0.603231035,0.64956626,0.661593735,0.603231035,0.731864197,0.711969052,110.5625481,103.4305393,110.7202002,103.2052567,124.7975519,99.32085796,130.885317,102.8763072,0.940984831,10,-0.067625933,1583,1273,1271.9875,1.244509085,1.000795998,0,0.777777778,2.722112652,33,322,70.14058739
12,Wisconsin,B10,26-9,122.4303506,14,96.11281594,26,0.941762618,12,26.92193223,9.078067767,13,7,13-7,0.733233665,0.500160155,0.827702581,0.728920011,0.500160155,0.827702581,0.650616813,0.807106132,113.1357303,101.2952788,113.104336,101.5088969,123.3439128,95.45567546,134.2424372,103.6854501,0.951213477,14,0.001904779,1589,1430,1376.075,1.154733572,1.039187544,0,0.65,5.940911347,10,171,67.47347734
13,Michigan St.,B10,27-6,116.8331227,37,91.83561523,5,0.940954359,13,27.93840776,6.061592235,17,3,17-3,0.733293682,0.512170091,0.837431944,0.726762453,0.512170091,0.837431944,0.660078522,0.824962294,113.3669205,101.3951596,113.1429701,101.5111901,119.5634297,90.36983013,119.6122213,91.40433009,0.956605772,15,0.070088637,1544,1330,1369.075,1.127768749,0.971458832,0,0.85,7.840298232,8,39,67.85922224
14,BYU,B12,24-9,125.4431965,7,99.0901726,53,0.937728806,14,24.62551441,9.374485594,14,6,14-6,0.702880766,0.385726386,0.851084185,0.70868293,0.385726386,0.851084185,0.643719893,0.890400498,111.4743017,100.9887984,111.6141789,100.8421019,126.7529162,98.34101425,132.658475,107.7833228,0.915910182,12,0.000888473,1580,1461,1375.425,1.148735845,1.062217133,0,0.7,4.772249145,21,175,67.19966417
15,St. John's,BE,30-4,112.5584368,70,89.08933348,2,0.936379106,15,30.90877446,4.091225535,18,2,18-2,0.686457646,0.531054854,0.748025934,0.683883395,0.531054854,0.748025934,0.724557797,0.825810753,111.4525186,102.3755061,111.4727678,102.5481575,110.4710193,88.04568869,121.8228544,96.80896327,0.933579879,10,0.087056093,1496,1297,1406.9,1.063330727,0.921884995,0,0.9,7.847714573,7,23,70.09682494
16,Missouri,SEC,22-11,127.0006868,5,100.8020578,75,0.934434251,16,22.75411892,11.24588108,10,8,8-Oct,0.683459541,0.37796063,0.876696535,0.687561012,0.37796063,0.876696535,0.63676262,0.865409356,112.1500638,102.0026657,112.1614869,101.8986526,129.6109692,99.3194551,134.6775332,106.6155264,0.936256511,17,-0.038299019,1486,1390,1254.7625,1.184287863,1.107779361,0,0.555555556,3.042639011,30,275,68.11172788
17,Kentucky,SEC,22-11,123.8615961,11,98.71417668,49,0.931487492,17,22.87442829,11.12557171,10,8,8-Oct,0.76499018,0.567424468,0.891733451,0.761940339,0.567424468,0.891733451,0.57229989,0.735439605,115.9424347,99.9709944,115.6699493,99.99092035,127.095963,100.5185876,137.4866671,111.413042,0.918208363,21,0.032400185,1503,1460,1294.9875,1.160628964,1.12742401,0,0.555555556,5.552137291,12,102,70.86709738
18,Purdue,B10,22-11,125.0464641,8,100.0030288,68,0.928910743,18,22.8312707,11.1687293,13,7,13-7,0.784890501,0.668627496,0.841253748,0.783164245,0.668627496,0.841253748,0.620012506,0.670654859,114.7683111,100.0803473,114.8547934,100.3172924,126.8425292,98.50177438,141.1839645,115.2508167,0.911650755,15,-0.017408451,1578,1423,1336.6875,1.180530229,1.064571936,0,0.65,4.255773303,23,223,65.04192847
19,Louisville,ACC,27-7,118.3423386,25,94.65936402,16,0.928767755,19,27.62845749,7.371542515,18,2,18-2,0.700084379,0.623203618,0.714007423,0.705372485,0.623203618,0.714007423,0.695585118,0.721068517,112.2134075,102.1079769,112.3596964,101.9975053,121.4993541,93.01913135,139.696667,115.2531975,0.901315973,10,0.03668697,1600,1344,1372.95,1.16537383,0.978914017,0,0.9,5.531648129,13,90,68.80707855
20,Kansas,B12,21-12,116.1097239,43,93.04473756,10,0.927353859,20,21.67223373,12.32776627,11,9,9-Nov,0.783772664,0.645706536,0.851906148,0.786060954,0.645706536,0.851906148,0.582773307,0.680341353,114.9779492,99.08750659,114.8873599,98.98049454,115.6774085,92.42554671,116.1995099,94.86279849,0.911580354,15,-0.005886402,1469,1378,1383.05,1.062145259,0.99634865,0,0.55,4.091234849,25,194,68.29688253
21,Clemson,ACC,27-6,118.3451671,24,94.84972901,17,0.927242565,21,27.76540182,6.234598181,18,2,18-2,0.667152931,0.567816692,0.699417576,0.670947698,0.567816692,0.699417576,0.735181391,0.786251906,110.9683006,102.9391278,111.0402409,102.8745099,121.2435727,95.45516385,123.3501612,99.46692225,0.922357863,7,0.031121681,1514,1290,1299.4625,1.165097107,0.992718143,0,0.9,4.875979899,18,108,64.26135653
22,Texas A&M,SEC,22-10,115.6756945,49,93.12112488,11,0.923736257,22,22.80476414,10.19523586,11,7,7-Nov,0.774776947,0.630308752,0.87480175,0.77390777,0.630308752,0.87480175,0.60509113,0.730957868,114.8385059,99.7914084,114.8102822,99.91032797,116.415229,93.97386973,127.9184703,103.5013673,0.919516464,16,0.033374544,1299,1266,1211.6875,1.072058596,1.044823851,0,0.611111111,5.169738415,17,96,66.08263364
23,Illinois,B10,21-12,122.2073933,15,98.48860035,45,0.922831511,23,21,12,12,8,8-Dec,0.746932869,0.53280058,0.852769227,0.746932869,0.53280058,0.852769227,0.607014955,0.698512896,113.6360025,100.3364061,113.6360025,100.3364061,123.29691,96.94280129,136.8287673,110.0578098,0.924410003,17,-0.021011522,1643,1533,1452.6625,1.131026649,1.055303624,0,0.6,3.361964594,27,231,71.33264472
24,Saint Mary's,WCC,28-5,114.9650704,55,92.78402695,9,0.921656473,24,28.65307984,5.346920158,17,1,17-1,0.599210077,0.578267116,0.605333601,0.606940812,0.578267116,0.605333601,0.774464748,0.816373471,111.0444157,104.9571786,111.2746274,104.8422884,117.5550279,91.59882119,122.0246699,94.42752469,0.95019218,5,0.034527925,1322,1045,1121.1875,1.179106974,0.932047494,0,0.944444444,4.145801009,24,93,61.76739224
25,UCLA,B10,22-10,117.8696819,27,95.26033891,20,0.920496329,25,22.66641717,10.33358283,13,7,13-7,0.693873271,0.429155648,0.827073497,0.698690573,0.429155648,0.827073497,0.652262749,0.790904235,112.3560336,102.1680928,112.6650977,102.2596749,119.8099688,96.32890629,135.6741762,114.6442974,0.874005979,15,-0.007564882,1458,1383,1309.2625,1.113604033,1.056319875,0,0.65,3.25546513,28,200,65.02772642
26,Michigan,B10,25-9,115.1208007,54,94.41608522,15,0.907216433,26,25.6163319,9.383668097,14,6,14-6,0.770712871,0.59028977,0.844775843,0.773232226,0.59028977,0.844775843,0.6261887,0.813319904,113.8839998,99.82914402,113.8725083,99.74797592,113.4648359,96.67244518,120.5161093,98.29353103,0.912455331,17,0.093123714,1495,1502,1414.3125,1.057050687,1.062000088,0,0.7,6.233451927,9,18,69.42183897
27,Baylor,B12,19-14,120.499897,17,99.27555682,58,0.902746375,27,19.53728959,14.46271041,10,10,10-Oct,0.753838372,0.549391407,0.852693976,0.757808244,0.549391407,0.852693976,0.581639091,0.700846074,113.6767785,98.02492091,113.8178298,98.04732171,118.208042,97.69640205,122.4903279,107.7899523,0.813095027,15,-0.012544724,1423,1384,1322.2625,1.076185704,1.046690805,0,0.5,1.951140241,39,211,64.61952368
28,Mississippi,SEC,22-11,117.3925584,31,96.94824535,34,0.90029276,28,22,11,10,8,8-Oct,0.737027811,0.505618687,0.88398549,0.737027811,0.505618687,0.88398549,0.586759361,0.762567566,114.2796009,99.92284058,114.2796009,99.92284058,117.9747387,97.43981739,130.1196312,102.8465413,0.937320288,19,0.079398048,1356,1373,1259.1625,1.076906277,1.090407314,0,0.555555556,4.808460316,20,28,67.97668641
29,VCU,A10,28-6,116.2301276,42,96.00111819,25,0.900154356,29,28.37448559,6.625514406,15,3,15-3,0.523057925,0.394869044,0.583851248,0.534905665,0.394869044,0.583851248,0.827720134,0.876552725,106.5698806,105.0369482,107.1249782,104.862043,119.7508065,98.37841274,143.8335374,123.2982228,0.854654349,2,-0.017716072,1407,1147,1182,1.19035533,0.970389171,0,0.833333333,1.124370474,45,225,66.13428452
30,Georgia,SEC,20-12,115.9227172,46,95.77093134,23,0.89989803,30,20.34720339,12.65279661,8,10,10-Aug,0.700535745,0.430714812,0.886830567,0.707917726,0.430714812,0.886830567,0.613890949,0.848841373,112.9356784,100.9271988,113.2498562,100.7908232,115.4001628,94.12216626,117.6480767,98.54933304,0.884639251,16,0.002981163,1269,1303,1216.8625,1.042845843,1.070786551,0,0.444444444,2.048687565,38,169,66.39369318
31,Marquette,BE,23-10,116.6674072,40,96.53305778,31,0.898309384,31,23.57477551,10.42522449,13,7,13-7,0.717605185,0.620583387,0.751925063,0.722007714,0.620583387,0.751925063,0.655616354,0.671223292,112.1338736,101.0169428,112.1224949,100.8375279,115.907587,96.43081385,134.0732634,110.3539866,0.903694944,13,0.042268275,1488,1361,1347.325,1.104410591,1.010149741,0,0.65,3.614108032,26,77,67.71682148
32,Mississippi St.,SEC,21-12,118.3314691,26,98.7641471,50,0.888814003,32,21.46271041,12.53728959,8,10,10-Aug,0.739027729,0.522497923,0.885146067,0.743842984,0.522497923,0.885146067,0.613096042,0.816945491,114.2241579,101.0848793,114.4087385,101.031664,118.6147676,99.07819437,123.2563804,104.7864778,0.866102794,16,0.040107925,1377,1416,1271.55,1.082930282,1.11360151,0,0.444444444,2.952506277,31,81,67.96260492
33,Creighton,BE,24-10,117.3335187,32,98.24147357,43,0.885168078,33,24.37154251,10.62845749,15,5,15-5,0.711783627,0.607180775,0.753263578,0.717983174,0.607180775,0.753263578,0.676348619,0.742610077,111.4526572,100.6937911,111.6495052,100.5213789,118.0168368,98.38690567,125.1199644,101.7335668,0.915253016,12,0.047790226,1481,1375,1328.3375,1.114927494,1.035128497,0,0.75,3.088751241,29,63,67.13520598
34,West Virginia,B12,19-13,110.0670268,103,92.28312982,7,0.8835642,34,19,13,10,10,10-Oct,0.73652761,0.521729997,0.854361486,0.73652761,0.521729997,0.854361486,0.614537014,0.76368482,112.9818313,99.67563825,112.9818313,99.67563825,110.1625858,92.21355226,126.2337319,106.4659589,0.87637745,14,0.007421945,1269,1305,1283.6625,0.988577605,1.01662236,0,0.5,1.466202114,41,157,64.17967245
35,Connecticut,BE,23-10,121.5951138,16,102.009988,92,0.882849948,35,23.56122361,10.43877639,14,6,14-6,0.678638235,0.50880423,0.753499316,0.683822436,0.50880423,0.753499316,0.696361971,0.780247389,110.9733369,102.5778857,111.170385,102.5272186,121.7750848,102.1627033,127.6164766,103.468977,0.917753885,11,0.027807146,1500,1404,1307.7625,1.146997257,1.073589432,0,0.7,2.208007522,36,113,63.78198446
36,North Carolina,ACC,22-13,118.8314464,21,99.81081092,65,0.881419335,36,22.58815128,13.41184872,13,7,13-7,0.710499439,0.673354503,0.717830849,0.714064415,0.673354503,0.717830849,0.648049072,0.614844223,113.2313588,100.8919339,113.1107232,100.7098687,118.2696558,100.155118,135.956936,118.6838628,0.826720492,11,0.008857264,1556,1468,1382.8,1.12525311,1.061614116,0,0.65,1.447875322,42,152,70.56181813
37,Xavier,BE,21-11,116.2562778,41,97.78887418,38,0.879673477,37,21.55864295,11.44135705,13,7,13-7,0.66778875,0.490407946,0.753822161,0.673383546,0.490407946,0.753822161,0.708765626,0.81499547,110.184911,101.9575251,110.3816241,101.9034838,116.940858,97.07898929,128.7510491,112.4078188,0.826510091,10,-0.021782529,1534,1444,1396.0375,1.098824351,1.034356169,0,0.65,0.347668591,49,233,69.01540347
38,Colorado St.,MWC,25-9,116.8791327,34,98.599852,46,0.876078972,38,25.63002112,9.369978879,16,4,16-4,0.622332853,0.556225261,0.631429618,0.627577263,0.556225261,0.631429618,0.768658649,0.812582387,109.1088849,103.2616113,109.1820379,103.1303586,119.7513252,99.84105743,121.1848033,107.1161109,0.805203213,8,0.000597126,1525,1318,1308.5125,1.165445496,1.007250599,0,0.8,0.892205315,47,176,66.01237359
39,Oregon,B10,24-9,115.1322521,53,97.25465901,37,0.874419018,39,24.5864177,9.413582299,12,8,8-Dec,0.753289371,0.583826207,0.833192732,0.755569613,0.583826207,0.833192732,0.640213369,0.766764037,113.7710266,100.7372682,113.7427063,100.6634999,115.328113,100.0467524,130.3346629,112.1254599,0.849489288,13,0.134043226,1484,1488,1374.825,1.079410107,1.082319568,0,0.6,5.312404748,16,6,67.65180464
40,New Mexico,MWC,26-7,111.746998,87,94.9168353,18,0.867291163,40,26.42522449,7.574775506,17,3,17-3,0.610652791,0.557379891,0.632321073,0.619113279,0.557379891,0.632321073,0.755894569,0.76869015,108.8608873,102.4271393,109.0974485,102.2485308,111.5685257,94.41296092,121.2739421,98.63290342,0.915013094,8,0.071487849,1588,1383,1451.0875,1.09435165,0.953078295,0,0.85,2.777967943,32,38,73.07361985
41,Ohio St.,B10,17-15,116.8224704,38,99.52845997,61,0.863236522,41,17,15,9,11,11-Sep,0.739250206,0.549618017,0.841123728,0.739250206,0.549618017,0.841123728,0.63043741,0.739077187,113.8502947,100.9026262,113.8502947,100.9026262,116.3191033,99.86432245,124.1863599,107.567027,0.839187567,14,-0.038665105,1515,1517,1395.9375,1.085292142,1.086724871,0,0.45,-0.977839676,59,277,66.99928902
42,Vanderbilt,SEC,20-12,118.6414004,22,101.1658008,84,0.862055056,42,20.34692016,12.65307984,8,10,10-Aug,0.687725971,0.385354916,0.896955563,0.694814774,0.385354916,0.896955563,0.633879451,0.900946903,112.5441063,101.7678974,112.6174688,101.4956589,120.0565684,101.6065365,125.0737048,106.0268312,0.869883227,15,0.04090581,1351,1455,1255.4375,1.076118883,1.15895853,0,0.444444444,1.492771886,40,80,69.56603496
43,Arkansas,SEC,20-13,111.8979132,83,95.44909686,22,0.861574541,43,20.32776627,13.67223373,8,10,10-Aug,0.710790438,0.455794214,0.881808346,0.717159951,0.455794214,0.881808346,0.627895659,0.836427949,113.6850934,101.8024413,113.756406,101.5448617,111.684827,95.54870947,119.4380999,100.9680886,0.873462658,17,0.032138852,1303,1346,1260.825,1.03345032,1.067554974,0,0.444444444,1.240310059,43,105,69.26290326
44,Cincinnati,B12,18-15,111.5714683,90,95.34694276,21,0.85901653,44,18.77627892,15.22372108,7,13,13-Jul,0.714513857,0.429865062,0.859436341,0.712238573,0.429865062,0.859436341,0.651826422,0.85408134,112.0030903,100.7577165,111.9232566,100.8550455,110.0377998,96.19851163,116.3326598,103.476692,0.793595447,13,-0.033216861,1311,1381,1309.5875,1.001078584,1.05453053,0,0.35,-1.027495196,60,263,65.24147453
45,UC San Diego,BW,30-4,113.4817968,64,96.98826051,35,0.858890315,45,30.3836681,4.616331903,18,2,18-2,0.41723115,0.380960352,0.41672342,0.431230729,0.380960352,0.41672342,0.874437725,0.87211274,105.1126177,107.5828087,105.4158959,107.1838171,115.9760877,97.2888178,103.2255793,89.50577186,0.837542566,2,0.033038392,1606,1243,1339.175,1.199245804,0.928183396,0,0.9,1.162435747,44,98,65.78121708
46,Oklahoma,SEC,20-13,117.6729725,30,100.8552043,77,0.854901091,46,20.43877639,13.56122361,6,12,12-Jun,0.713084119,0.440672822,0.88731354,0.718077232,0.440672822,0.88731354,0.603848546,0.816320507,113.4205222,101.072305,113.6609514,101.0998839,116.6851251,101.0322743,130.2198942,109.8278195,0.876378383,19,0.067713661,1357,1432,1267.1625,1.07089659,1.130083947,0,0.333333333,2.121801274,37,43,68.42749629
47,SMU,ACC,23-10,116.8400303,35,100.2780362,70,0.852943825,47,23.86148751,10.13851249,13,7,13-7,0.628585453,0.442464258,0.715021077,0.626481452,0.442464258,0.715021077,0.774224117,0.876063434,109.8697721,103.846138,109.7898472,103.8811901,118.5202394,101.307768,129.5088497,125.8907418,0.580749366,6,-0.004645962,1547,1445,1355.1375,1.141581574,1.066312459,0,0.65,-0.358438517,57,188,68.83146787
48,Utah St.,MWC,26-7,122.5551482,13,105.1903015,148,0.85284422,48,26.33358283,7.666417172,15,5,15-5,0.595581256,0.490914027,0.633783305,0.605137581,0.490914027,0.633783305,0.766785972,0.826927227,108.1544603,102.7500957,108.4488609,102.5231334,124.3893096,108.1172733,118.0402333,109.8792263,0.695064131,6,0.075734402,1573,1447,1320.875,1.190877259,1.095485947,0,0.75,2.304199508,34,31,67.62987927
49,Texas,SEC,19-15,116.6764429,39,100.1741609,69,0.852417029,49,19.44135705,15.55864295,6,12,12-Jun,0.709155339,0.404062409,0.895316375,0.714027286,0.404062409,0.895316375,0.625495943,0.877776895,112.3897887,101.8347591,112.5002598,101.7191624,115.5926933,100.8071184,126.1465127,107.9289293,0.857376327,18,0.008285562,1324,1406,1256.4125,1.053794037,1.119059226,0,0.333333333,0.036870958,53,153,67.28329272
50,Boise St.,MWC,24-10,115.4118323,52,99.12092413,54,0.851941789,50,24.7701386,10.2298614,14,6,14-6,0.611005034,0.501315656,0.63387451,0.611604972,0.501315656,0.63387451,0.76533673,0.817488793,108.7629515,102.4606722,108.7296841,102.4673393,117.437739,100.4480914,121.4616691,109.4352704,0.76835631,8,0.011652611,1480,1325,1300.425,1.138089471,1.018897668,0,0.7,0.147562259,52,143,65.24984628
51,Santa Clara,WCC,20-12,115.7408649,47,99.74156847,64,0.846949002,51,20.90192203,12.09807797,12,6,6-Dec,0.595791197,0.603354975,0.600299419,0.591311745,0.603354975,0.600299419,0.792609025,0.823842696,109.6066647,104.7572376,109.571275,104.929031,117.7871251,99.48922376,119.0828498,103.6016455,0.832236574,4,-0.094083049,1493,1306,1277.2625,1.168906157,1.02249929,0,0.666666667,-3.420018353,81,346,68.89914408
52,Villanova,BE,19-14,118.6020134,23,102.47141,95,0.843060817,52,19.65056639,14.34943361,11,9,9-Nov,0.638357497,0.422860907,0.757528893,0.641424154,0.422860907,0.757528893,0.727596552,0.847972116,109.7798105,102.8416739,109.7420526,102.7270834,119.9546619,102.3065129,133.8079463,110.5525018,0.899846706,9,-0.069484008,1428,1369,1268.4375,1.125794531,1.079280611,0,0.55,-2.906234986,75,325,63.09642784
53,San Diego St.,MWC,21-9,108.888479,121,94.33758814,14,0.838838599,53,21.41184872,9.588151277,14,6,14-6,0.64254387,0.635603599,0.635197096,0.65024953,0.635603599,0.635197096,0.726772693,0.692714634,110.6546593,102.1318413,110.9272189,102.0544737,108.0792806,94.33394029,133.6676745,115.6849993,0.840450737,9,0.054635542,1406,1277,1337.8,1.05097922,0.95455225,0,0.7,0.914900918,46,53,65.79352804
54,Northwestern,B10,17-16,113.2582411,66,98.13229674,41,0.838697817,54,17,16,7,13,13-Jul,0.725973258,0.479012401,0.851572732,0.725973258,0.479012401,0.851572732,0.666173964,0.877828878,113.0200994,101.3876951,113.0200994,101.3876951,114.1961099,99.60958573,120.7208683,105.0254597,0.832255773,12,-0.053375373,1434,1464,1347.5375,1.064163335,1.086426166,0,0.35,-2.639285576,73,305,64.92961833
55,Indiana,B10,19-13,112.4187182,74,97.8394434,39,0.831651956,55,19,13,10,10,10-Oct,0.741306725,0.536010549,0.847564007,0.741306725,0.536010549,0.847564007,0.655976477,0.823760247,113.7698526,101.2441923,113.7698526,101.2441923,113.8149198,99.16279357,117.9943204,106.4711872,0.765264824,14,0.045181611,1457,1476,1367.4,1.065525815,1.079420799,0,0.5,0.296939398,50,68,67.96054219
56,Liberty,CUSA,28-6,112.8081349,68,98.22914583,42,0.830817628,56,28.4135823,6.586417701,13,5,13-5,0.467918203,0.341639463,0.541117212,0.479532512,0.341639463,0.541117212,0.868745793,0.899016918,104.9787702,105.4262207,105.2960665,105.1708594,110.3914742,96.62724306,0,0,0,0,0.01729298,1304,1176,1213.9625,1.074168271,0.968728441,0,0.722222222,-0.318059251,56,134,65.36858382
57,Kansas St.,B12,16-17,109.7649114,108,95.92326183,24,0.824929985,57,16,17,9,11,11-Sep,0.734633346,0.489029,0.858464738,0.734633346,0.489029,0.858464738,0.633430586,0.822802658,111.5573332,100.2906862,111.5573332,100.2906862,110.477641,94.31431599,115.0665077,99.58406309,0.84048534,12,-0.032760422,1351,1380,1349.6125,1.001028073,1.022515722,0,0.45,-2.537783222,71,260,67.02978547
58,Drake,MVC,30-3,112.5384486,72,98.46622122,44,0.822909564,58,30.24588108,3.754118917,17,3,17-3,0.459436053,0.380704729,0.481763402,0.473406588,0.380704729,0.481763402,0.866857822,0.874203986,106.8529459,107.2029028,107.4825628,107.0028764,113.853304,100.4609732,122.889807,94.4948565,0.953537832,2,0.101769543,1369,1208,1199.425,1.141380245,1.007149259,0,0.85,2.297254384,35,16,58.59922792
59,USC,B10,16-17,116.8385809,36,102.7517846,105,0.814192672,59,16.77469882,17.22530118,7,13,13-Jul,0.718027355,0.475518504,0.837850884,0.713388829,0.475518504,0.837850884,0.67549578,0.867161919,112.7736671,101.3897177,112.6438524,101.5282368,118.8513521,103.3192303,125.3574946,115.9707577,0.709933837,14,-0.061056468,1521,1566,1385.3625,1.097907587,1.13039006,0,0.35,-3.835490071,86,317,68.17417205
60,Memphis,Amer,29-5,111.6692387,88,98.66776436,47,0.805887196,60,29.36997888,5.630021121,16,2,16-2,0.628360839,0.786615917,0.519370368,0.6354385,0.786615917,0.519370368,0.763885901,0.607719171,111.0537073,104.4150689,111.220148,104.2489199,110.4622713,98.29454562,171.2413053,138.3284912,0.920896351,7,0.205082477,1452,1279,1293.375,1.122644245,0.988885667,0,0.888888889,4.854867818,19,1,70.65407671
61,San Francisco,WCC,24-9,110.9823317,94,98.11883951,40,0.804821134,61,24.80985578,9.190144224,13,5,13-5,0.562891554,0.467222066,0.605816783,0.562990908,0.467222066,0.605816783,0.784061331,0.857546362,109.6254342,105.2918903,109.5029672,105.22741,112.1307847,101.4473056,116.1574092,106.6816696,0.726833182,7,0.053509494,1359,1298,1233.1125,1.102089225,1.052620908,0,0.722222222,-0.024918047,54,54,67.7094488
62,Nebraska,B10,17-14,111.8569445,85,99.22577041,57,0.79866391,62,17.51093064,14.48906936,7,13,13-Jul,0.705046595,0.447208687,0.846857445,0.707749523,0.447208687,0.846857445,0.663153487,0.842104936,112.8453989,101.8762074,112.8567229,101.8427838,112.1894614,102.1754832,113.6988766,99.05916407,0.829927942,13,0.024413282,1464,1570,1400.1625,1.045592922,1.121298421,0,0.35,-1.439476193,61,119,67.45341512
63,McNeese St.,Slnd,27-6,113.4142693,65,100.7421185,74,0.796175015,63,27.23459818,6.765401819,19,1,19-1,0.415303726,0.544306428,0.344072614,0.43036075,0.544306428,0.344072614,0.86634791,0.776741796,104.6247377,106.5150931,105.0535011,106.1505505,115.4161338,101.4886922,106.0260034,89.94819922,0.86889002,2,0.022103099,1572,1261,1323.55,1.187714858,0.952740735,0,0.95,-0.85650225,58,124,65.24875549
64,Penn St.,B10,16-15,113.5687867,63,100.9088503,78,0.795629201,64,16,15,6,14,14-Jun,0.650150534,0.320830322,0.831276651,0.650150534,0.320830322,0.831276651,0.69732323,0.906168865,110.9886968,103.2446529,110.9886968,103.2446529,113.0456972,101.6587899,122.1605024,108.2660197,0.800362405,10,-0.050642994,1462,1549,1396.9875,1.046537639,1.108814503,0,0.3,-3.706201348,84,300,70.11415039
65,Arizona St.,B12,13-19,113.207768,67,100.8066519,76,0.791540303,65,13.48906936,19.51093064,4,16,16-Apr,0.790925548,0.649590671,0.866959508,0.791160044,0.649590671,0.866959508,0.580095409,0.688021704,114.6687127,98.68304067,114.5835076,98.69948703,113.6636151,101.6747121,117.2772837,101.8331139,0.835327612,17,-0.014050044,1436,1591,1403.6625,1.023037945,1.13346335,0,0.2,-3.090372402,78,216,68.30035514
66,Iowa,B10,17-16,119.4277465,18,106.5573985,178,0.787733836,66,17,16,7,13,13-Jul,0.698399585,0.398213686,0.844038385,0.698399585,0.398213686,0.844038385,0.657019154,0.863435497,112.4727697,102.1817423,112.4727697,102.1817423,119.7203682,108.4520052,122.2868686,112.484746,0.723291662,15,0.007550122,1548,1654,1396.9375,1.108138338,1.184018612,0,0.35,-2.439098074,69,156,69.72899138
67,Utah,B12,16-16,112.5261076,73,100.4571007,71,0.786629383,67,16.54608856,16.45391144,8,12,12-Aug,0.688895831,0.3748954,0.857207604,0.690867485,0.3748954,0.857207604,0.660561873,0.876580573,111.5321218,101.8730209,111.6684004,101.9757567,112.074654,100.7418631,119.2833303,113.6304676,0.636064676,13,-0.013850558,1383,1488,1359.5,1.017285767,1.094520044,0,0.4,-2.985301673,76,214,68.76643736
68,Rutgers,B10,15-17,115.7140538,48,103.7452081,119,0.778270748,68,15,17,8,12,12-Aug,0.714610136,0.453150743,0.853433676,0.714610136,0.453150743,0.853433676,0.653095347,0.822849446,112.3639803,100.9640752,112.3639803,100.9640752,116.5591596,102.9537422,126.8742837,111.1876624,0.820205252,15,-0.019152655,1486,1575,1389.25,1.069641893,1.133705237,0,0.4,-3.641544321,83,229,68.59631311
69,UCF,B12,17-16,115.4920327,51,103.629748,113,0.776665104,69,17.60414055,16.39585945,7,13,13-Jul,0.732065383,0.497307722,0.848689472,0.730975157,0.497307722,0.848689472,0.646977491,0.845624936,111.6846637,99.09510055,111.8118736,99.35677743,116.556319,104.3970326,122.9173607,109.1623711,0.79653422,13,0.032508953,1547,1660,1471.6,1.051236749,1.12802392,0,0.35,-1.989330603,67,99,71.72888616
70,Wake Forest,ACC,21-11,107.9309263,137,97.0598383,36,0.772218973,70,21,11,13,7,13-7,0.646904836,0.485172271,0.724132022,0.646904836,0.485172271,0.724132022,0.693631007,0.733182009,110.8840963,102.8050628,110.8840963,102.8050628,110.8923634,98.14489449,112.6263959,100.7806332,0.782108099,10,0.107355631,1443,1404,1355.1125,1.064856239,1.036076341,0,0.65,0.644205393,48,13,67.13783078
71,George Mason,A10,26-8,105.7394905,191,95.09262474,19,0.772144616,71,26.82679664,8.173203362,15,3,15-3,0.508095769,0.369670765,0.56656068,0.507552976,0.369670765,0.56656068,0.821842745,0.84053683,107.4095786,105.8744403,107.4559255,105.9781184,105.3415171,95.66444618,100.3799594,94.25336688,0.673536571,4,0.068688803,1211,1147,1179.75,1.026488663,0.972239881,0,0.833333333,-0.288017969,55,41,64.64311691
72,Pittsburgh,ACC,17-15,113.923321,60,102.7408216,104,0.766407325,72,17,15,8,12,12-Aug,0.676323684,0.581240518,0.72855257,0.676323684,0.581240518,0.72855257,0.711713696,0.760767926,111.7048818,102.5380229,111.7048818,102.5380229,113.25142,105.5509784,119.6805371,110.1660183,0.721644076,9,-0.013885546,1430,1456,1315.325,1.087183776,1.106950754,0,0.4,-3.749464352,85,215,66.40911494
73,North Texas,Amer,24-8,109.2163777,118,98.67251761,48,0.762698717,73,24.82621354,8.173786456,14,4,14-4,0.494188157,0.449629591,0.522546509,0.493664192,0.449629591,0.522546509,0.857218149,0.841360523,108.0004221,107.4393049,107.9948506,107.4799174,111.4789095,100.4022606,93.33592316,82.23288714,0.810992508,1,0.034223313,1231,1107,1090.3625,1.128982334,1.015258687,0,0.777777778,-1.833503944,66,94,60.35637552
74,TCU,B12,16-16,106.3165999,174,96.13881279,27,0.760828243,74,16,16,9,11,11-Sep,0.75261508,0.567048257,0.855176396,0.75261508,0.567048257,0.855176396,0.624100881,0.777956606,113.5624261,100.007609,113.5624261,100.007609,107.9395747,98.19960844,114.4818,103.8511487,0.754129354,14,0.057306815,1298,1428,1324.1875,0.980223722,1.07839713,0,0.45,-1.730169168,63,48,66.42114772
75,Stanford,ACC,20-13,112.2622565,75,101.5792064,88,0.759508517,75,20.79988213,13.20011787,11,9,9-Nov,0.627448748,0.452727536,0.709140503,0.624166613,0.452727536,0.709140503,0.746322686,0.862099369,109.7193411,102.8760652,109.6196216,102.9604124,112.4095694,101.0171229,116.2512152,109.7055891,0.660710399,8,0.019902211,1410,1423,1322.25,1.066364152,1.076195878,0,0.55,-2.610927862,72,133,66.01464815
76,South Carolina,SEC,20-Dec,109.760767,109,99.39088454,59,0.757916698,76,12,20,2,16,16-Feb,0.727178844,0.473256058,0.903101094,0.727178844,0.473256058,0.903101094,0.617850764,0.85013535,114.099848,100.9370134,114.099848,100.9370134,108.6657915,99.04878434,116.2469483,108.1742247,0.695867805,19,-0.070461281,1182,1361,1210.3375,0.976587109,1.124479742,0,0.111111111,-5.627660476,119,326,65.33655709
77,Butler,BE,14-19,116.0293181,44,105.2633027,150,0.753960432,77,14.45391144,19.54608856,6,14,14-Jun,0.701488609,0.565945981,0.766452271,0.703992749,0.565945981,0.766452271,0.675815408,0.738142383,111.5191647,100.7603366,111.5487806,100.7514179,118.1365725,107.1175785,114.6084057,104.6151826,0.740616115,12,-0.068446138,1499,1545,1363.1,1.099699215,1.133445822,0,0.3,-6.07447593,123,324,67.26942922
78,Dayton,A10,22-10,114.6539513,57,104.3457419,129,0.747136753,78,22.47997453,10.52002547,12,6,6-Dec,0.593815565,0.554900967,0.613838821,0.597142538,0.554900967,0.613838821,0.791043206,0.778529413,108.2984293,103.0208725,108.466108,103.0962385,113.3658794,105.8727133,149.9167647,123.5112543,0.902744806,7,0.071989117,1335,1296,1218.5375,1.095575639,1.063570058,0,0.666666667,-1.511897771,62,36,65.74748038
79,Yale,Ivy,22-7,113.9071247,61,103.715754,118,0.746094113,79,22.19523586,7.804764141,13,1,13-1,0.409544259,0.429202731,0.378925435,0.426683992,0.429202731,0.378925435,0.872552063,0.850324656,105.7865938,108.7080031,106.1275972,108.1705245,114.1324978,103.5003092,122.8969137,107.8995351,0.817077505,1,-0.005444774,1157,969,971.4625,1.190987815,0.997465162,0,0.928571429,-2.694554127,74,192,67.20831487
80,UC Irvine,BW,28-6,106.3743274,169,96.9239886,33,0.744583218,80,28.76018986,6.23981014,17,3,17-3,0.475230482,0.523070653,0.428178489,0.477469591,0.523070653,0.428178489,0.864984997,0.844877383,106.1002472,106.5946657,106.223739,106.6434669,107.3672157,97.3277366,105.0029861,90.06447307,0.853812876,2,0.113848438,1556,1344,1419.7875,1.095938653,0.946620533,0,0.85,0.20907608,51,11,68.66211968
81,Colorado,B12,14-20,108.4960434,129,98.945594,51,0.742623839,81,14.34943361,20.65056639,3,17,17-Mar,0.746879929,0.505858089,0.860137255,0.749627955,0.505858089,0.860137255,0.612506421,0.788240516,112.8890944,99.48067055,113.0523207,99.56612025,107.1770429,100.1729015,115.7771825,105.1192267,0.752237506,15,-0.00556068,1329,1474,1361.225,0.976326471,1.08284817,0,0.15,-4.432211013,95,193,67.52883873
82,Saint Joseph's,A10,22-12,110.6905566,98,101.0996659,83,0.739286736,82,22.71648262,12.28351738,11,7,7-Nov,0.530334065,0.428656575,0.585971154,0.532384371,0.428656575,0.585971154,0.837841654,0.863016302,106.4319576,104.9865276,106.6964043,105.1753401,112.5260702,102.2209637,115.9078251,99.18062826,0.857209559,3,-0.023252299,1357,1242,1220.3625,1.111964683,1.017730387,0,0.611111111,-4.730191901,106,237,67.99580268
83,Grand Canyon,WAC,26-7,108.5323279,127,99.4708347,60,0.731571699,83,26.13722306,7.862776937,13,3,13-3,0.410519984,0.414860858,0.390453121,0.426235864,0.414860858,0.390453121,0.882852956,0.883177096,102.7110121,106.116692,103.1693293,105.6901501,107.6288461,98.81640781,174.7504257,159.2054606,0.744858752,1,0.022024292,1235,1086,1150.7125,1.073248096,0.943763103,0,0.8125,-2.481224621,70,126,71.46711462
84,LSU,SEC,14-18,108.5031233,128,99.58424953,62,0.728378613,84,14,18,3,15,15-Mar,0.696285285,0.402998654,0.897407368,0.696285285,0.402998654,0.897407368,0.627808684,0.869557611,112.4945408,102.1313438,112.4945408,102.1313438,109.2924149,100.2072616,108.0718599,98.50003593,0.743931469,17,-0.002793038,1206,1393,1229.15,0.981165846,1.133303502,0,0.166666667,-4.013334998,87,184,68.04633593
85,High Point,BSth,29-5,117.7087087,29,108.1364836,213,0.726197826,85,29.1687293,5.831270698,14,2,14-2,0.341574082,0.330454289,0.336316754,0.358355129,0.330454289,0.336316754,0.919281932,0.936230709,103.7105036,109.7234075,104.3570478,109.4288506,120.3334936,107.355338,0,0,0,0,0.033054639,1389,1160,1112.1625,1.248918211,1.043013049,0,0.875,-1.822491071,64,97,66.47224164
86,Minnesota,B10,15-17,109.9313668,106,101.49149,86,0.71476384,86,15,17,7,13,13-Jul,0.705335147,0.415865208,0.85787548,0.705335147,0.415865208,0.85787548,0.676730286,0.914264407,112.2150954,101.6778013,112.2150954,101.6778013,113.8244767,103.7393597,127.6014335,118.6000432,0.698734662,11,0.012767859,1370,1501,1314.2375,1.042429546,1.142107115,0,0.35,-4.460238332,97,139,62.61979705
87,Oklahoma St.,B12,15-17,107.8189376,140,99.58787049,63,0.713664513,87,15.7820344,17.2179656,7,13,13-Jul,0.721278371,0.450621705,0.863252629,0.714078476,0.450621705,0.863252629,0.652137333,0.886149939,112.8329118,100.6025754,112.5789665,100.7372693,107.811491,97.9094373,108.0094461,106.4595111,0.541459696,13,0.03996819,1387,1540,1424.425,0.97372624,1.081138003,0,0.35,-3.472761711,82,83,71.32651842
88,Nevada,MWC,17-16,112.1123354,79,103.8254894,120,0.707460766,88,17,16,8,12,12-Aug,0.621277795,0.577659159,0.648306904,0.621277795,0.577659159,0.648306904,0.770154106,0.823699378,108.9033534,103.0019463,108.9033534,103.0019463,109.7037968,104.846817,109.3423251,103.5284388,0.652110231,8,-0.035524183,1386,1381,1301.8125,1.064669451,1.060828652,0,0.4,-6.3932978,128,268,63.76646515
89,UNLV,MWC,18-15,106.8588277,162,99.17062991,55,0.702382076,89,18,15,11,9,9-Nov,0.623808433,0.592645824,0.648809135,0.623808433,0.592645824,0.648809135,0.759136092,0.785796479,109.6486736,103.4841309,109.6486736,103.4841309,107.9715465,98.84578906,110.3392708,109.8177391,0.513617877,8,0.007361218,1373,1354,1324.0625,1.036960113,1.022610338,0,0.55,-5.01888371,110,158,65.66535604
90,Georgia Tech,ACC,17-16,107.4326658,151,99.83260799,66,0.699254078,90,17.75519556,16.24480444,10,10,10-Oct,0.617417839,0.399641384,0.715805779,0.614083843,0.399641384,0.715805779,0.734791696,0.851752332,110.1326914,103.9526125,110.0295149,104.0267754,107.5983733,100.0530141,120.7752473,109.3182105,0.758813624,9,-0.006149345,1417,1452,1375.2,1.030395579,1.055846422,0,0.5,-5.111856849,112,195,68.6636191
91,Oregon St.,WCC,20-12,116.009799,45,107.9921145,209,0.694997693,91,20.39585945,12.60414055,10,8,8-Oct,0.50676576,0.393388808,0.593674205,0.514944528,0.393388808,0.593674205,0.807246288,0.889731198,107.1081536,105.4040135,107.3701498,105.3485677,118.9788896,111.7383424,123.1787831,114.8483899,0.691101717,5,-0.004702663,1381,1337,1175.5,1.174819226,1.137388345,0,0.555555556,-4.417471772,94,190,63.70729517
92,St. Bonaventure,A10,22-11,106.4663914,165,99.20291548,56,0.692665936,92,22.73662229,11.26337771,9,9,9-Sep,0.513877271,0.376416138,0.586877045,0.514080112,0.376416138,0.586877045,0.841561784,0.902969612,107.1294312,105.9709639,107.0384615,105.8923686,108.167014,103.1678481,123.655775,111.3765374,0.76900965,4,0.032499639,1218,1233,1168.85,1.042049878,1.054883005,0,0.5,-4.053180507,88,100,64.21755401
93,Florida St.,ACC,17-15,107.8138244,141,100.4961887,72,0.691744997,93,17,15,8,12,12-Aug,0.628571015,0.447095783,0.727383494,0.628571015,0.447095783,0.727383494,0.748602655,0.85939375,110.3229904,103.2662899,110.3229904,103.2662899,109.7954312,104.1748786,127.2015515,124.8931868,0.552458931,6,0.005520651,1454,1528,1382.8125,1.051480226,1.10499435,0,0.4,-5.107583793,111,162,69.59811945
94,Georgetown,BE,17-15,107.05897,156,99.86244498,67,0.690025887,94,17.54223673,15.45776327,8,12,12-Aug,0.609830766,0.311061786,0.772787534,0.611129567,0.311061786,0.772787534,0.739167582,0.899367374,109.0856117,103.6557774,109.1942631,103.7467072,108.2074305,98.86493391,105.7010843,98.14553091,0.701171628,9,0.009862861,1378,1429,1349.9125,1.020806904,1.058587131,0,0.4,-4.659887433,103,148,68.16837609
95,Arkansas St.,SB,24-10,109.6927964,112,102.5267727,96,0.685019587,95,24.68933317,10.31066683,13,5,13-5,0.419785946,0.463334915,0.363654946,0.424057457,0.463334915,0.363654946,0.879826962,0.827369163,104.6036812,107.1277446,104.6860325,107.0601559,111.6835468,102.3148386,103.846618,86.30823025,0.893536526,1,-0.006326051,1433,1207,1238.05,1.157465369,0.974920237,0,0.722222222,-4.65017749,102,196,69.56924141
96,Virginia,ACC,15-17,111.6355706,89,104.4740343,134,0.681888332,96,15,17,8,12,12-Aug,0.655073669,0.512564422,0.731244735,0.655073669,0.512564422,0.731244735,0.703216229,0.735927366,110.6410693,102.3051085,110.6410693,102.3051085,113.6089363,107.1435469,121.0860474,118.0860534,0.571631253,9,-0.006783264,1325,1410,1235.4625,1.072472859,1.141273005,0,0.4,-5.550128938,117,198,60.93670098
97,Notre Dame,ACC,15-18,110.5566325,99,103.6391867,115,0.677660811,97,15,18,8,12,12-Aug,0.64625708,0.508648959,0.704175921,0.64625708,0.508648959,0.704175921,0.727381463,0.75450953,110.8846565,103.3279794,110.8846565,103.3279794,112.6877846,105.6354794,125.128663,118.5064093,0.651427044,7,-0.032821467,1445,1494,1342.225,1.07657062,1.113077167,0,0.4,-6.992495319,138,261,64.60765472
98,Loyola Chicago,A10,22-11,107.7590221,143,101.0617067,82,0.676538869,98,22.51295213,11.48704787,12,6,6-Dec,0.497534211,0.299375293,0.610333129,0.500417856,0.299375293,0.610333129,0.853256688,0.935946624,105.9291326,105.8219837,105.9999245,105.7874342,109.4425926,101.8639124,127.9407617,120.5578147,0.664527481,2,0.023926258,1295,1274,1217.9625,1.063251126,1.046009216,0,0.666666667,-4.619529038,101,121,66.88057768
99,Bradley,MVC,26-8,111.0440927,93,104.2021954,128,0.675097678,99,26.68281823,8.317181774,15,5,15-5,0.486852471,0.417555503,0.513115234,0.489100117,0.417555503,0.513115234,0.870894063,0.886739518,107.0466538,107.0987877,107.1496658,107.1265865,110.7945683,103.4774289,116.536872,98.68358394,0.871280099,1,0.105707925,1523,1407,1357.15,1.12220462,1.036731386,0,0.75,-2.038192561,68,14,65.65914504
100,Akron,MAC,28-6,113.6909286,62,106.8297426,186,0.671691013,100,28.10285215,6.897147852,17,1,17-1,0.369808412,0.430061603,0.325838914,0.386297827,0.430061603,0.325838914,0.891784459,0.863428848,104.3714281,108.8193426,104.9644117,108.4450492,113.9754522,106.7362644,114.2976264,110.5592049,0.594458649,1,0.072171971,1556,1357,1313.0875,1.184993384,1.033442174,0,0.944444444,-1.82928834,65,35,71.17586706
101,Lipscomb,ASun,25-9,110.7175009,97,104.0410486,125,0.671562078,101,25.10075423,9.899245773,14,4,14-4,0.37779133,0.469614143,0.318227043,0.394084442,0.469614143,0.318227043,0.873950983,0.816218335,105.3685706,109.9825852,105.7778905,109.4481613,112.5780138,107.4056779,99.63904969,104.103463,0.376587613,2,0.004276205,1440,1216,1190.575,1.209499612,1.021355228,0,0.777777778,-4.127924113,90,166,66.08059605
102,UAB,Amer,22-12,117.2113393,33,110.1628457,255,0.671111782,102,22.28351738,12.71648262,13,5,13-5,0.468035378,0.318435332,0.541996687,0.477311527,0.318435332,0.541996687,0.866283111,0.931564525,105.6347565,106.7410049,105.8257794,106.5364274,119.7469233,110.5002787,0,0,0,0,-0.022681966,1456,1380,1233.6,1.180285344,1.118677043,0,0.722222222,-6.202794375,125,235,69.00048248
103,Troy,SB,23-10,106.6779296,163,100.6484766,73,0.661295595,103,23.12557171,10.87442829,13,5,13-5,0.400506409,0.423402206,0.373496749,0.416123499,0.423402206,0.373496749,0.853553109,0.794053465,105.1211505,107.7001252,105.7067894,107.4193143,107.0729986,101.7042552,89.38237363,94.32045549,0.350143674,3,-0.003285491,1300,1150,1179.275,1.10237222,0.975175426,0,0.722222222,-4.496858184,98,186,66.13744072
104,Providence,BE,20-Dec,111.1508511,92,104.9906097,143,0.658293773,104,12,20,6,14,14-Jun,0.680689444,0.500889402,0.775915918,0.680689444,0.500889402,0.775915918,0.709387994,0.83303622,111.168476,102.2536316,111.168476,102.2536316,113.2079764,105.7306214,133.6528373,119.7610387,0.779386277,10,-0.061564991,1438,1533,1362.5125,1.055403161,1.125127292,0,0.3,-8.509247232,169,318,66.16882154
105,New Mexico St.,CUSA,17-15,104.7009227,209,99.00037336,52,0.655616365,105,17,15,10,8,8-Oct,0.497523954,0.402521269,0.560469089,0.497523954,0.402521269,0.560469089,0.842897914,0.839439487,106.4254234,104.123959,106.4254234,104.123959,104.8384756,94.83557415,110.8708081,104.0888233,0.673903114,3,-0.085986873,1183,1116,1164.3375,1.016028428,0.958484975,0,0.555555556,-8.438757296,167,340,64.71136108
106,Washington St.,WCC,19-14,112.6711069,69,106.6564618,180,0.652691198,106,19.45776327,14.54223673,8,10,10-Aug,0.58532324,0.559260254,0.59502828,0.58840273,0.559260254,0.59502828,0.77919527,0.829452956,109.270546,104.5805835,109.2054997,104.4418148,112.1857559,109.7026235,133.0942424,122.5241087,0.721441053,7,0.043782223,1380,1453,1270.125,1.086507234,1.143981892,0,0.444444444,-4.839063415,107,72,70.61918398
107,Syracuse,ACC,14-19,110.9398239,95,105.1841385,147,0.648548998,107,14,19,7,13,13-Jul,0.662358761,0.547858477,0.714335352,0.662358761,0.547858477,0.714335352,0.720316005,0.736910257,111.4341852,103.0009588,111.4341852,103.0009588,112.8359318,106.100198,117.6891565,114.8969325,0.568597442,9,-0.030736186,1481,1555,1380.7875,1.072576338,1.126168943,0,0.35,-7.725399123,152,255,68.08399819
108,Saint Louis,A10,19-14,108.8182629,123,103.4844309,110,0.640599486,108,19.31066683,14.68933317,11,7,7-Nov,0.548310284,0.42101678,0.632953065,0.554116674,0.42101678,0.632953065,0.821103192,0.864657119,107.7528811,104.2777836,107.8580662,104.181413,109.0099123,99.75896774,116.4567528,103.7264882,0.791050365,2,0.01012977,1297,1237,1223.7125,1.059889476,1.010858351,0,0.611111111,-6.457374996,131,146,67.13754592
109,UNC Wilmington,CAA,27-7,112.2292523,76,106.7918243,184,0.639020758,109,27.077734,7.922265995,14,4,14-4,0.362811097,0.33666911,0.37265067,0.37971796,0.33666911,0.37265067,0.900609882,0.903430916,104.5206322,108.9548505,105.1718359,108.5834852,112.5970649,107.3168856,110.8896534,107.3301374,0.592714953,1,0.050637563,1391,1239,1197.9,1.161198765,1.034310043,0,0.777777778,-3.257406538,80,58,65.13215547
110,Utah Valley,WAC,25-8,106.9746937,160,101.840119,91,0.637762071,110,25.19014422,8.809855776,15,1,15-1,0.419451098,0.421498882,0.402027235,0.43204303,0.421498882,0.402027235,0.881504043,0.879944666,104.2420073,106.568051,104.497729,106.2641524,108.3014938,101.7865218,0,0,0,0,0.086597494,1222,1073,1120.2375,1.090840112,0.957832602,0,0.9375,-3.107142667,79,24,67.86058302
111,Florida Atlantic,Amer,18-15,112.2054768,77,106.8212611,185,0.637726597,111,18.52002547,15.47997453,10,8,8-Oct,0.529101535,0.534440576,0.536324915,0.533734545,0.534440576,0.536324915,0.834290348,0.800170547,107.65638,105.243929,107.8232609,105.2578171,111.859556,106.9208744,111.2404485,102.984028,0.70824626,1,-0.035619579,1356,1333,1222.2875,1.109395294,1.090578117,0,0.555555556,-7.877168624,157,269,68.90720004
112,DePaul,BE,14-19,109.288747,115,104.0669021,126,0.637154191,112,14.22372108,19.77627892,4,16,16-Apr,0.638835096,0.358768925,0.777995301,0.64531102,0.358768925,0.777995301,0.709202645,0.855629923,109.7527494,102.599789,109.8062411,102.38647,107.1386074,106.5214064,108.5851129,107.6843965,0.52392937,11,-0.033789089,1333,1550,1348.7375,0.988331681,1.149222884,0,0.2,-7.493056989,149,265,67.01999619
113,North Alabama,ASun,24-10,112.0051311,82,106.6574,181,0.637056884,113,24.31718177,10.68281823,14,4,14-4,0.346383242,0.354627123,0.32618723,0.357543254,0.354627123,0.32618723,0.896333646,0.867867532,104.398101,109.9780017,104.6432393,109.7619279,113.8102773,107.1223225,114.0385571,107.1264195,0.672400057,1,-0.028458679,1442,1258,1206.7375,1.194957478,1.042480241,0,0.777777778,-5.678576978,120,250,66.49291101
114,St. Thomas,Sum,24-10,114.10213,58,108.7806819,230,0.633959678,114,24,10,12,4,4-Dec,0.402671528,0.383444191,0.420091767,0.402671528,0.383444191,0.420091767,0.896633771,0.881616478,106.7215951,109.3637733,106.7215951,109.3637733,116.7212326,112.1392205,0,0,0,0,0.020700072,1311,1238,1083.975,1.209437487,1.14209276,0,0.75,-5.204478036,113,130,67.78511363
115,N.C. State,ACC,19-Dec,107.7091164,145,102.7170915,102,0.633146807,115,12,19,5,15,15-May,0.628795713,0.441876874,0.731601074,0.628795713,0.441876874,0.731601074,0.73295381,0.788405067,110.694294,104.0008014,110.694294,104.0008014,108.7139795,104.6023505,115.9376075,112.8964231,0.575831917,7,-0.081746473,1346,1465,1312.65,1.02540662,1.116062926,0,0.25,-8.86115951,177,338,65.14541917
116,George Washington,A10,21-12,107.6318593,147,102.6873545,101,0.632002851,116,21.2298614,12.7701386,9,9,9-Sep,0.451509996,0.263072723,0.5737071,0.463287402,0.263072723,0.5737071,0.869306003,0.940938762,104.3068627,106.0822712,104.6433769,105.8713213,105.9858757,98.72594226,127.5638723,113.2075197,0.797870541,1,-0.011377232,1239,1200,1208.025,1.025641026,0.993356926,0,0.5,-6.536661895,134,204,66.78957127
117,Northern Iowa,MVC,20-12,108.5636507,125,103.6899409,116,0.629066145,117,20.13851249,12.86148751,14,6,14-6,0.492103431,0.459840463,0.51550632,0.504059162,0.459840463,0.51550632,0.863060539,0.888737407,106.8306682,106.6979337,107.190927,106.456574,108.8809723,103.3658687,102.9607209,110.1934873,0.314160925,1,0.001288715,1439,1346,1305.15,1.102555262,1.031299084,0,0.7,-6.583413224,136,172,64.95642752
118,Washington,B10,13-18,109.2484576,116,104.4639197,133,0.625978832,118,13,18,4,16,16-Apr,0.69828102,0.408009748,0.85793022,0.69828102,0.408009748,0.85793022,0.668463745,0.870955681,112.7435405,101.468926,112.7435405,101.468926,109.5328353,105.6383943,121.3147584,116.2851687,0.619386241,12,0.031859783,1374,1602,1370.8,1.002334403,1.168660636,0,0.2,-5.574854871,118,106,67.64563055
119,Northern Colorado,BSky,25-9,111.7517409,86,106.8646634,187,0.62580013,119,25.23981014,9.76018986,15,3,15-3,0.384246654,0.42220581,0.350919235,0.396045595,0.42220581,0.350919235,0.883617659,0.831115615,105.6275726,108.801352,105.6941233,108.3908091,112.3777271,108.5189692,104.4290505,104.2325109,0.50541575,1,0.042391681,1439,1297,1232.825,1.167237848,1.052055239,0,0.833333333,-4.139249826,91,76,68.67584463
120,Middle Tennessee,CUSA,22-11,108.4899988,130,103.8433521,121,0.623259482,120,22.69201508,11.30798492,12,6,6-Dec,0.526764063,0.467704223,0.564003319,0.525924431,0.467704223,0.564003319,0.846254302,0.842085295,106.8364402,103.9183426,107.0143083,104.1895834,108.2183845,103.8320061,106.647333,100.7990658,0.65669063,2,0.089975404,1326,1288,1252.625,1.058576988,1.028240695,0,0.666666667,-4.250103715,92,21,68.26389678
121,California,ACC,14-19,110.0219653,104,105.660894,162,0.614227968,121,14,19,6,14,14-Jun,0.638079901,0.490831727,0.717434329,0.638079901,0.490831727,0.717434329,0.724142946,0.784770416,111.0081741,103.6544811,111.0081741,103.6544811,110.4255882,106.9743715,107.9116916,100.2424851,0.700103944,8,-0.031024758,1473,1562,1389.3125,1.060236628,1.124297089,0,0.3,-7.998685931,158,256,67.4787282
122,North Dakota St.,Sum,21-11,115.5182485,50,111.1723916,271,0.608493486,122,21,11,10,6,6-Oct,0.404297633,0.38758688,0.423217095,0.404297633,0.38758688,0.423217095,0.893989841,0.87971717,107.3603396,109.5489899,107.3603396,109.5489899,115.68598,114.2704523,119.065747,99.38713312,0.888698127,1,-0.012598988,1300,1248,1083.4875,1.199829255,1.151836085,0,0.625,-6.422460219,130,212,64.98359958
123,Duquesne,A10,13-19,106.4321207,166,102.7226358,103,0.600598999,123,13,19,8,10,10-Aug,0.528908556,0.404331471,0.609783263,0.528908556,0.404331471,0.609783263,0.85757604,0.918440116,106.5867011,104.683258,106.5867011,104.683258,109.0524624,102.9523721,104.1898496,100.9715231,0.5892404,1,-0.157649959,1272,1251,1198.0875,1.061692072,1.044164137,0,0.444444444,-12.84210595,251,363,65.02928154
124,Kennesaw St.,CUSA,19-14,107.0914942,155,103.3984547,109,0.599546453,124,19,14,10,8,8-Oct,0.523717331,0.430587972,0.566588571,0.523717331,0.430587972,0.566588571,0.845865539,0.869573978,106.7533757,103.5107481,106.7533757,103.5107481,105.4687655,101.7548623,116.7854339,108.2250036,0.705878081,2,0.022209116,1313,1286,1273.0625,1.031371201,1.010162502,0,0.555555556,-7.225624445,141,123,70.10782698
125,Cornell,Ivy,18-11,114.6611671,56,110.8213165,265,0.596695729,125,18,11,9,5,5-Sep,0.396946448,0.36177301,0.399971299,0.396946448,0.36177301,0.399971299,0.905620072,0.915625353,104.8080193,107.8366105,104.8080193,107.8366105,114.9138951,111.1343517,0,0,0,0,-0.049793715,1173,1094,1003.525,1.168879699,1.090157196,0,0.642857143,-7.225997734,142,298,70.69470308
126,Nebraska Omaha,Sum,22-12,112.161242,78,108.4183052,221,0.59635886,126,22.09122554,12.90877446,13,3,13-3,0.424499289,0.419269893,0.424704641,0.439124426,0.419269893,0.424704641,0.862999503,0.843161651,106.5986676,108.3308586,106.7792667,107.7477821,117.0964986,109.9739316,92.98515368,100.2482761,0.29631342,1,0.00775652,1347,1231,1105.8125,1.218108857,1.113208614,0,0.8125,-6.521573074,132,154,67.69426162
127,Kent St.,MAC,22-11,105.4989173,193,102.050662,93,0.59439399,127,22.26337771,11.73662229,11,7,7-Nov,0.391172456,0.439258793,0.355917457,0.401797759,0.439258793,0.355917457,0.871113117,0.801771442,106.0780399,108.7333076,106.1334278,108.3951817,107.3348746,104.7646547,92.94318104,93.15836482,0.493351832,2,-0.005412472,1385,1280,1238.6625,1.118141544,1.03337269,0,0.611111111,-5.912420421,121,191,65.78025842
128,Cal St. Northridge,BW,22-10,107.7293589,144,104.3868434,130,0.589636463,128,22.20011787,10.79988213,14,6,14-6,0.407550419,0.330661968,0.443452426,0.419741166,0.330661968,0.443452426,0.870613662,0.884664061,104.6001387,107.708857,104.8943815,107.4685286,110.6520098,104.6397462,94.44598403,104.254978,0.242994322,2,0.045341907,1616,1487,1449.6375,1.114761449,1.025773685,0,0.7,-4.86821272,108,67,72.19989942
129,South Dakota St.,Sum,20-12,109.7159602,111,106.4175306,175,0.586867815,129,20,12,11,5,5-Nov,0.44147558,0.464969739,0.425867472,0.44147558,0.464969739,0.425867472,0.860330529,0.809225449,108.3557156,108.3896653,108.3557156,108.3896653,110.9692445,107.7000787,153.0985302,139.9981297,0.736664824,2,0.010956024,1309,1201,1114.7875,1.174214817,1.077335367,0,0.6875,-6.222005464,126,144,69.01172352
130,Belmont,MVC,22-11,111.8682126,84,108.5088751,224,0.586770267,130,22,11,13,7,13-7,0.483240706,0.425444976,0.493061596,0.483240706,0.425444976,0.493061596,0.876106076,0.904756543,106.4690065,106.4599208,106.4690065,106.4599208,112.9915462,111.1176896,87.14489442,103.2775681,0.124199177,1,0.075010066,1582,1559,1400.9875,1.129203508,1.112786517,0,0.65,-5.450436897,116,32,70.59081107
131,Illinois St.,MVC,19-14,112.0499852,80,108.835666,232,0.582907068,131,19.75562565,14.24437435,10,10,10-Oct,0.488986326,0.443289799,0.513942446,0.483759769,0.443289799,0.513942446,0.872922381,0.880862386,107.1092175,106.9676006,106.9887141,107.0748256,114.4577639,111.2862782,126.8355156,120.7004226,0.638800981,1,-0.004691556,1495,1476,1315.9,1.136104567,1.12166578,0,0.5,-8.211041386,162,189,65.56160644
132,Jacksonville St.,CUSA,22-12,108.0290681,135,105.1077474,145,0.57816987,132,22.24480444,12.75519556,12,6,6-Dec,0.492128673,0.365380096,0.568916313,0.499730338,0.365380096,0.568916313,0.848105806,0.879983587,107.0025632,104.9874484,107.0596485,104.7858026,106.0623134,103.4461489,112.0071034,100.5361559,0.776001657,2,0.081886178,1249,1225,1199.8875,1.040930921,1.020929045,0,0.666666667,-5.43541228,115,25,64.64049792
133,Montana,BSky,25-9,112.0055359,81,108.9855319,235,0.577942136,133,25.07806777,9.921932233,15,3,15-3,0.41515462,0.49447562,0.356134227,0.430200563,0.49447562,0.356134227,0.847890949,0.760647863,106.5235003,107.8489962,107.0205894,107.4822406,112.6258202,110.8141198,102.3275626,109.4749814,0.315086525,3,0.102215287,1378,1302,1196.475,1.151716501,1.088196577,0,0.833333333,-3.069177383,77,15,66.98528702
134,Louisiana Tech,CUSA,20-12,107.6924853,146,104.9796277,142,0.572829583,134,20,12,9,9,9-Sep,0.478890822,0.342330161,0.569497485,0.478890822,0.342330161,0.569497485,0.870131891,0.914609215,105.7753128,104.4770973,105.7753128,104.4770973,107.9664783,106.0497424,91.49047404,110.1391636,0.105896147,1,0.044926735,1242,1240,1178.85,1.053569156,1.051872588,0,0.5,-6.412116389,129,69,64.35118241
135,Chattanooga,SC,24-9,114.0103543,59,111.1530566,270,0.572457063,135,24.30798492,9.692015084,15,3,15-3,0.387035181,0.412953194,0.365998939,0.395960399,0.412953194,0.365998939,0.881842253,0.833457333,103.8494433,107.8679095,104.0385348,107.6999557,117.1610335,113.0414189,110.3070198,107.0258885,0.585953792,3,0.069614975,1473,1318,1221.3875,1.206005465,1.079100613,0,0.833333333,-4.098240542,89,40,66.53018316
136,South Alabama,SB,21-11,106.1298418,179,103.6185254,112,0.568416167,136,21,11,13,5,13-5,0.37563088,0.366158659,0.365283667,0.37563088,0.366158659,0.365283667,0.894292578,0.868493445,103.8580129,108.1783959,103.8580129,108.1783959,107.3092261,100.6791953,91.72414391,87.59008538,0.629565906,1,-0.012188825,1299,1146,1179.7625,1.101069071,0.971381952,0,0.722222222,-6.537584555,135,209,63.05540431
137,Samford,SC,22-10,110.4208436,101,107.9955523,210,0.563505678,137,22.17320336,10.82679664,12,6,6-Dec,0.395834803,0.423826971,0.366972823,0.40870228,0.423826971,0.366972823,0.866490308,0.813273439,105.0722174,108.4195133,105.1380847,107.9497361,108.558398,106.1698976,115.4225752,107.3112205,0.698036989,2,0.044014249,1432,1299,1268.3625,1.129014773,1.024155161,0,0.666666667,-4.914292823,109,70,70.81240184
138,Tulane,Amer,19-14,108.3599683,131,106.0993659,169,0.560317458,138,19.22530118,14.77469882,12,6,6-Dec,0.443144209,0.31907073,0.501790313,0.4540574,0.31907073,0.501790313,0.875215932,0.913634469,105.9612704,107.449514,106.3011863,107.3027099,109.6443898,105.5284996,0,0,0,0,-0.02695022,1338,1277,1205.0375,1.11033889,1.059718059,0,0.666666667,-8.704819076,174,245,66.66048073
139,Seattle,WAC,14-18,103.0386064,235,100.9560332,80,0.558435309,139,14,18,8,8,8-Aug,0.460849767,0.507628175,0.41175075,0.460849767,0.507628175,0.41175075,0.855600958,0.800564854,104.8488163,104.4378641,104.8488163,104.4378641,101.7404555,98.68757477,116.4259591,90.76208193,0.946020514,2,-0.139270317,1078,994,1061.9875,1.015077861,0.935980885,0,0.5,-12.06463007,239,360,65.89273105
140,Wichita St.,Amer,19-14,105.8284877,188,103.6993838,117,0.558165725,140,19.2179656,14.7820344,8,10,10-Aug,0.516365264,0.492481162,0.523382834,0.523845685,0.492481162,0.523382834,0.840418501,0.838891793,107.1533624,105.3258408,107.2160055,105.1127314,104.1346429,106.1780732,150.3840479,170.3595952,0.192434246,1,0.038597265,1267,1293,1213.45,1.044130372,1.065556883,0,0.444444444,-7.348290522,145,85,68.61306886
141,Furman,SC,25-9,109.2479295,117,107.3033491,193,0.551452278,141,25.17378646,9.826213544,11,7,7-Nov,0.389600097,0.379596732,0.368283742,0.401683875,0.379596732,0.368283742,0.891373054,0.879058382,105.0239434,108.2800744,105.1993261,107.9397525,107.7753517,109.1371421,99.27167141,110.2937426,0.229559552,1,0.090532196,1352,1291,1218.4875,1.109572318,1.059510253,0,0.611111111,-4.436836153,96,20,65.79829788
142,Davidson,A10,17-16,109.2944587,114,107.3537704,195,0.551327199,142,17,16,6,12,12-Jun,0.499881689,0.377158245,0.58780137,0.499881689,0.377158245,0.58780137,0.83776197,0.854707526,106.4689073,105.3610477,106.4689073,105.3610477,108.1893738,108.5663363,119.2131085,126.9748242,0.326210407,3,-0.029849148,1239,1283,1175.85,1.05370583,1.091125569,0,0.333333333,-9.157131038,181,253,65.66995502
143,UTEP,CUSA,18-15,105.7862285,189,103.9533978,124,0.550079749,143,18,15,7,11,11-Jul,0.506331628,0.390189761,0.571972071,0.506331628,0.390189761,0.571972071,0.847206542,0.871252882,106.5394302,103.9086542,106.5394302,103.9086542,104.939267,105.3875839,118.0172176,96.6656832,0.908468643,2,0.009806106,1285,1332,1264.175,1.016473194,1.053651591,0,0.388888889,-8.385665479,165,149,68.41084327
144,Virginia Tech,ACC,13-19,106.5443744,164,104.7273619,137,0.549292645,144,13,19,8,12,12-Aug,0.640038459,0.487516043,0.725216312,0.640038459,0.487516043,0.725216312,0.754923555,0.840982638,110.4868234,103.6454335,110.4868234,103.6454335,108.8515666,105.0034023,116.0496803,110.3682317,0.640435417,5,-2.67E-05,1354,1467,1305.4375,1.037200172,1.123761191,0,0.4,-9.165271184,182,178,65.07183322
145,Wofford,SC,19-15,111.4683055,91,109.6718746,248,0.546575697,145,19.05139878,15.94860122,10,8,8-Oct,0.41534665,0.481123434,0.368813988,0.430822007,0.481123434,0.368813988,0.863704466,0.819163677,105.5133012,107.8682059,105.9306343,107.3595323,110.5693413,109.1305904,67.74481796,106.9641187,0.005206782,1,-0.049369956,1340,1243,1176.7125,1.138765841,1.056332792,0,0.555555556,-9.694707565,193,297,63.93002788
146,Miami OH,MAC,25-9,107.7989818,142,106.4419451,177,0.536357634,146,25,9,14,4,14-4,0.357639447,0.365065047,0.326037419,0.357639447,0.365065047,0.326037419,0.901146204,0.869141052,103.5658259,108.858744,103.5658259,108.858744,109.2012672,108.0452003,103.6119856,108.1391608,0.37946775,2,0.07164647,1455,1343,1282.8625,1.134182346,1.046877588,0,0.777777778,-4.575352939,99,37,68.82615771
147,UC Santa Barbara,BW,21-13,108.6524017,124,107.3249279,194,0.535283258,147,21,13,11,9,9-Nov,0.407544475,0.283601202,0.44877387,0.407544475,0.283601202,0.44877387,0.887125387,0.936433192,103.8885928,107.5642136,103.8885928,107.5642136,110.4357769,109.8372575,100.9994811,105.5612584,0.375656714,2,0.004589295,1472,1444,1332.65,1.10456609,1.083555322,0,0.55,-7.870830045,156,164,65.20488698
148,Loyola Marymount,WCC,17-15,104.2064402,214,103.1251045,107,0.529953431,148,17,15,8,10,10-Aug,0.543178438,0.470811831,0.602553087,0.543178438,0.470811831,0.602553087,0.79765238,0.867870415,108.8357994,105.4001779,108.8357994,105.4001779,103.3939092,102.0960616,105.3619321,108.9189938,0.405684417,6,0.043162369,1226,1291,1215.4875,1.008648793,1.062125279,0,0.444444444,-6.934315963,137,73,67.02652513
149,Robert Morris,Horz,26-8,105.8975653,185,105.0222307,144,0.523845009,149,26.04158777,8.958412232,15,5,15-5,0.339684631,0.320671157,0.344595713,0.357466632,0.320671157,0.344595713,0.901153145,0.892226356,103.977801,110.8066715,104.6735807,110.3816397,106.1196057,105.3427034,94.15513282,118.8302403,0.064365343,1,0.090664949,1560,1426,1402.8875,1.11199223,1.016474949,0,0.75,-4.304385416,93,19,67.89852671
150,Texas A&M Corpus Chris,Slnd,20-14,105.8363267,187,104.9651973,141,0.523743923,150,20,14,12,8,8-Dec,0.366906011,0.36097881,0.374442742,0.366906011,0.36097881,0.374442742,0.868546885,0.781180585,104.3222621,107.1703544,104.3222621,107.1703544,105.9555938,103.8955126,109.8153386,110.647155,0.478318455,3,-0.053630763,1429,1346,1334.45,1.07085316,1.008655251,0,0.6,-8.495565095,168,307,67.39878901
151,UC Riverside,BW,21-12,109.8670757,107,109.0092967,236,0.522519185,151,21.09807797,12.90192203,14,6,14-6,0.482238056,0.537906537,0.450022446,0.493990794,0.537906537,0.450022446,0.812747055,0.733940313,106.7679643,105.6633197,107.0953872,105.4377449,110.8898044,108.8940738,111.368311,107.7972933,0.592615463,5,0.108212735,1529,1473,1378.875,1.108874989,1.06826217,0,0.7,-4.670508723,105,12,67.01221639
152,San Jose St.,MWC,15-19,106.8758792,161,106.0606406,168,0.522000068,152,15.48704787,19.51295213,7,13,13-Jul,0.555629599,0.35422711,0.666521648,0.557125767,0.35422711,0.666521648,0.798730992,0.911949416,108.1822907,103.7807321,108.1270138,103.7381496,108.968253,107.6647076,104.3127945,107.1658831,0.423037837,7,-0.02477777,1391,1510,1350.0375,1.03034175,1.118487449,0,0.35,-10.21585975,203,241,66.20013215
153,Bryant,AE,23-11,105.7526059,190,105.340194,152,0.511231898,153,23.06159224,11.93840776,14,2,14-2,0.314611156,0.421144757,0.233146207,0.332506676,0.421144757,0.233146207,0.896618764,0.84792456,102.541707,109.7957901,102.9747802,109.2515424,106.7973504,105.1639353,124.1377755,114.3240956,0.720527332,1,-0.004070564,1304,1099,1137.9875,1.145882534,0.965739958,0,0.875,-7.095921083,140,187,72.33528695
154,Radford,BSth,20-13,109.7542069,110,109.3416444,240,0.510825701,154,20,13,9,7,7-Sep,0.404492187,0.433762149,0.362770545,0.404492187,0.433762149,0.362770545,0.865206056,0.80791419,106.1369608,108.7134061,106.1369608,108.7134061,110.976409,110.1979396,107.7556144,108.2394029,0.487123899,2,0.012204997,1167,1104,1013.2,1.151796289,1.089617055,0,0.5625,-7.32347499,144,140,62.88695454
155,Sam Houston St.,CUSA,13-19,110.3178602,102,109.9285673,252,0.510161929,155,13,19,6,12,12-Jun,0.525734729,0.453833499,0.576310894,0.525734729,0.453833499,0.576310894,0.825668737,0.80666573,106.4729012,102.8069459,106.4729012,102.8069459,109.746236,107.8984156,103.5745528,109.3063625,0.349912522,3,-0.06833839,1291,1337,1237.05,1.043611818,1.080797058,0,0.333333333,-11.74869029,233,323,67.73271611
156,Cal Baptist,WAC,17-15,104.9506489,204,104.5932999,135,0.509804605,156,17,15,9,7,7-Sep,0.460228103,0.504593199,0.417697848,0.460228103,0.504593199,0.417697848,0.872310033,0.843979107,103.5122203,105.007668,103.5122203,105.007668,102.7306237,102.3066822,130.3959655,121.9579757,0.683378243,2,-0.023113309,1093,1056,1076.9875,1.014867861,0.980512773,0,0.5625,-9.56508341,190,236,65.78452021
157,Temple,Amer,17-15,110.4925274,100,110.3922124,259,0.502611343,157,17,15,9,9,9-Sep,0.474718305,0.414030058,0.525948779,0.474718305,0.414030058,0.525948779,0.875446325,0.899165037,106.0503475,106.3622445,106.0503475,106.3622445,113.3670778,112.9576346,0,0,0,0,0.003562076,1429,1460,1278.2,1.117978407,1.142231263,0,0.5,-9.612409087,191,168,68.69134
158,James Madison,SB,20-12,110.0069008,105,109.9555531,253,0.501342267,158,20,12,13,5,13-5,0.423972041,0.476478915,0.372865768,0.423972041,0.476478915,0.372865768,0.896185012,0.864410345,104.8310141,106.9327412,104.8310141,106.9327412,108.7243499,110.7976817,119.3886765,111.2112382,0.693377786,1,0.050347268,1315,1279,1184.3125,1.110348831,1.079951449,0,0.722222222,-7.449591742,147,59,64.90688504
159,Western Kentucky,CUSA,17-15,103.1248941,232,103.0877985,106,0.501034366,159,17,15,8,10,10-Aug,0.520113335,0.458793423,0.577302742,0.520113335,0.458793423,0.577302742,0.83592922,0.826582834,106.4337511,103.5747098,106.4337511,103.5747098,103.1161235,104.8111274,97.90258083,101.5697717,0.395825369,3,0.038245749,1286,1338,1277.9875,1.006269623,1.046958597,0,0.444444444,-8.250294746,163,86,71.76045498
160,Rhode Island,A10,18-13,107.598787,148,107.7013162,204,0.497261789,160,18,13,7,11,11-Jul,0.475912584,0.327329821,0.58024001,0.475912584,0.327329821,0.58024001,0.875926552,0.942235817,105.4027491,105.9211353,105.4027491,105.9211353,106.943107,108.582752,100.5865984,109.1552854,0.28086935,1,0.048468446,1320,1381,1269.1875,1.040035456,1.0880977,0,0.388888889,-7.797802294,154,61,70.35353158
161,Charleston,CAA,24-9,105.1810208,198,105.2940062,151,0.496913374,161,24,9,13,5,13-5,0.417030249,0.461993305,0.378659121,0.417030249,0.461993305,0.378659121,0.904115863,0.882135328,105.3532936,108.4429435,105.3532936,108.4429435,106.4479886,106.9189108,0,0,0,0,0.145164863,1378,1304,1253.225,1.099563127,1.04051547,0,0.722222222,-4.618045749,100,4,70.22990646
162,Murray St.,MVC,16-17,104.7157599,208,104.8717349,139,0.495720955,162,16,17,9,11,11-Sep,0.506126685,0.469577088,0.528126833,0.506126685,0.469577088,0.528126833,0.857786102,0.858530972,106.884823,106.1235735,106.884823,106.1235735,104.0286117,105.9096561,121.8526942,95.53000283,0.942610082,1,0.001257712,1374,1406,1316.9125,1.043349501,1.067648762,0,0.45,-10.68201058,210,173,64.66440123
163,Milwaukee,Horz,21-11,106.0174743,182,106.2732194,174,0.493073454,163,21,11,14,6,14-6,0.383442171,0.450761507,0.347605218,0.383442171,0.450761507,0.347605218,0.910180378,0.868303044,105.2876251,109.292924,105.2876251,109.292924,106.0202261,106.4292943,0,0,0,0,0.049510323,1549,1423,1388.375,1.115692806,1.024939228,0,0.7,-7.033575256,139,60,68.64559008
164,Appalachian St.,SB,17-14,100.5303338,281,100.9319516,79,0.488539289,164,17,14,10,8,8-Oct,0.393795658,0.470002552,0.352280728,0.393795658,0.470002552,0.352280728,0.888573333,0.826548863,105.8620843,108.8412164,105.8620843,108.8412164,100.0690097,100.849506,98.83817596,101.2651755,0.430705214,1,-0.047610669,1196,1138,1155.325,1.035206544,0.98500422,0,0.555555556,-9.482515644,189,294,63.13022688
165,Florida Gulf Coast,ASun,18-14,107.4356618,150,108.0682499,211,0.483127865,165,18,14,13,5,13-5,0.403019149,0.522679101,0.318953046,0.403019149,0.522679101,0.318953046,0.888348788,0.82309918,105.1651301,109.2599513,105.1651301,109.2599513,109.2826855,109.2364833,105.5280226,94.2756388,0.785273633,1,-0.01821397,1382,1281,1197.575,1.153998706,1.069661608,0,0.722222222,-9.21953778,185,228,65.19231125
166,East Tennessee St.,SC,19-13,104.818888,205,105.4622404,154,0.482415148,166,19,13,12,6,6-Dec,0.369110443,0.346214876,0.37578695,0.369110443,0.346214876,0.37578695,0.916124862,0.919501718,104.6257149,109.6796275,104.6257149,109.6796275,105.2105165,104.7822666,0,0,0,0,-0.017441538,1266,1180,1163.4375,1.088154714,1.014235831,0,0.666666667,-9.250544927,186,224,64.97981761
167,Towson,CAA,22-11,106.0279678,181,106.7639027,183,0.480124182,167,22,11,16,2,16-2,0.425492298,0.510756422,0.366543463,0.425492298,0.510756422,0.366543463,0.884550416,0.825649165,105.3192236,107.8922455,105.3192236,107.8922455,107.9063719,106.6445747,120.310675,108.0231638,0.775374961,1,0.11415013,1310,1185,1159.0625,1.13022378,1.022377999,0,0.888888889,-5.927980037,122,10,63.50754403
168,Nicholls St.,Slnd,20-13,105.4563862,194,106.188406,171,0.48012277,168,20,13,13,7,13-7,0.401226894,0.447791875,0.375695596,0.401226894,0.447791875,0.375695596,0.870006927,0.78523466,104.0736442,106.0308265,104.0736442,106.0308265,107.3821189,107.1292252,104.5524626,109.1077676,0.379789511,3,0.02785719,1491,1401,1366.325,1.091248422,1.025378296,0,0.65,-7.542436421,150,111,68.09875714
169,Winthrop,BSth,23-11,107.3763141,152,108.1977934,215,0.478102625,169,23,11,11,5,5-Nov,0.368876941,0.347995373,0.36677097,0.368876941,0.347995373,0.36677097,0.891436479,0.864825141,105.4284728,109.1819504,105.4284728,109.1819504,108.8893851,112.5261109,97.41890088,92.47757642,0.645340876,2,0.060000013,1361,1310,1187.275,1.146322461,1.103366954,0,0.6875,-6.201429961,124,46,72.60275416
170,UNC Greensboro,SC,20-12,105.3771737,196,106.1878742,170,0.4779806,170,20,12,13,5,13-5,0.376272716,0.390248069,0.376268876,0.376272716,0.390248069,0.376268876,0.898503901,0.869303244,105.2439228,109.1767363,105.2439228,109.1767363,108.6372108,107.2649645,96.77761414,97.3197443,0.483945248,2,0.021746383,1308,1207,1157.1875,1.130326762,1.043046179,0,0.722222222,-7.66042746,151,127,63.65937694
171,Marshall,SB,20-13,105.6338868,192,106.5993141,179,0.473867485,171,20,13,12,6,6-Dec,0.373251384,0.344861469,0.378815834,0.373251384,0.344861469,0.378815834,0.904474684,0.882648641,105.0445928,109.3153664,105.0445928,109.3153664,107.981538,107.7171424,77.38250406,96.75879981,0.071107739,1,0.000959422,1348,1269,1216.3875,1.108199484,1.043253075,0,0.666666667,-8.795549953,176,174,68.59960994
172,Boston College,ACC,19-Dec,105.1697168,199,106.2259256,172,0.471302263,172,12,19,4,16,16-Apr,0.611911188,0.398856043,0.729091518,0.611911188,0.398856043,0.729091518,0.765506481,0.881349244,109.1588279,103.8643154,109.1588279,103.8643154,105.9483569,107.1469388,119.4525543,113.9481052,0.632399716,6,0.004749039,1398,1592,1390.35,1.005502212,1.145035423,0,0.2,-9.845054758,196,163,66.67258439
173,Cleveland St.,Horz,21-12,102.5548002,241,103.6333984,114,0.469956937,173,21,12,14,6,14-6,0.352281971,0.361809256,0.349866189,0.352281971,0.361809256,0.349866189,0.902564931,0.843358208,104.3934957,109.3150848,104.3934957,109.3150848,107.3070207,104.4855402,94.6060495,112.8352307,0.11646061,2,0.010821999,1484,1351,1324.2125,1.120666056,1.020229004,0,0.7,-7.773847671,153,145,65.49489183
174,Lamar,Slnd,20-13,101.2044426,269,102.2847953,94,0.469510038,174,20,13,14,6,14-6,0.406449835,0.405069372,0.384039185,0.406449835,0.405069372,0.384039185,0.867280485,0.804556428,105.2076811,106.726547,105.2076811,106.726547,102.4980733,102.1925798,106.0679714,120.3230973,0.189977644,2,0.041761202,1362,1277,1305.075,1.043618183,0.978487826,0,0.7,-7.443062772,146,78,65.26879738
175,Purdue Fort Wayne,Horz,19-13,107.4772501,149,108.820652,231,0.464347548,175,19,13,12,8,8-Dec,0.370499833,0.398811332,0.350414931,0.370499833,0.398811332,0.350414931,0.895123189,0.832706406,104.6094523,109.0632284,104.6094523,109.0632284,106.7399962,108.7000769,93.26221596,116.9686278,0.068840193,1,0.00042944,1596,1525,1438.2625,1.109672261,1.060307141,0,0.6,-8.582660609,170,177,69.56527489
176,Dartmouth,Ivy,14-14,100.4717622,283,101.7860261,90,0.462705573,176,14,14,8,6,6-Aug,0.361764196,0.282373874,0.418702957,0.361764196,0.282373874,0.418702957,0.912786808,0.93236366,105.085303,109.9428667,105.085303,109.9428667,101.9845766,98.67870575,0,0,0,0,-0.10012111,1059,988,1006.2875,1.052383141,0.981826764,0,0.571428571,-10.63530549,208,350,70.74719261
177,Eastern Kentucky,ASun,18-14,109.3860153,113,110.8464234,266,0.461943714,177,18,14,12,6,6-Dec,0.395402608,0.464452847,0.339224484,0.395402608,0.464452847,0.339224484,0.869501333,0.796376683,105.2722787,108.7419375,105.2722787,108.7419375,107.1983865,111.562228,116.9867329,101.3296575,0.839206527,2,-0.008588155,1424,1352,1253.05,1.136427118,1.07896732,0,0.666666667,-8.681174155,173,201,67.55891038
178,Cal Poly,BW,16-19,108.9144848,120,110.5006195,260,0.45852847,178,16,19,8,12,12-Aug,0.493797872,0.546252083,0.456281299,0.493797872,0.546252083,0.456281299,0.833526861,0.765668093,105.5702768,105.0750864,105.5702768,105.0750864,105.3056488,109.6872112,114.2300347,110.7822591,0.587210994,2,-0.012272437,1595,1625,1509.475,1.056658772,1.076533232,0,0.4,-11.48805419,225,210,74.41862381
179,Rice,Amer,13-19,106.3475379,171,107.9202705,208,0.457894016,179,14,18,4,14,14-Apr,0.435741915,0.306429398,0.536761215,0.435741915,0.306429398,0.536761215,0.888784468,0.935948354,104.8037231,107.110458,104.8037231,107.110458,109.6473758,110.9002678,0,0,0,0,-0.125388654,1276,1332,1178.15,1.08305394,1.130586088,0,0.222222222,-14.16554853,280,359,65.37812259
180,Southern Illinois,MVC,14-19,106.0916917,180,107.6865777,203,0.457206462,180,14,19,8,12,12-Aug,0.490408527,0.445835785,0.502731953,0.490408527,0.445835785,0.502731953,0.859711064,0.834276468,107.9949074,106.5504486,107.9949074,106.5504486,106.496113,108.4936622,109.036846,105.5229874,0.593078381,1,-0.056940592,1434,1487,1352.125,1.060552834,1.099750393,0,0.4,-12.93982,255,311,67.84940227
181,UTSA,Amer,19-Dec,106.9932441,159,108.8487739,233,0.450728164,181,12,19,6,12,12-Jun,0.48889514,0.427076529,0.532322986,0.48889514,0.427076529,0.532322986,0.8460877,0.822116658,106.9682187,105.6166594,106.9682187,105.6166594,108.9683439,109.6091143,107.8593819,102.4329291,0.644197932,2,-0.08418787,1347,1384,1244.3375,1.082503742,1.11223844,0,0.333333333,-12.79708787,250,339,69.68159448
182,East Carolina,Amer,19-14,106.2933898,176,108.2018076,216,0.44901725,182,19,14,10,8,8-Oct,0.452084326,0.345259083,0.517143041,0.452084326,0.345259083,0.517143041,0.887321028,0.919328282,106.6198492,107.6368885,106.6198492,107.6368885,107.0415075,108.4609517,0,0,0,0,0.056369022,1351,1358,1243.5375,1.086416775,1.092045877,0,0.555555556,-8.939359785,178,49,66.46574607
183,Portland St.,BSky,19-13,100.8294735,274,102.667164,99,0.448258705,183,19,13,11,7,7-Nov,0.358520191,0.345214221,0.370232011,0.358520191,0.345214221,0.370232011,0.9175479,0.909870042,105.3990442,109.896686,105.3990442,109.896686,100.8076415,99.33198826,0,0,0,0,0.00370777,1264,1184,1207.525,1.046769218,0.980518002,0,0.611111111,-9.319405726,188,167,68.15439037
184,Miami FL,ACC,24-Jul,112.5428771,71,114.60652,324,0.447949308,184,7,24,3,17,17-Mar,0.641955741,0.473410514,0.734655616,0.641955741,0.473410514,0.734655616,0.721348341,0.805010973,109.6799294,102.129757,109.6799294,102.129757,110.0053683,114.7513878,118.0118782,115.3810354,0.564457008,7,-0.115447995,1405,1677,1366.525,1.028155358,1.227200381,0,0.15,-13.51981456,269,357,67.41156568
185,Drexel,CAA,18-15,103.6307582,222,105.5542471,158,0.447322567,185,18,15,9,9,9-Sep,0.360048485,0.329059342,0.375609005,0.360048485,0.329059342,0.375609005,0.930316277,0.933038248,104.5003075,109.9222136,104.5003075,109.9222136,100.1571181,102.5865377,0,0,0,0,-0.046229904,1212,1187,1172.3125,1.033854028,1.012528656,0,0.5,-11.72354566,232,290,62.9009223
186,Ohio,MAC,16-16,106.3929162,168,108.3689465,218,0.44728917,186,16,16,10,8,8-Oct,0.39526294,0.42032704,0.381584802,0.39526294,0.42032704,0.381584802,0.905052848,0.887979086,105.6413195,109.6372455,105.6413195,109.6372455,106.7839921,108.2947777,0,0,0,0,-0.062317109,1451,1381,1301.5125,1.114856753,1.061073174,0,0.555555556,-11.83821569,234,319,70.28636184
187,Montana St.,BSky,15-18,104.7190352,207,106.7048435,182,0.446200357,187,15,18,9,9,9-Sep,0.446720853,0.542409281,0.370455844,0.446720853,0.542409281,0.370455844,0.859370352,0.769404971,106.0427937,107.3270464,106.0427937,107.3270464,104.0164496,107.9558546,106.7700991,104.5880779,0.559086629,3,-0.051566465,1279,1241,1182.6125,1.081503874,1.049371624,0,0.5,-12.00366723,238,303,65.87792148
188,South Carolina St.,MEAC,20-13,102.4485551,242,104.4408025,131,0.444853744,188,20,13,11,3,3-Nov,0.284958547,0.383120431,0.186504065,0.284958547,0.383120431,0.186504065,0.91007582,0.848449853,102.2352182,111.2116587,102.2352182,111.2116587,105.1059695,106.7212608,109.0263,92.05603942,0.874977412,2,-0.060942867,1164,1007,1021.025,1.140030851,0.986263804,0,0.785714286,-9.184924944,183,316,69.10884207
189,Wyoming,MWC,20-Dec,103.1487122,230,105.2248606,149,0.442956911,189,12,20,5,15,15-May,0.576729156,0.404387409,0.674253572,0.576729156,0.404387409,0.674253572,0.767848421,0.828234125,109.1640698,104.0853833,109.1640698,104.0853833,104.1590729,105.8725259,106.0441164,111.8393638,0.351626705,7,-0.018070379,1271,1424,1289.8375,0.985395447,1.104015041,0,0.25,-10.80680486,212,227,64.48774011
190,Jacksonville,ASun,19-13,101.2366109,266,103.580238,111,0.434579663,190,19,13,12,6,6-Dec,0.408629556,0.500317322,0.332241193,0.408629556,0.500317322,0.332241193,0.863988514,0.76918318,107.0536697,109.6243003,107.0536697,109.6243003,101.3843692,102.8343372,100.0754618,113.2859038,0.193740252,2,0.051970246,1318,1232,1220.2,1.080150795,1.009670546,0,0.666666667,-7.49064825,148,56,67.32230648
191,Illinois Chicago,MVC,18-14,105.4401014,195,107.9173756,207,0.433628288,191,18,14,10,10,10-Oct,0.473132569,0.391402798,0.522793656,0.473132569,0.391402798,0.522793656,0.869922756,0.886072189,106.7184055,105.5683776,106.7184055,105.5683776,107.7813642,109.1991227,106.9828789,114.8166714,0.307319559,2,0.087298006,1477,1496,1371.0375,1.077286362,1.09114448,0,0.5,-8.419928054,166,22,69.0303742
192,Queens,ASun,19-14,105.9180192,184,108.4683088,222,0.432019705,192,19.6067779,14.3932221,11,7,7-Nov,0.385315356,0.407508238,0.340351393,0.383693516,0.407508238,0.340351393,0.873958595,0.817623892,105.2383423,109.2222192,105.1891789,109.2540909,107.5973547,109.5868542,92.9156519,103.7493134,0.219551414,2,0.016616392,1416,1344,1248.225,1.134410863,1.076728955,0,0.611111111,-8.594292238,171,137,68.40566768
193,Oakland,Horz,16-18,106.2822339,177,108.8807738,234,0.43099659,193,16,18,11,9,9-Nov,0.450225153,0.637920049,0.353679016,0.450225153,0.637920049,0.353679016,0.839047237,0.657926699,106.7244952,107.7545974,106.7244952,107.7545974,106.2023772,110.6350805,106.0523622,116.3985034,0.255308522,5,-0.020681416,1444,1425,1314.3125,1.098673261,1.084217034,0,0.55,-11.15573329,219,230,63.55469886
194,Central Connecticut,NEC,25-7,98.99288058,306,101.5306579,87,0.427735087,194,25,7,14,2,14-2,0.237355946,0.343489771,0.169425077,0.237355946,0.343489771,0.169425077,0.947197991,0.904852961,100.2780734,111.715216,100.2780734,111.715216,100.7029367,102.6830189,0,0,0,0,0.073882508,1154,967,1051.8125,1.097153723,0.919365381,0,0.875,-4.660202199,104,33,65.50666267
195,Norfolk St.,MEAC,24-10,106.2145114,178,109.028907,237,0.425373774,195,24.02138627,10.97861373,11,3,3-Nov,0.314149977,0.433489022,0.189228682,0.332926407,0.433489022,0.189228682,0.871128977,0.813957854,102.7816797,109.8920275,103.560339,109.3955872,107.363281,111.7309066,107.3512914,105.6712748,0.545224758,2,0.078902874,1135,1009,980.3375,1.157764545,1.02923738,0,0.785714286,-5.339379586,114,29,66.3057922
196,Northeastern,CAA,17-15,103.9138134,218,106.9479898,188,0.418002384,196,17,15,9,9,9-Sep,0.383917457,0.386692352,0.381134002,0.383917457,0.386692352,0.381134002,0.91212628,0.901125373,103.269894,107.9374771,103.269894,107.9374771,104.4263756,108.3955442,114.8118812,116.001825,0.470390702,1,-0.007340062,1254,1265,1188.5875,1.055033811,1.064288494,0,0.5,-11.13217625,218,199,67.43105209
197,Southeast Missouri St.,OVC,21-12,101.4725677,264,104.455996,132,0.417452472,197,21,12,15,5,15-5,0.295483663,0.385610289,0.240752445,0.295483663,0.385610289,0.240752445,0.926486308,0.863070694,101.5131675,108.880009,101.5131675,108.880009,103.9922845,106.3834415,112.0228744,101.3828642,0.759088462,1,-0.002123947,1490,1336,1369.9125,1.087660708,0.975244769,0,0.75,-8.73080545,175,181,68.82092177
198,Pepperdine,WCC,13-22,106.3428874,173,109.5140949,244,0.416314113,198,13,22,4,14,14-Apr,0.536179992,0.402168141,0.597410356,0.536179992,0.402168141,0.597410356,0.778714074,0.840905335,107.8929052,104.8589922,107.8929052,104.8589922,105.7663829,111.0400561,110.3836109,117.2175661,0.333853826,8,-0.046125315,1287,1474,1261.3375,1.020345467,1.168600791,0,0.222222222,-12.4454477,243,289,69.01224108
199,Merrimack,MAAC,18-15,98.32299192,315,101.2564118,85,0.416276296,199,18,15,14,6,14-6,0.369484305,0.600208238,0.24864941,0.369484305,0.600208238,0.24864941,0.878700361,0.721425507,103.6875143,109.0265364,103.6875143,109.0265364,99.04654762,101.3758814,100.2584688,97.32591793,0.584528486,2,-0.016362943,1359,1234,1297.5625,1.047348394,0.95101392,0,0.7,-9.916989761,197,221,64.41513066
200,Abilene Christian,WAC,16-16,98.04962554,319,101.034646,81,0.41462403,200,16,16,8,8,8-Aug,0.423243348,0.407727343,0.429340106,0.423243348,0.407727343,0.429340106,0.865654519,0.834987641,103.9234281,104.940922,103.9234281,104.940922,97.57452356,99.59025358,96.2588786,115.5288422,0.109241871,2,-0.013672047,1096,1108,1141.3375,0.960276868,0.970790848,0,0.5,-10.4537893,206,213,69.10066053
201,Brown,Ivy,14-13,102.3544344,244,105.5793055,159,0.411749298,201,14,13,6,8,8-Jun,0.393855288,0.359421059,0.425829929,0.393855288,0.359421059,0.425829929,0.873123753,0.848395089,105.2865438,108.9482105,105.2865438,108.9482105,102.2994531,106.2528216,95.00692254,105.396021,0.23264891,2,-0.023864892,997,1021,955.95,1.042941576,1.068047492,0,0.428571429,-8.671125297,172,238,65.74565851
202,South Florida,Amer,13-19,102.2927995,246,105.5433514,157,0.411020393,202,13,19,6,12,12-Jun,0.490264126,0.385623931,0.56206529,0.490264126,0.385623931,0.56206529,0.843273404,0.837683963,107.7307127,107.6000241,107.7307127,107.6000241,101.9640198,104.8076959,144.6912701,129.4745933,0.782084044,2,-0.041232792,1289,1347,1256.8625,1.025569623,1.071716278,0,0.333333333,-12.51712874,245,285,68.24583333
203,Indiana St.,MVC,14-18,108.2838753,133,112.0992258,290,0.401739127,203,14,18,8,12,12-Aug,0.461408767,0.335940887,0.530626217,0.461408767,0.335940887,0.530626217,0.87144805,0.89514877,105.9275255,106.2335406,105.9275255,106.2335406,108.0393297,111.1484935,116.393092,113.3965783,0.574428497,2,-0.024472098,1546,1612,1437.9,1.075179081,1.121079352,0,0.4,-12.51043166,244,239,72.31675632
204,Hampton,CAA,17-16,103.2615944,227,107.0470225,190,0.397945999,204,17,16,8,10,10-Aug,0.390370975,0.3703219,0.389501907,0.390370975,0.3703219,0.389501907,0.90177746,0.886288057,105.6687833,108.7477131,105.6687833,108.7477131,103.4966385,107.3028363,175.7851153,189.1629572,0.300801273,1,-0.011800409,1266,1270,1199.425,1.055505763,1.058840694,0,0.444444444,-11.55893019,228,206,65.48733612
205,Idaho St.,BSky,15-15,105.8421929,186,109.7813664,251,0.396462176,205,15,15,10,8,8-Oct,0.380850145,0.383058971,0.375869739,0.380850145,0.383058971,0.375869739,0.885721685,0.827572003,105.4658023,108.4955982,105.4658023,108.4955982,108.988479,111.4118831,115.8431324,110.238326,0.638835161,2,-0.03868509,1356,1306,1202.375,1.127767959,1.086183595,0,0.555555556,-10.54499021,207,278,65.81854366
206,Princeton,Ivy,19-11,103.2367545,229,107.1165724,191,0.395496196,206,19,11,8,6,6-Aug,0.444419372,0.439533294,0.42810626,0.444419372,0.439533294,0.42810626,0.886337484,0.886718261,106.6798082,107.6754057,106.6798082,107.6754057,102.0590838,108.8922254,0,0,0,0,0.160937628,984,1023,943.1875,1.043270824,1.084619972,0,0.571428571,-6.348777302,127,2,66.63342607
207,Missouri St.,MVC,23-Sep,101.7355944,261,105.5879738,160,0.394741789,207,9,23,2,18,18-Feb,0.485307798,0.418470743,0.517188215,0.485307798,0.418470743,0.517188215,0.868165174,0.882393379,108.205889,107.3060657,108.205889,107.3060657,101.9271003,107.4005546,116.7929003,104.3679562,0.784741589,1,-0.152028047,1298,1416,1289.05,1.006943098,1.098483379,0,0.1,-17.31540099,328,362,63.76331614
208,Southeastern Louisiana,Slnd,18-14,104.0952015,216,108.0965824,212,0.393226179,208,18,14,12,8,8-Dec,0.373980304,0.369989057,0.378306758,0.373980304,0.369989057,0.378306758,0.896964159,0.866452734,104.0355398,108.1384333,104.0355398,108.1384333,105.76249,110.0354774,92.93097612,95.34182569,0.426894454,1,0.03142777,1456,1420,1344.85,1.082648623,1.055879838,0,0.6,-9.61300346,192,107,66.93838787
209,La Salle,A10,14-19,103.2596662,228,107.2745124,192,0.39206061,209,14,19,5,13,13-May,0.530195776,0.432966757,0.596639942,0.530195776,0.432966757,0.596639942,0.827470406,0.861031208,107.1008448,104.9241044,107.1008448,104.9241044,101.9843451,108.2727609,104.580805,109.0079247,0.383008892,3,0.02470394,1205,1365,1232.575,0.977628136,1.107437681,0,0.277777778,-11.64120901,230,118,68.64251086
210,Texas St.,SB,16-16,108.1062253,134,112.3983702,298,0.389894917,210,16,16,9,9,9-Sep,0.395239524,0.397741189,0.402802647,0.395239524,0.397741189,0.402802647,0.900859075,0.892908554,103.5800113,107.0229537,103.5800113,107.0229537,110.0665064,114.3303443,0,0,0,0,-0.015221588,1390,1373,1246.4125,1.115200626,1.101561481,0,0.5,-11.66155164,231,220,65.94655934
211,Quinnipiac,MAAC,20-13,101.8155916,256,105.8582787,166,0.389887179,211,20,13,15,5,15-5,0.317637308,0.413450774,0.269830045,0.317637308,0.413450774,0.269830045,0.915062265,0.838946059,101.44267,108.6107497,101.44267,108.6107497,100.9603929,103.2043433,119.850363,106.8553844,0.789153021,1,0.020358422,1515,1392,1443.3875,1.049614189,0.964397987,0,0.75,-9.315572754,187,132,71.48562735
212,Massachusetts,A10,20-Dec,101.6182048,262,105.6839719,163,0.389087081,212,12,20,7,11,11-Jul,0.512012987,0.405078653,0.595907359,0.512012987,0.405078653,0.595907359,0.842370101,0.878058651,105.9520131,104.8301172,105.9520131,104.8301172,102.5181103,104.2693709,100.8500889,107.3384329,0.328044324,2,-0.040357598,1295,1349,1284.7375,1.007988013,1.050019946,0,0.388888889,-13.43772604,267,284,70.35939399
213,Youngstown St.,Horz,21-13,102.2819282,247,106.4214656,176,0.387874752,213,21,13,13,7,13-7,0.347482068,0.297380141,0.357905556,0.347482068,0.297380141,0.357905556,0.918079815,0.901319407,104.3521252,110.0638267,104.3521252,110.0638267,105.3740358,106.7162129,77.63169461,100.5201492,0.04873488,1,0.056226798,1533,1451,1394.7625,1.099111856,1.040320485,0,0.65,-9.202448763,184,50,69.15666493
214,Bucknell,Pat,18-15,103.4056732,226,107.681349,202,0.385577518,214,18,15,13,5,13-5,0.332376973,0.497048168,0.231128993,0.332376973,0.497048168,0.231128993,0.884440977,0.760993653,103.2291742,109.7077023,103.2291742,109.7077023,107.1779315,108.1581064,100.2169326,103.4932365,0.408554394,3,-0.037930055,1385,1266,1232.3,1.123914631,1.027347237,0,0.722222222,-10.34770252,205,273,67.44962952
215,Southern,SWAC,20-12,98.52327895,313,102.6732502,100,0.383557436,215,20,12,15,3,15-3,0.310399675,0.513982674,0.170525564,0.310399675,0.513982674,0.170525564,0.880897474,0.74400209,101.4718895,109.0079005,101.4718895,109.0079005,100.5503978,101.630343,91.52612476,93.28088019,0.445617685,3,0.016796015,1338,1169,1263.875,1.058648996,0.924933241,0,0.833333333,-7.25738259,143,136,68.34898586
216,Fordham,A10,21-Dec,106.3460026,172,110.9294064,268,0.381012057,216,12,21,3,15,15-Mar,0.519668935,0.395631424,0.60425565,0.519668935,0.395631424,0.60425565,0.836288667,0.861717807,106.0755263,104.4871286,106.0755263,104.4871286,104.9208586,112.3165813,105.1175167,103.4612378,0.545533962,2,-0.035221243,1283,1446,1268.9625,1.011062187,1.139513579,0,0.166666667,-14.01653215,278,267,69.54754593
217,Seton Hall,BE,25-Jul,97.468583,325,101.6735942,89,0.380899623,217,7,25,2,18,18-Feb,0.689501082,0.469009935,0.803093226,0.689501082,0.469009935,0.803093226,0.700040024,0.838428728,111.4316773,102.2133163,111.4316773,102.2133163,100.2945561,105.4199957,102.8468244,107.0453714,0.386952987,10,-0.039468205,1251,1519,1329.6125,0.940875631,1.142438116,0,0.1,-13.17639743,259,282,64.35409599
218,SIU Edwardsville,OVC,22-11,101.2887284,265,105.707972,164,0.379632227,218,22.0108809,11.9891191,13,7,13-7,0.273320255,0.304785393,0.24446137,0.294173808,0.304785393,0.24446137,0.902647465,0.864843317,101.4145647,109.7473968,102.1686487,109.0454506,100.7290344,107.0514398,96.18469294,105.0009265,0.267266087,2,0.03227735,1415,1333,1350.075,1.048089921,0.987352554,0,0.65,-7.818853936,155,103,65.80045327
219,Valparaiso,MVC,15-19,105.1484297,201,109.7642024,250,0.378938297,219,15,19,6,14,14-Jun,0.468087813,0.348242556,0.517326272,0.468087813,0.348242556,0.517326272,0.866723753,0.876118169,106.0300295,106.0369879,106.0300295,106.0369879,104.7253959,111.1656975,115.6374863,116.5784063,0.476718186,2,-0.002763905,1438,1536,1377.8875,1.043626566,1.114749934,0,0.3,-12.9740626,256,182,67.89218281
220,Wright St.,Horz,15-18,108.5427719,126,113.325928,311,0.378499419,220,15,18,8,12,12-Aug,0.372051544,0.39580879,0.358825756,0.372051544,0.39580879,0.358825756,0.905124814,0.865593424,105.153733,109.5387121,105.153733,109.5387121,107.2552467,112.9201357,95.18146648,114.3123658,0.1084938,1,-0.071934753,1524,1545,1385.05,1.100321288,1.115483196,0,0.4,-13.8133311,274,329,67.30472726
221,William & Mary,CAA,17-15,106.4130442,167,111.1995157,272,0.376137457,221,17,15,11,7,7-Nov,0.391212544,0.382209807,0.399653694,0.391212544,0.382209807,0.399653694,0.899983329,0.874993747,104.7767856,108.0436949,104.7767856,108.0436949,105.7047879,109.2220955,110.8423982,107.8852597,0.577122668,1,0.028997393,1327,1337,1249.05,1.06240743,1.070413514,0,0.611111111,-10.68929601,211,109,71.38983971
222,Central Michigan,MAC,14-17,104.6774285,210,109.4171343,241,0.375365645,222,14,17,7,11,11-Jul,0.386901156,0.453891392,0.338519319,0.386901156,0.453891392,0.338519319,0.859883873,0.768789452,106.0421923,108.0713883,106.0421923,108.0713883,104.9268478,111.0051219,91.6398591,102.1889242,0.222180349,3,-0.077564929,1357,1318,1236.5875,1.097374832,1.065836425,0,0.388888889,-11.54198094,227,333,67.16224233
223,Campbell,CAA,15-17,101.2320011,267,105.9329436,167,0.372384528,223,15,17,10,8,8-Oct,0.363080662,0.330931667,0.386675671,0.363080662,0.330931667,0.386675671,0.898222949,0.865219214,104.5010499,109.141419,104.5010499,109.141419,103.0159955,103.7692637,109.5877898,121.666324,0.231049025,2,-0.063540446,1259,1193,1185.6875,1.061831216,1.006167308,0,0.555555556,-12.71445632,248,320,65.79565247
224,Richmond,A10,22-Oct,103.5489548,223,108.3724164,219,0.372014403,224,10,22,5,13,13-May,0.519328699,0.358907181,0.63341099,0.519328699,0.358907181,0.63341099,0.826551894,0.87989457,107.5729757,104.5075465,107.5729757,104.5075465,104.234599,107.0353024,99.41162388,121.0774612,0.093862775,3,-0.080261944,1141,1263,1151.85,0.990580371,1.09649694,0,0.277777778,-14.95087114,296,335,63.80009059
225,Northwestern St.,Slnd,16-16,101.9893816,251,106.9525773,189,0.366689933,225,16,16,12,8,8-Dec,0.443717773,0.539804738,0.374050122,0.443717773,0.539804738,0.374050122,0.845393284,0.726285292,105.6540399,106.3850584,105.6540399,106.3850584,102.2628639,107.2141285,99.39333921,103.2497231,0.392276596,3,0.041373942,1328,1327,1288.1625,1.030925834,1.030149535,0,0.6,-9.725526514,194,79,63.80117137
226,UNC Asheville,BSth,21-11,107.0523685,157,112.2673937,295,0.36656041,226,21,11,11,5,5-Nov,0.358277907,0.335657624,0.380432189,0.358277907,0.335657624,0.380432189,0.891774636,0.86022508,105.9039856,109.3698313,105.9039856,109.3698313,108.8620928,113.6284008,92.45384118,114.1588947,0.081275586,1,0.117501921,1297,1283,1138.25,1.139468482,1.1271689,0,0.6875,-6.524197585,133,9,67.79455628
227,Hofstra,CAA,15-18,97.76505289,322,102.5425276,97,0.366173032,227,15,18,6,12,12-Jun,0.387952291,0.433565354,0.373368332,0.387952291,0.433565354,0.373368332,0.894947384,0.84179724,104.6481737,107.7184737,104.6481737,107.7184737,96.89083087,103.2736745,88.11171408,105.222176,0.114976262,1,-0.042437215,1157,1167,1154.4375,1.002219696,1.010881923,0,0.333333333,-13.47458591,268,287,63.55759146
228,Elon,CAA,17-15,106.016915,183,111.3409422,277,0.3627423,228,17.70345382,15.29654618,8,10,10-Aug,0.37328518,0.372941166,0.369420447,0.367837833,0.372941166,0.369420447,0.910549525,0.886538052,104.2479419,108.2560512,104.1155173,108.4212056,105.0621213,111.8443994,110.9290439,105.9026482,0.630243291,1,0.021391505,1274,1275,1180.725,1.078998073,1.07984501,0,0.444444444,-11.04482471,217,129,64.9219909
229,UMKC,Sum,13-20,100.4564236,284,105.5129749,155,0.362445936,229,13,20,4,12,12-Apr,0.407792906,0.359024981,0.453337519,0.407792906,0.359024981,0.453337519,0.877580911,0.856807683,108.0739463,109.083263,108.0739463,109.083263,100.4992879,104.3887253,94.647993,103.3966908,0.26567162,2,-0.093808201,1094,1115,1044.8375,1.047052771,1.067151591,0,0.25,-14.76995437,292,345,64.34610613
230,Longwood,BSth,18-14,104.9522085,203,110.3037717,258,0.36079164,230,18,14,7,9,9-Jul,0.362185052,0.334237665,0.381140878,0.362185052,0.334237665,0.381140878,0.901500918,0.888692072,105.5994253,110.1557833,105.5994253,110.1557833,106.4354362,112.9686073,117.2513621,113.0254597,0.603992738,1,0.023978538,1238,1252,1117.2,1.108127462,1.12065879,0,0.4375,-9.78698899,195,120,68.91270407
231,Hawaii,BW,15-16,102.1453411,248,107.3615088,196,0.360600748,231,15,16,7,13,13-Jul,0.438263063,0.388048342,0.46588116,0.438263063,0.388048342,0.46588116,0.878543478,0.900272358,105.3579529,106.7515095,105.3579529,106.7515095,101.827668,108.3695245,80.85644549,117.4798522,0.013435838,1,0.009981499,1363,1454,1345.975,1.012648823,1.080257806,0,0.35,-10.99370591,216,147,65.78350331
232,Tennessee St.,OVC,17-16,102.9218883,238,108.1920576,214,0.360249208,232,17,16,12,8,8-Dec,0.279162333,0.33843684,0.246365495,0.279162333,0.33843684,0.246365495,0.93306636,0.883602536,100.6525845,108.9883855,100.6525845,108.9883855,103.7777467,106.9545478,106.8625767,94.5379879,0.803644825,1,-0.09752733,1537,1450,1447.625,1.061739055,1.001640618,0,0.6,-13.00988636,257,348,70.45691051
233,Vermont,AE,21-12,99.46686284,297,104.6597191,136,0.357729532,233,21,12,13,3,13-3,0.315947418,0.40247095,0.251942497,0.315947418,0.40247095,0.251942497,0.909204931,0.851511744,102.7510455,109.7554812,102.7510455,109.7554812,103.2293598,105.1010914,78.35262132,104.5735808,0.034900755,1,0.058003459,1095,1007,1008.825,1.085421158,0.998190965,0,0.8125,-8.156848909,161,47,62.54586811
234,Maine,AE,20-14,98.98912333,307,104.1763721,127,0.357239271,234,20,14,10,6,6-Oct,0.301434286,0.331340835,0.252002753,0.301434286,0.331340835,0.252002753,0.915930526,0.878141583,102.9745677,110.6105426,102.9745677,110.6105426,100.9358824,105.9926718,105.7424512,102.5674968,0.586758575,1,0.012820452,1139,1065,1064.0375,1.070450994,1.000904573,0,0.625,-10.30069778,204,138,65.90158478
235,Delaware,CAA,16-20,108.8751246,122,114.620886,325,0.356307435,235,16,20,5,13,13-May,0.396750879,0.386255779,0.401854138,0.396750879,0.386255779,0.401854138,0.899359354,0.872536728,104.2359245,107.3442416,104.2359245,107.3442416,107.1009865,117.1686382,123.411659,123.167987,0.505681952,1,-0.039307239,1353,1444,1255.225,1.077894401,1.150391364,0,0.277777778,-15.15429429,301,281,70.24103301
236,UT Rio Grande Valley,Slnd,16-15,104.4623047,211,109.9859102,254,0.356050255,236,16,15,8,12,12-Aug,0.363031686,0.307133061,0.39377593,0.363031686,0.307133061,0.39377593,0.87747017,0.827153617,104.0695929,107.3156732,104.0695929,107.3156732,102.3901258,111.2162467,130.9926865,109.817868,0.88367073,2,-0.026269686,1421,1517,1392.4375,1.02051259,1.089456439,0,0.4,-10.20476438,201,243,70.48576578
237,South Dakota,Sum,19-14,108.3547551,132,114.2492318,319,0.352247536,237,19,14,9,7,7-Sep,0.407677352,0.331669649,0.454590971,0.407677352,0.331669649,0.454590971,0.884847765,0.880925998,107.1215004,109.1978722,107.1215004,109.1978722,108.1485221,113.8033561,110.2848564,117.513088,0.325182533,1,0.095500609,1353,1379,1200.85,1.126701919,1.14835325,0,0.5625,-8.950776723,179,17,74.42962788
238,Harvard,Ivy,15-Dec,101.9502857,253,107.78951,205,0.345135104,238,12,15,7,7,7-Jul,0.406925494,0.376504024,0.435174002,0.406925494,0.376504024,0.435174002,0.88187184,0.869446979,104.6790801,107.6778228,104.6790801,107.6778228,103.5911732,107.5998419,109.7220974,105.0716297,0.622000371,1,-0.01773473,976,1022,938.9125,1.039500486,1.088493337,0,0.5,-10.83762109,214,226,65.61934193
239,UT Arlington,WAC,13-18,106.3541344,170,112.4821408,301,0.344290853,239,13,18,6,10,10-Jun,0.431458484,0.40257762,0.437972165,0.431458484,0.40257762,0.437972165,0.875908166,0.866137613,103.4467193,105.1220963,103.4467193,105.1220963,105.3033191,113.0179551,109.5425785,109.565514,0.499398111,2,-0.02812232,1134,1184,1100.05,1.030862234,1.076314713,0,0.375,-12.88100694,252,247,67.51286083
240,Tulsa,Amer,13-20,101.8971794,254,107.8838093,206,0.341516987,240,13,20,6,12,12-Jun,0.450404146,0.298136356,0.540125229,0.450404146,0.298136356,0.540125229,0.877242003,0.924883841,105.9305666,107.9362092,105.9305666,107.9362092,102.0647862,107.779322,0,0,0,0,-0.046322762,1213,1324,1193.3875,1.01643431,1.109446848,0,0.333333333,-14.55074072,287,291,66.2351323
241,North Dakota,Sum,21-Dec,107.8918556,139,114.3513011,321,0.33879293,241,12,21,5,11,11-May,0.455105284,0.43318054,0.456246173,0.455105284,0.43318054,0.456246173,0.865360363,0.83914779,108.1942831,107.7521504,108.1942831,107.7521504,110.0103719,117.0027743,145.9035314,133.8734966,0.729004789,2,-0.0565432,1270,1341,1125.2875,1.128600469,1.191695456,0,0.3125,-15.1445067,300,310,68.86659558
242,Iona,MAAC,17-17,99.36209968,301,105.419919,153,0.336131908,242,17,17,12,8,8-Dec,0.317143056,0.423062541,0.257212725,0.317143056,0.423062541,0.257212725,0.932575364,0.884666618,102.0848383,109.7401342,102.0848383,109.7401342,98.81456322,105.4350539,79.368653,113.4377464,0.016186909,1,-0.037521314,1427,1387,1388.2,1.027949863,0.999135571,0,0.6,-13.86433048,275,272,68.19427003
243,American,Pat,22-12,101.2203133,268,107.4222583,198,0.33539557,243,22.55236141,12.44763859,13,5,13-5,0.308948627,0.43487608,0.236610404,0.308414807,0.43487608,0.236610404,0.918712587,0.842878186,102.9313924,110.1147965,102.8255786,110.0349302,100.4503348,108.2376963,96.10689668,114.4253228,0.118542496,1,0.0814925,1200,1164,1136.6125,1.055768787,1.024095723,0,0.722222222,-8.287557072,164,26,63.44180618
244,UC Davis,BW,15-17,97.41052849,328,103.3880542,108,0.335172132,244,15,17,9,11,11-Sep,0.453630928,0.426363178,0.468383314,0.453630928,0.426363178,0.468383314,0.862787971,0.852421426,106.5462848,107.3660506,106.5462848,107.3660506,98.35569943,102.6325834,101.2962484,120.144305,0.123206668,1,0.050996641,1317,1367,1339.925,0.982890833,1.020206355,0,0.45,-11.18766796,220,57,67.08579872
245,Incarnate Word,Slnd,17-16,105.1601447,200,111.7800789,287,0.331354922,245,17.5306179,16.4693821,9,11,11-Sep,0.328779149,0.258865281,0.356442244,0.328072979,0.258865281,0.356442244,0.904437976,0.8716675,102.8177027,108.1115032,102.9624038,108.3453048,104.6253249,111.6899313,93.77294253,91.16563992,0.580367031,1,-0.032909028,1353,1372,1281.4625,1.055824888,1.070651697,0,0.45,-11.89878215,236,262,64.05654332
246,Georgia St.,SB,14-19,107.1578492,154,113.9466285,318,0.330391978,246,14,19,8,10,10-Aug,0.408627943,0.429506725,0.394436106,0.408627943,0.429506725,0.394436106,0.861155834,0.789088138,105.2080657,107.7294445,105.2080657,107.7294445,109.4824758,118.0667339,104.0994524,109.5787375,0.356655196,3,-0.042246416,1373,1407,1228.5375,1.117589003,1.145264186,0,0.444444444,-13.3092675,264,286,69.06760972
247,Northern Arizona,BSky,18-15,103.6651111,221,110.2421144,257,0.330172772,247,18.3932221,15.6067779,8,10,10-Aug,0.334944789,0.255062854,0.383109384,0.337799934,0.255062854,0.383109384,0.923803244,0.934072235,104.7744554,109.7531351,104.8125742,109.7103075,103.955803,110.8094456,0,0,0,0,0.021501944,1294,1296,1198.875,1.079345219,1.08101345,0,0.444444444,-11.51112606,226,128,66.61419258
248,Sacred Heart,MAAC,15-18,104.9727828,202,111.7530905,285,0.327438346,248,15,18,10,10,10-Oct,0.306525574,0.379967923,0.268566045,0.306525574,0.379967923,0.268566045,0.926918768,0.874816299,101.1504275,109.1145188,101.1504275,109.1145188,107.4686923,114.3146549,88.22439451,103.7041376,0.134811157,1,-0.091304223,1560,1522,1409.2875,1.106942338,1.079978358,0,0.5,-14.72749167,291,343,70.26571095
249,Georgia Southern,SB,17-16,102.9309565,237,109.5802915,245,0.327417286,249,17,16,8,10,10-Aug,0.374542021,0.40098981,0.367475346,0.374542021,0.40098981,0.367475346,0.893891723,0.847721887,104.1663633,109.1297099,104.1663633,109.1297099,103.353337,113.7673197,89.01529748,97.47210996,0.260433326,2,0.027848865,1311,1361,1239.2625,1.057887251,1.098233829,0,0.444444444,-11.37848044,223,112,69.52903004
250,Northern Kentucky,Horz,17-16,102.5759031,240,109.4494581,243,0.321717934,250,17,16,11,9,9-Nov,0.393783715,0.46081283,0.364412334,0.393783715,0.46081283,0.364412334,0.891897159,0.825361087,105.261648,108.829979,105.261648,108.829979,102.5568057,110.49609,87.7902736,96.53341021,0.251280945,1,0.043971604,1443,1469,1363.05,1.058655222,1.077730091,0,0.55,-11.27528285,221,71,65.88113561
251,Portland,WCC,20-Dec,106.3091719,175,113.4597397,313,0.321124323,251,12,20,7,11,11-Jul,0.495644062,0.34519928,0.608705846,0.495644062,0.34519928,0.608705846,0.817749948,0.903796143,107.7506831,105.4184132,107.7506831,105.4184132,110.4031717,114.3932667,114.3636856,117.0279548,0.434175219,5,-0.010262212,1324,1481,1244.4375,1.063934509,1.190095927,0,0.388888889,-12.72779056,249,202,68.24303626
252,Idaho,BSky,14-19,107.902722,138,115.1806629,334,0.320685034,252,14,19,8,10,10-Aug,0.410176197,0.430379771,0.384148703,0.410176197,0.430379771,0.384148703,0.886200762,0.842276879,105.2167492,107.5041038,105.2167492,107.5041038,108.5094909,116.3808021,114.7260036,105.5188745,0.723532853,1,-0.014735161,1318,1364,1194.0625,1.103794818,1.142318765,0,0.444444444,-14.0293882,279,218,66.28510354
253,Toledo,MAC,18-15,110.8294194,96,118.544436,355,0.315636141,253,18,15,10,8,8-Oct,0.431748358,0.497581769,0.370008479,0.431748358,0.497581769,0.370008479,0.857848981,0.776300163,106.0476615,107.7495274,106.0476615,107.7495274,110.9698909,120.076563,90.88742657,99.51172562,0.260664274,3,0.121212304,1426,1457,1248.7375,1.141953373,1.166778446,0,0.555555556,-9.085082325,180,8,68.28345007
254,Little Rock,OVC,19-14,98.02479102,320,104.8936517,140,0.31456657,254,19,14,12,8,8-Dec,0.311835415,0.415544222,0.252967234,0.311835415,0.415544222,0.252967234,0.908998335,0.816389726,101.6714045,108.9017647,101.6714045,108.9017647,97.74924984,103.8761849,81.13629113,103.7414197,0.055915834,2,0.034864256,1389,1296,1351.9875,1.027376363,0.958588744,0,0.6,-10.10939161,199,92,66.72281015
255,Cal St. Bakersfield,BW,14-19,105.3179009,197,112.7739308,306,0.312894734,255,14,19,8,12,12-Aug,0.434651489,0.366384783,0.470579925,0.434651489,0.366384783,0.470579925,0.883226998,0.912697877,105.1117146,106.6985903,105.1117146,106.6985903,107.4115677,114.3220877,95.20415451,108.9327275,0.175211999,1,0.009343641,1459,1535,1364.5,1.069256138,1.124954196,0,0.4,-13.81143041,273,150,65.95642889
256,Presbyterian,BSth,14-18,103.1326041,231,110.5060228,261,0.311283398,256,14.24437435,18.75562565,7,9,9-Jul,0.375118556,0.353145479,0.387236619,0.381415177,0.353145479,0.387236619,0.905432063,0.902183572,106.0879494,109.6764993,106.2866839,109.6484715,103.720099,110.6017621,0,0,0,0,-0.024496833,1139,1149,1052.3125,1.082378096,1.091880976,0,0.4375,-13.90430957,277,240,64.2722805
257,Jackson St.,SWAC,16-18,100.2636022,288,107.5730318,200,0.308056033,257,16,18,14,4,14-4,0.404903478,0.77833235,0.165420976,0.404903478,0.77833235,0.165420976,0.820159576,0.574672324,103.3236348,108.2291437,103.3236348,108.2291437,103.4220966,110.9841719,94.44298762,113.5442039,0.107335384,5,0.007650514,1415,1266,1278.4875,1.106776562,0.990232599,0,0.777777778,-10.6422574,209,155,68.41215977
258,Fresno St.,MWC,26-Jun,100.7592479,276,108.2090118,217,0.305699422,258,6,26,2,18,18-Feb,0.608645781,0.455857044,0.687738836,0.608645781,0.455857044,0.687738836,0.759696484,0.820923772,109.0801507,103.9045338,109.0801507,103.9045338,103.3330349,108.9217301,99.57097922,105.5235848,0.339004664,7,-0.080809799,1390,1625,1425.0625,0.975395816,1.140300864,0,0.1,-16.38294367,317,337,70.73216874
259,Manhattan,MAAC,17-13,107.1587372,153,115.1255521,333,0.304769363,259,17.4693821,13.5306179,12,8,8-Dec,0.291925364,0.341668738,0.267330519,0.293197286,0.341668738,0.267330519,0.925454917,0.855292019,100.9516494,109.1168306,101.0919326,109.2056055,108.1642718,115.1910503,88.76209905,91.8515948,0.402883229,1,0.022897007,1530,1466,1370.525,1.116360519,1.069663085,0,0.6,-10.05642544,198,122,67.41251951
260,Monmouth,CAA,13-20,103.8108824,219,111.6928191,283,0.301200327,260,13,20,10,8,8-Oct,0.425526536,0.489181679,0.37888486,0.425526536,0.489181679,0.37888486,0.868825818,0.779690738,104.9350852,107.1992903,104.9350852,107.1992903,104.3674953,111.2919571,98.81067969,99.10811296,0.491359727,2,0.005862901,1305,1329,1215.5375,1.073599128,1.09334348,0,0.555555556,-14.5144274,284,161,67.11956961
261,Evansville,MVC,21-Nov,98.07580105,318,105.6097772,161,0.299198304,261,11,21,8,12,12-Aug,0.495465768,0.44953967,0.520712362,0.495465768,0.44953967,0.520712362,0.861249104,0.853433184,107.5181776,106.8636858,107.5181776,106.8636858,99.45903495,101.935808,74.14764548,96.00243745,0.048770693,2,0.002823635,1334,1360,1327.15,1.005161436,1.024752289,0,0.4,-15.08913711,299,170,66.86201854
262,Charlotte,Amer,22-Nov,104.1827136,215,112.2203179,294,0.298457233,262,11,22,3,15,15-Mar,0.475347201,0.371884158,0.542019053,0.475347201,0.371884158,0.542019053,0.874498609,0.900146359,106.9254841,107.2220549,106.9254841,107.2220549,103.4198739,113.274181,113.6773121,122.8435136,0.290739379,1,-0.028792209,1245,1376,1200.8375,1.036776416,1.145866947,0,0.166666667,-16.41636044,319,251,64.74049393
263,Mount St. Mary's,MAAC,22-12,99.43953925,298,107.4792112,199,0.290264918,263,22.44763859,12.55236141,12,8,8-Dec,0.315339693,0.414838517,0.257839658,0.315912719,0.414838517,0.257839658,0.914252477,0.826565768,101.5375725,108.7471873,101.5282414,108.7082188,100.6942304,110.6680104,90.33334899,106.100697,0.135856231,1,0.142263162,1412,1409,1351.575,1.044707101,1.042487468,0,0.6,-8.154536245,160,5,67.31737218
264,UMass Lowell,AE,17-15,107.0432125,158,115.7074485,338,0.290064127,264,17,15,6,10,10-Jun,0.300945613,0.335821202,0.260283356,0.300945613,0.335821202,0.260283356,0.918922088,0.884678535,100.891227,108.1057247,100.891227,108.1057247,105.0709887,116.1132342,83.36744821,108.6289314,0.045485107,1,-0.014869341,1202,1202,1101.9,1.090843089,1.090843089,0,0.375,-11.6079365,229,219,68.60032756
265,North Florida,ASun,15-17,107.9699807,136,116.7988963,349,0.288248789,265,15,17,8,10,10-Aug,0.405580861,0.496918299,0.348230663,0.405580861,0.496918299,0.348230663,0.86055933,0.763394842,106.0228802,108.7190286,106.0228802,108.7190286,107.4559116,118.360044,104.8334034,114.366064,0.268770941,2,0.032447501,1482,1531,1320.2375,1.122525303,1.159639838,0,0.444444444,-11.38503992,224,101,72.18876246
266,FIU,CUSA,23-Oct,96.06925622,338,103.9420335,123,0.28786287,266,10,23,3,15,15-Mar,0.47439567,0.289676823,0.600558565,0.47439567,0.289676823,0.600558565,0.876037719,0.940114689,106.4108618,106.5183873,106.4108618,106.5183873,97.47370547,105.5953022,78.64237548,84.77413437,0.296625798,1,-0.053574074,1200,1341,1261.7875,0.95103177,1.062778003,0,0.166666667,-17.43672226,330,306,68.44202209
267,Houston Christian,Slnd,20-Dec,100.3644136,287,108.6052568,225,0.287513879,267,12,20,9,11,11-Sep,0.403237801,0.464849673,0.363325966,0.403237801,0.464849673,0.363325966,0.870680237,0.770705889,104.4004828,106.9891414,104.4004828,106.9891414,102.8620354,109.1055608,88.74847831,108.3747348,0.091324403,3,-0.05714489,1353,1373,1303.475,1.037994591,1.053338192,0,0.45,-14.71353865,289,312,64.53951352
268,Gardner Webb,BSth,20-Nov,102.3066886,245,110.744917,264,0.286708065,268,11,20,5,11,11-May,0.423071737,0.460814036,0.390273192,0.423071737,0.460814036,0.390273192,0.875737397,0.832453831,106.7176641,109.6307248,106.7176641,109.6307248,102.0144942,112.024262,111.4498771,104.8558569,0.668490546,1,-0.033483715,1175,1258,1114.175,1.054591963,1.129086544,0,0.3125,-14.97472584,297,264,69.04083727
269,Denver,Sum,21-Nov,99.94313791,293,108.3787522,220,0.282549029,269,11,21,5,11,11-May,0.431482293,0.384164597,0.463187797,0.431482293,0.384164597,0.463187797,0.880419106,0.872958663,108.081409,109.1491793,108.081409,109.1491793,98.66944171,107.4561837,105.1892031,95.49148435,0.752561614,1,-0.053121285,1118,1218,1097.9125,1.018296085,1.109378024,0,0.3125,-15.87203995,311,304,66.37109657
270,Siena,MAAC,14-18,101.9617471,252,110.5773738,262,0.282345971,270,14,18,9,11,11-Sep,0.338336325,0.4737777,0.270693392,0.338336325,0.4737777,0.270693392,0.921151143,0.860852427,102.3560522,109.3267786,102.3560522,109.3267786,102.144354,110.6877118,94.21063311,105.7121765,0.210045552,1,-0.032429452,1490,1431,1386.675,1.074512773,1.031964952,0,0.45,-14.57053014,288,259,66.96266977
271,Eastern Michigan,MAC,16-16,104.2525913,212,113.2181384,309,0.279137042,271,16,16,9,9,9-Sep,0.374695407,0.367236788,0.371100953,0.374695407,0.367236788,0.371100953,0.916130677,0.909214308,104.5372417,109.6194793,104.5372417,109.6194793,105.5162637,113.086208,0,0,0,0,0.073768578,1357,1388,1249.5375,1.086001821,1.110811,0,0.5,-12.24447627,241,34,67.12603256
272,Colgate,Pat,14-19,104.0349396,217,113.0840983,307,0.277046968,272,14,19,10,8,8-Oct,0.348866612,0.506332322,0.243014559,0.348866612,0.506332322,0.243014559,0.906980871,0.828029434,103.0871057,108.7734305,103.0871057,108.7734305,105.9221045,114.5296854,108.2938658,100.0415082,0.713312795,1,-0.031405011,1357,1310,1221.25,1.111156602,1.072671443,0,0.555555556,-14.92832073,295,258,66.98959021
273,Ball St.,MAC,14-17,103.4179905,225,112.4525047,300,0.276248318,273,14,17,7,11,11-Jul,0.32078638,0.269071757,0.35813583,0.32078638,0.269071757,0.35813583,0.924739241,0.934963494,103.8185903,110.2925266,103.8185903,110.2925266,104.2383401,113.3779874,0,0,0,0,-0.054783719,1353,1378,1249.425,1.082898133,1.102907337,0,0.388888889,-13.7828762,271,308,66.32938314
274,Alabama St.,SWAC,19-15,100.5210269,282,109.6118858,246,0.269796123,274,19.57948543,15.42051457,12,6,6-Dec,0.323828866,0.549013074,0.173909619,0.320617511,0.549013074,0.173909619,0.88972351,0.753806836,100.5945837,109.3179979,100.5728319,109.3958362,98.77621785,110.0522278,101.1100081,107.5535863,0.329494772,3,0.047231756,1297,1201,1226.7375,1.057275905,0.979019554,0,0.666666667,-10.16852735,200,65,67.62595886
275,Bowling Green,MAC,14-18,99.41531806,299,108.6085842,226,0.265590957,275,14,18,8,10,10-Aug,0.338063378,0.319182,0.333165059,0.338063378,0.319182,0.333165059,0.913517673,0.895563,104.1036322,110.2324459,104.1036322,110.2324459,98.95698764,108.5608102,126.5268148,103.4382881,0.910275985,1,-0.038779904,1277,1318,1242.5625,1.027714904,1.060711232,0,0.444444444,-14.3404246,282,279,68.72563397
276,Albany,AE,17-16,102.9710728,236,112.4937137,302,0.265579747,276,17,16,8,8,8-Aug,0.299201941,0.328532793,0.263315873,0.299201941,0.328532793,0.263315873,0.933460393,0.917821349,101.7813541,110.0017291,101.7813541,110.0017291,101.6412797,112.9431382,0,0,0,0,0.011880751,1155,1160,1088.95,1.060654759,1.065246338,0,0.5,-12.93392441,254,142,67.51856098
277,Mercer,SC,14-19,98.24662523,316,107.3919614,197,0.264336295,277,14,19,6,12,12-Jun,0.387045721,0.374970899,0.399610128,0.387045721,0.374970899,0.399610128,0.901254116,0.886934979,104.7007509,109.4160337,104.7007509,109.4160337,98.00352198,107.0584508,0,0,0,0,-0.000724382,1309,1367,1290.825,1.014080143,1.059012647,0,0.333333333,-14.52331157,285,179,70.88846541
278,Eastern Washington,BSky,22-Oct,101.814078,257,111.3356607,275,0.263449894,278,10,22,6,12,12-Jun,0.446141882,0.532188143,0.390440089,0.446141882,0.532188143,0.390440089,0.866629727,0.792347659,106.9591769,107.738033,106.9591769,107.738033,101.1884885,110.8818989,119.9149753,103.975902,0.837558559,1,-0.051132211,1241,1323,1202.6625,1.031877189,1.100059244,0,0.333333333,-16.40192865,318,301,66.96144767
279,Pacific,WCC,24-Sep,100.719995,278,110.2331852,256,0.261552121,279,9,24,4,14,14-Apr,0.518614555,0.430436753,0.603046916,0.518614555,0.430436753,0.603046916,0.798753774,0.818878718,108.3892461,105.713224,108.3892461,105.713224,101.5785721,111.2608243,99.9616922,107.2837333,0.307265411,5,-0.056424998,1215,1407,1224.0375,0.992616648,1.149474587,0,0.222222222,-15.71148904,309,309,66.46103174
280,LIU,NEC,17-16,94.80921051,350,103.923956,122,0.258147734,280,17,16,12,4,4-Dec,0.257769419,0.349610337,0.190305699,0.257769419,0.349610337,0.190305699,0.920741294,0.860408935,101.0769328,111.1692454,101.0769328,111.1692454,93.53696668,99.89067872,98.1597023,106.8276138,0.274255506,2,-0.042557281,1046,949,1042.4,1.003453569,0.910399079,0,0.75,-12.69481559,247,288,64.79050728
281,Western Michigan,MAC,20-Dec,101.7525466,259,111.6717367,281,0.255454887,281,12,20,9,9,9-Sep,0.404940303,0.451586949,0.360725855,0.404940303,0.451586949,0.360725855,0.877382197,0.822143822,105.3118503,108.857614,105.3118503,108.857614,103.2015413,112.6326928,103.755303,96.04357828,0.708514917,1,-0.026581417,1338,1388,1264.4625,1.058157122,1.097699615,0,0.5,-14.88964945,294,244,67.67799294
282,Texas Southern,SWAC,15-17,95.44320264,341,104.8640077,138,0.253027604,282,15,17,12,6,6-Dec,0.332447018,0.551421898,0.177779099,0.332447018,0.551421898,0.177779099,0.871648236,0.727757402,101.4021383,108.9620928,101.4021383,108.9620928,94.30364545,102.3153541,100.3863987,102.4308732,0.44229415,4,-0.039975693,1299,1155,1278.3125,1.016183445,0.903534934,0,0.666666667,-11.86947535,235,283,69.86093656
283,Austin Peay,ASun,14-19,102.0121585,249,112.2123252,293,0.250497718,283,14,19,8,10,10-Aug,0.415609049,0.474508984,0.364179557,0.415609049,0.474508984,0.364179557,0.867642863,0.804701946,107.216889,109.7613877,107.216889,109.7613877,105.290742,115.6466099,94.95666462,112.8573465,0.12067053,2,0.036910175,1362,1402,1234.7625,1.103046132,1.135441026,0,0.444444444,-13.37746506,265,89,65.94008529
284,Marist,MAAC,20-10,96.5246172,333,106.243759,173,0.249124536,284,20,10,13,7,13-7,0.258499066,0.248471095,0.26142336,0.258499066,0.248471095,0.26142336,0.955225262,0.956523546,100.0238606,110.7522169,100.0238606,110.7522169,95.66187694,104.5644853,0,0,0,0,0.154119197,1274,1258,1283.125,0.992888456,0.980418899,0,0.65,-8.057618389,159,3,63.96317934
285,Tarleton St.,WAC,20-Dec,93.23417265,358,102.6634275,98,0.248257236,285,12,20,7,9,9-Jul,0.471772467,0.49262733,0.449844025,0.471772467,0.49262733,0.449844025,0.835693868,0.77538609,105.8749209,104.597748,105.8749209,104.597748,95.98887762,103.0801086,84.09797047,112.551143,0.033849649,3,0.028407497,1003,1080,1067.875,0.939248508,1.011354325,0,0.4375,-13.29791032,263,110,65.53014687
286,Stephen F. Austin,Slnd,14-17,95.36898153,345,105.115072,146,0.246201214,286,14,17,7,13,13-Jul,0.387499093,0.361104617,0.402016054,0.387499093,0.361104617,0.402016054,0.886699057,0.853046801,104.1071996,106.8316458,104.1071996,106.8316458,96.0493187,107.9759707,95.13284486,99.62842997,0.370285372,2,0.037091974,1329,1440,1368,0.971491228,1.052631579,0,0.35,-12.39256629,242,88,67.31647616
287,Navy,Pat,15-19,101.0365418,271,111.5228324,279,0.243130672,287,15,19,10,8,8-Oct,0.284153856,0.316708844,0.246756678,0.284153856,0.316708844,0.246756678,0.94166583,0.923709914,101.1700562,110.0241142,101.1700562,110.0241142,99.68166959,108.5022728,0,0,0,0,-0.0339771,1249,1204,1187.35,1.051922348,1.014022824,0,0.555555556,-16.21040814,315,266,66.93304935
288,Tennessee Martin,OVC,14-19,102.0007097,250,112.6054644,304,0.242785095,288,14,19,9,11,11-Sep,0.296030006,0.368902524,0.257977121,0.296030006,0.368902524,0.257977121,0.918350453,0.84394007,101.3972432,108.5393213,101.3972432,108.5393213,102.8452153,110.9526082,79.05608964,102.9294377,0.045883071,1,-0.059875544,1435,1421,1366.95,1.049782362,1.039540583,0,0.45,-15.48262446,305,315,66.24574616
289,Air Force,MWC,28-Apr,98.73930572,311,109.2773888,239,0.237547322,289,4,28,1,19,19-Jan,0.599598123,0.417710273,0.694497243,0.599598123,0.417710273,0.694497243,0.78576251,0.89911028,108.6490893,104.2051161,108.6490893,104.2051161,98.56883932,110.018248,95.07946712,107.3001219,0.199321148,5,-0.102445044,1194,1533,1316.3125,0.907079436,1.164617065,0,0.05,-19.23064752,340,351,64.3656841
290,Tennessee Tech,OVC,15-17,101.0928529,270,111.9140537,288,0.236953447,290,15,17,10,10,10-Oct,0.307184937,0.401452546,0.258557744,0.307184937,0.401452546,0.258557744,0.907510776,0.815731328,101.5815622,108.7296468,101.5815622,108.7296468,100.7051932,111.7174753,109.7428051,103.5913684,0.660019934,2,-0.010846698,1426,1440,1383.825,1.03047712,1.040594006,0,0.5,-13.18780816,260,203,67.76352046
291,Weber St.,BSky,22-Dec,100.8580551,273,111.7581822,286,0.235021967,291,12,22,5,13,13-May,0.406887022,0.428945797,0.393581056,0.406887022,0.428945797,0.393581056,0.893401786,0.86253248,106.0970112,108.3672779,106.0970112,108.3672779,101.3618725,111.9783706,84.21200825,110.5386156,0.04195428,1,-0.021868294,1235,1325,1194.475,1.033927039,1.109273949,0,0.277777778,-17.11546532,325,234,65.43285452
292,San Diego,WCC,27-Jun,100.1277825,290,111.0405167,269,0.233321274,292,6,27,2,16,16-Feb,0.511772063,0.399819506,0.60551772,0.511772063,0.399819506,0.60551772,0.820710644,0.8689942,107.4589792,105.7582222,107.4589792,105.7582222,103.5337539,112.7724793,116.0535191,123.5825431,0.326762362,4,-0.125112712,1301,1506,1280.45,1.016049045,1.17614901,0,0.111111111,-19.4901814,344,358,70.92836314
293,Old Dominion,SB,15-20,99.38354349,300,110.5805632,263,0.226581672,293,15,20,8,10,10-Aug,0.387718568,0.38841472,0.376489514,0.387718568,0.38841472,0.376489514,0.901581315,0.871070698,104.6705333,108.4547238,104.6705333,108.4547238,99.88452955,111.4431255,76.07517067,109.7353124,0.014585756,1,0.042871896,1226,1285,1187.725,1.032225473,1.081900272,0,0.444444444,-15.41300871,304,74,65.95372735
294,Lafayette,Pat,13-20,97.64101931,324,108.6588324,229,0.226264385,294,13,20,7,11,11-Jul,0.292607677,0.357498312,0.248623896,0.292607677,0.357498312,0.248623896,0.929046192,0.885498335,102.3840473,110.9911786,102.3840473,110.9911786,97.89070104,108.4576424,98.93835775,95.28336618,0.606561215,1,-0.072188282,1218,1220,1186.65,1.02641891,1.028104327,0,0.388888889,-16.81095913,322,330,66.09460226
295,Saint Peter's,MAAC,16-Dec,94.81822959,349,105.531108,156,0.226005228,295,12,16,7,13,13-Jul,0.300554333,0.38660104,0.26613565,0.300554333,0.38660104,0.26613565,0.932696542,0.879734693,102.3974534,110.5955287,102.3974534,110.5955287,92.35897809,105.055575,0,0,0,0,-0.011671156,1259,1318,1310.5,0.960702022,1.005723006,0,0.35,-13.38494223,266,205,63.69826958
296,Bethune Cookman,SWAC,17-16,97.33561958,329,108.4969231,223,0.222976651,296,17,16,13,5,13-5,0.381996329,0.648225613,0.204962594,0.381996329,0.648225613,0.204962594,0.859646187,0.697317884,102.4607466,108.1169728,102.4607466,108.1169728,98.50348864,111.3877887,108.5529587,110.8404847,0.44033063,3,0.123038405,1306,1268,1259.1375,1.037217937,1.007038548,0,0.722222222,-10.2116463,202,7,68.89089971
297,Oral Roberts,Sum,23-Jul,103.7633651,220,115.7166579,339,0.222032026,297,8,22,3,13,13-Mar,0.448600025,0.428018051,0.47070751,0.448600025,0.428018051,0.47070751,0.850891093,0.7977903,108.8609661,107.3169586,108.8609661,107.3169586,104.947123,117.0360549,99.8779327,111.0893274,0.227332096,2,-0.111116184,1182,1313,1097.3,1.077189465,1.196573407,0,0.1875,-17.28543989,327,356,67.16428582
298,Utah Tech,WAC,26-Jul,101.7390285,260,113.6645692,317,0.218459118,298,7,26,2,14,14-Feb,0.466819362,0.488776276,0.453556,0.466819362,0.488776276,0.453556,0.857292285,0.818330201,104.6523172,104.5459756,104.6523172,104.5459756,103.9000582,115.7961569,99.55092804,114.3512861,0.168826518,2,-0.095952373,1108,1217,1090.3625,1.016175813,1.116142567,0,0.125,-19.80059878,346,347,67.34218699
299,Columbia,Ivy,15-Dec,104.2317963,213,116.5224088,345,0.217233213,299,12,15,1,13,13-Jan,0.35893442,0.257333939,0.453277723,0.35893442,0.257333939,0.453277723,0.898655649,0.908741046,104.1395973,109.1786248,104.1395973,109.1786248,102.0205638,119.8756679,137.6943232,108.1568833,0.941404439,1,0.020579343,1053,1213,1021.3125,1.031026253,1.187687412,0,0.071428571,-11.37361305,222,131,70.74996963
300,Lehigh,Pat,19-Nov,99.53817411,296,111.33794,276,0.216135308,300,11,19,6,12,12-Jun,0.313524421,0.423765077,0.249747437,0.313524421,0.423765077,0.249747437,0.902923213,0.807948253,102.5802224,109.1351803,102.5802224,109.1351803,97.67854585,109.1536542,79.90477807,117.3366027,0.011909621,2,-0.071906604,1243,1245,1214.775,1.023234755,1.024881151,0,0.333333333,-15.26063947,302,328,67.11823082
301,Saint Francis,NEC,16-17,99.85502329,294,111.9644995,289,0.211431438,301,16.42051457,17.57948543,8,8,8-Aug,0.320666588,0.465412092,0.196124185,0.319170398,0.465412092,0.196124185,0.886212766,0.778387248,101.5112729,107.9091493,101.4793295,107.9640762,101.2069141,114.9663242,103.4406847,117.6501709,0.185389969,2,0.025374883,1138,1132,1073.875,1.059713654,1.054126411,0,0.5,-12.22183865,240,117,67.17238993
302,Howard,MEAC,20-Dec,103.0850572,233,115.6751603,336,0.20996076,302,14,18,7,7,7-Jul,0.312247118,0.398197284,0.219621647,0.312247118,0.398197284,0.219621647,0.889980839,0.826674785,103.1731281,109.5163748,103.1731281,109.5163748,103.0261693,116.4483569,101.5539908,104.8137172,0.410153279,3,-0.10468089,1099,1117,1014.425,1.083372354,1.101116396,0,0.5,-15.6431482,307,353,69.63582479
303,Penn,Ivy,19-Aug,103.0518079,234,115.6971596,337,0.208984301,303,8,19,4,10,10-Apr,0.457707647,0.461209892,0.454455562,0.457707647,0.461209892,0.454455562,0.852602818,0.813339553,105.3652627,107.0804202,105.3652627,107.0804202,105.4153092,116.3561145,87.20200242,105.773306,0.097940953,2,-0.01194856,1054,1123,979.9875,1.075523922,1.145932984,0,0.285714286,-13.87923804,276,208,66.83476912
304,Fairleigh Dickinson,NEC,13-20,97.66466103,323,109.7486755,249,0.207261555,304,13,20,8,8,8-Aug,0.303843281,0.416661648,0.196645464,0.303843281,0.416661648,0.196645464,0.902469912,0.829762054,101.9483292,109.4892924,101.9483292,109.4892924,94.70877546,106.4122841,112.9029021,114.1409959,0.468685385,2,-0.071529109,1115,1083,1111.05,1.003555196,0.974753611,0,0.5,-15.83453103,310,327,69.20221975
305,Louisiana,SB,21-Dec,97.43245332,326,109.6652381,247,0.204217474,305,12,21,8,10,10-Aug,0.429584204,0.503641259,0.404418139,0.429584204,0.503641259,0.404418139,0.880994554,0.831944088,104.7722921,106.7641104,104.7722921,106.7641104,97.62447829,109.176697,85.47797571,100.8426872,0.129997087,1,0.034957479,1186,1287,1206.0625,0.98336529,1.067108877,0,0.444444444,-15.91183784,312,91,66.21841482
306,Southern Miss,SB,22-Nov,96.40000335,336,108.628347,227,0.202070947,306,11,22,5,13,13-May,0.407272538,0.418454298,0.416321458,0.407272538,0.418454298,0.416321458,0.892094431,0.872608738,104.5101931,107.3942803,104.5101931,107.3942803,97.43578266,107.2952252,140.1558351,175.5221523,0.069939504,1,-0.01193784,1276,1365,1298.1125,0.982965652,1.051526736,0,0.277777778,-17.18722399,326,207,70.69700042
307,Rider,MAAC,14-19,101.8125121,258,114.7727388,326,0.201339838,307,14,19,9,11,11-Sep,0.339276418,0.46852495,0.268505709,0.339276418,0.46852495,0.268505709,0.900129436,0.795820385,102.2784587,109.0462775,102.2784587,109.0462775,102.8144144,114.4259557,90.65301738,108.5511437,0.11183873,2,0.042422493,1384,1412,1314.6875,1.052721654,1.074019491,0,0.45,-14.72747887,290,75,64.78794266
308,Charleston Southern,BSth,22-Oct,98.96456948,308,111.6028187,280,0.20066863,308,10,22,6,10,10-Jun,0.441687977,0.490121025,0.400977468,0.441687977,0.490121025,0.400977468,0.857859358,0.798279826,107.6173881,108.4266062,107.6173881,108.4266062,99.31719277,111.4165237,109.3277856,109.7690463,0.488421562,2,0.004316712,1153,1233,1115.7,1.033431926,1.105135789,0,0.375,-16.13081074,314,165,67.46235289
309,Long Beach St.,BW,25-Jul,100.7368509,277,113.6424488,316,0.200003514,309,7,25,3,17,17-Mar,0.466739617,0.441641848,0.481798278,0.466739617,0.441641848,0.481798278,0.851565944,0.83256034,106.1325333,105.8766234,106.1325333,105.8766234,102.0037179,114.834493,98.20661204,103.6721821,0.349135083,2,-0.077621398,1359,1517,1338.1125,1.015609674,1.133686443,0,0.15,-18.86940831,336,334,63.99384588
310,Loyola MD,Pat,19-Dec,99.73787555,295,112.68616,305,0.197229196,310,12,19,6,12,12-Jun,0.283569187,0.329930604,0.251849178,0.283569187,0.329930604,0.251849178,0.929830435,0.883048004,101.2874601,110.1064724,101.2874601,110.1064724,99.50065512,113.991639,96.77434677,98.53727311,0.448283427,1,-0.047874342,1224,1285,1185.5625,1.032421319,1.083873689,0,0.333333333,-16.09171443,313,295,66.47715317
311,VMI,SC,15-19,98.39686028,314,111.3286663,274,0.194662256,311,15,19,7,11,11-Jul,0.360087362,0.293673866,0.407330049,0.360087362,0.293673866,0.407330049,0.910673019,0.911700385,104.8763535,109.4196424,104.8763535,109.4196424,97.97287597,110.9441007,0,0,0,0,0.045584798,1251,1357,1241.65,1.007530302,1.092900576,0,0.388888889,-14.82440752,293,66,68.04984901
312,Army,Pat,16-15,100.1427773,289,113.3758391,312,0.19352273,312,16.29654618,15.70345382,10,8,8-Oct,0.284609492,0.328455922,0.252261951,0.287051143,0.328455922,0.252261951,0.924558843,0.873193249,102.7570979,110.434482,102.8657585,110.4646974,100.5067608,113.0924039,104.1212422,110.1656176,0.343230331,1,0.0779068,1252,1312,1207.675,1.036702755,1.086384996,0,0.555555556,-11.99785848,237,30,67.48999032
313,Delaware St.,MEAC,16-14,100.9266592,272,114.3395812,320,0.192327811,313,16,14,8,6,6-Aug,0.268457743,0.317427102,0.222144102,0.268457743,0.317427102,0.222144102,0.923941605,0.886952368,101.9784289,111.2325419,101.9784289,111.2325419,103.1904108,114.7890067,96.60347599,109.692412,0.18827577,1,0.032230502,1134,1109,1032.425,1.098384871,1.074170037,0,0.571428571,-10.96547319,215,104,70.05481404
314,IU Indy,Horz,22-Oct,108.9921413,119,123.4895132,363,0.192146092,314,10,22,6,14,14-Jun,0.356274241,0.309460911,0.377288681,0.356274241,0.309460911,0.377288681,0.896928472,0.850251412,103.9475879,108.1285954,103.9475879,108.1285954,109.1093231,122.3575789,119.4499936,118.733618,0.51728721,2,-0.066908105,1472,1575,1316.75,1.11790393,1.196126827,0,0.3,-17.74192141,332,321,64.79977462
315,Eastern Illinois,OVC,19-Dec,93.33189899,357,105.8006869,165,0.191229139,315,12,19,8,12,12-Aug,0.337633629,0.479256062,0.25974129,0.337633629,0.479256062,0.25974129,0.886815149,0.761005002,102.9844054,108.117708,102.9844054,108.117708,93.39147789,106.9368346,97.67391901,101.4025025,0.393928927,3,-0.030144786,1281,1326,1330.6125,0.962714539,0.996533551,0,0.4,-14.53242062,286,254,66.08213849
316,Binghamton,AE,15-17,98.78298184,310,112.1119297,291,0.189143879,316,15,17,7,9,9-Jul,0.276492716,0.276961169,0.272846797,0.276492716,0.276961169,0.272846797,0.937750629,0.925424696,101.8943092,110.5678966,101.8943092,110.5678966,101.1634639,113.9859007,0,0,0,0,0.027408619,1132,1168,1081.1125,1.04706957,1.080368602,0,0.4375,-14.23533978,281,114,65.53519889
317,Boston University,Pat,16-16,98.11529057,317,111.3656299,278,0.188962059,317,16,16,10,8,8-Oct,0.281712844,0.328658911,0.252770195,0.281712844,0.328658911,0.252770195,0.935342182,0.900998489,101.6684403,110.290893,101.6684403,110.290893,96.26151279,110.3383614,65.78616614,84.43979884,0.053619264,1,0.080499984,1169,1212,1155.4,1.011770815,1.048987364,0,0.555555556,-13.24014524,262,27,63.23550849
318,UMBC,AE,13-19,104.7766149,206,119.0390908,357,0.187300787,318,13,19,5,11,11-May,0.298300803,0.306081853,0.273077982,0.298300803,0.306081853,0.273077982,0.923016691,0.901129158,100.9921457,108.9954913,100.9921457,108.9954913,104.6242621,122.2201424,0,0,0,0,-0.047334937,1237,1298,1135.525,1.089363951,1.143083596,0,0.3125,-15.65881993,308,293,70.39908727
319,Lindenwood,OVC,16-17,94.48267102,352,107.6347898,201,0.182609642,319,16,17,10,10,10-Oct,0.305013824,0.385781185,0.263992594,0.305013824,0.385781185,0.263992594,0.900732604,0.79331349,102.6521532,109.2768597,102.6521532,109.2768597,94.85706335,108.3336339,94.76109138,101.7644603,0.305769309,3,0.05483794,1400,1469,1440.325,0.972002847,1.019908701,0,0.5,-12.88635218,253,52,69.37430805
320,North Carolina Central,MEAC,14-19,102.4307818,243,116.7097865,347,0.182308333,320,14,19,6,8,8-Jun,0.298969679,0.358746412,0.223580631,0.298969679,0.358746412,0.223580631,0.91750821,0.879462786,102.7557233,110.2683067,102.7557233,110.2683067,102.9519955,115.7868915,89.90927393,116.2862572,0.04934013,1,-0.021685438,1086,1093,1000.9875,1.084928633,1.091921727,0,0.428571429,-15.3974787,303,232,66.91672803
321,Morehead St.,OVC,15-17,97.99583802,321,111.6922317,282,0.181762059,321,15,17,10,10,10-Oct,0.308166287,0.399741538,0.264077732,0.308166287,0.399741538,0.264077732,0.9089904,0.821047794,101.4125801,108.0046648,101.4125801,108.0046648,97.79117009,110.5514855,91.5153005,115.5290784,0.064182797,2,0.047848685,1263,1327,1276.9625,0.98906585,1.039184784,0,0.5,-13.2311389,261,62,64.00062862
322,Alcorn St.,SWAC,21-Nov,97.29421096,331,110.9054445,267,0.181563152,322,12,20,11,7,7-Nov,0.383944073,0.67952696,0.179410178,0.383944073,0.67952696,0.179410178,0.851822577,0.679494755,102.5556384,108.7655409,102.5556384,108.7655409,98.51694638,110.2536121,100.5106609,115.0751906,0.174192257,3,-0.039279676,1245,1164,1179.35,1.055666257,0.986984356,0,0.611111111,-15.02371492,298,280,64.67288791
323,Grambling St.,SWAC,22-Dec,95.29671703,346,108.6290434,228,0.181554694,323,12,22,7,11,11-Jul,0.31517087,0.50101864,0.19277278,0.31517087,0.50101864,0.19277278,0.876894229,0.729173642,101.6993117,108.6775892,101.6993117,108.6775892,94.05476619,109.9105058,100.5572439,97.42042317,0.590117169,5,-0.098570332,1164,1179,1180.675,0.985876723,0.99858132,0,0.388888889,-16.92257732,323,349,63.80030757
324,Coastal Carolina,SB,22-Oct,100.7688201,275,115.0473928,331,0.178884348,324,10,22,3,15,15-Mar,0.351567099,0.296560268,0.399599596,0.351567099,0.296560268,0.399599596,0.917505543,0.92955419,103.1675826,108.7424149,103.1675826,108.7424149,102.511842,119.2916118,0,0,0,0,-0.046412024,1187,1354,1152.925,1.029555262,1.174404233,0,0.166666667,-18.33836351,334,292,63.08710625
325,Southern Utah,WAC,19-Dec,95.83209299,340,109.4207154,242,0.178736717,325,12,19,4,12,12-Apr,0.426617447,0.405014084,0.458530285,0.426617447,0.405014084,0.458530285,0.862198385,0.82645409,104.8072406,105.2907694,104.8072406,105.2907694,93.21402935,111.3224233,85.34502705,107.9338151,0.062950678,2,0.067898873,1020,1191,1108.9,0.919830463,1.074037334,0,0.25,-13.55897809,270,42,68.8825845
326,Florida A&M,SWAC,14-17,101.8757853,255,116.3689635,344,0.178047359,326,14,17,10,8,8-Oct,0.358018087,0.629497091,0.209962298,0.358018087,0.629497091,0.209962298,0.830043944,0.584690245,102.1258423,106.9612966,102.1258423,106.9612966,103.040699,116.6068121,97.56606248,108.3680127,0.230137079,5,0.039530346,1299,1265,1205.4375,1.077617048,1.049411521,0,0.555555556,-10.83528324,213,84,67.14478035
327,Niagara,MAAC,20-Nov,100.6268486,280,115.3370747,335,0.172350736,327,11,20,6,14,14-Jun,0.29727305,0.349461089,0.268569629,0.29727305,0.349461089,0.268569629,0.920394056,0.85979911,100.7903732,108.9414648,100.7903732,108.9414648,101.2906556,117.4900991,109.9680896,114.178523,0.393627528,1,-0.036423618,1362,1438,1306.125,1.042779213,1.1009666,0,0.3,-16.77367761,321,271,64.84117309
328,Stonehill,NEC,15-17,99.94683789,292,115.0103196,330,0.165977309,328,15,17,7,9,9-Jul,0.278148782,0.360725664,0.20182545,0.278148782,0.360725664,0.20182545,0.924180605,0.877393007,100.2539851,109.6275626,100.2539851,109.6275626,99.97390215,116.5650845,102.5428996,119.3706107,0.148369681,1,0.033906731,1073,1101,1028.55,1.043216178,1.070438967,0,0.4375,-13.78550407,272,95,65.12053555
329,Holy Cross,Pat,13-19,100.6511534,279,115.8392613,342,0.165723546,329,13,19,5,13,13-May,0.310185783,0.388195087,0.255365973,0.310185783,0.388195087,0.255365973,0.918408629,0.862774221,102.0763307,108.8439704,102.0763307,108.8439704,99.32030813,117.0567298,112.7888591,100.8443215,0.783690772,1,0.037364728,1254,1333,1210.225,1.03617096,1.101448078,0,0.277777778,-15.55881111,306,87,65.8015418
330,Green Bay,Horz,28-Apr,100.400494,286,115.7952918,340,0.162389835,330,5,27,2,18,18-Feb,0.427648163,0.506711832,0.380280181,0.427648163,0.506711832,0.380280181,0.880954099,0.806865625,105.6300729,108.0659771,105.6300729,108.0659771,98.03066898,116.7633062,114.9399348,117.7038779,0.432105433,2,-0.139811303,1365,1587,1369.725,0.996550402,1.158626732,0,0.1,-22.9206872,363,361,69.05248145
331,Stony Brook,CAA,24-Aug,101.5964323,263,117.3044351,351,0.160665106,331,8,24,4,14,14-Apr,0.392458902,0.407442134,0.383646094,0.392458902,0.407442134,0.383646094,0.898283578,0.866868806,104.1551451,107.8087362,104.1551451,107.8087362,101.9492485,116.899913,108.3202805,124.8824751,0.162978972,1,-0.03138571,1178,1316,1145.625,1.028259684,1.148717949,0,0.222222222,-19.64499225,345,257,64.43127032
332,Texas A&M Commerce,Slnd,26-May,96.17569857,337,111.2144795,273,0.158322274,332,5,26,3,17,17-Mar,0.455571856,0.567214231,0.39416855,0.455571856,0.567214231,0.39416855,0.851996925,0.750046387,105.227598,106.4369449,105.227598,106.4369449,96.29336556,111.7760837,85.61291916,104.4310957,0.092377107,3,-0.073794786,1294,1441,1333.2375,0.97056976,1.080827684,0,0.15,-20.158869,350,332,67.38896067
333,Mercyhurst,NEC,15-16,99.97416947,291,115.7956488,341,0.155838431,333,15,16,9,7,7-Sep,0.272615599,0.346762147,0.20310321,0.272615599,0.346762147,0.20310321,0.917065918,0.86463614,100.3054993,109.5413495,100.3054993,109.5413495,100.9883113,116.6578011,84.68907776,96.51517531,0.181947767,1,0.047471935,1116,1133,1061.45,1.051391964,1.067407791,0,0.5625,-12.63711716,246,64,64.54893809
334,USC Upstate,BSth,26-Jun,99.07439348,305,114.888131,329,0.154072494,334,6,26,2,14,14-Feb,0.413326759,0.428694541,0.406833131,0.413326759,0.428694541,0.406833131,0.884672178,0.855428411,106.4496886,108.1235211,106.4496886,108.1235211,101.1638258,116.8516113,0,0,0,0,-0.103271361,1197,1367,1161.3,1.03074141,1.177129079,0,0.125,-21.05379244,356,352,72.68586212
335,Fairfield,MAAC,20-Dec,97.31432809,330,113.3050825,310,0.148099601,335,12,20,8,12,12-Aug,0.322406851,0.370342047,0.295790919,0.322406851,0.370342047,0.295790919,0.93267375,0.905467916,101.7192995,108.8184407,101.7192995,108.8184407,98.73367001,114.6588023,0,0,0,0,0.052902354,1352,1453,1331.4125,1.015462901,1.091322186,0,0.4,-16.97046468,324,55,65.82469074
336,Southern Indiana,OVC,20-Oct,98.60167666,312,114.8050231,327,0.14808628,336,10,20,5,15,15-May,0.293263742,0.344850043,0.267470592,0.293263742,0.344850043,0.267470592,0.940534018,0.914753704,101.3663404,109.2257652,101.3663404,109.2257652,97.0495764,116.3396563,0,0,0,0,-0.029101164,1345,1475,1361.825,0.987645255,1.083105392,0,0.25,-17.47360225,331,252,66.9472241
337,Morgan St.,MEAC,14-18,100.4285644,285,116.9511121,350,0.147850886,337,14,18,7,7,7-Jul,0.272715362,0.30574986,0.228539949,0.272715362,0.30574986,0.228539949,0.913021926,0.868695755,102.0674298,110.6992251,102.0674298,110.6992251,102.642444,118.2269853,104.2757594,129.3935818,0.077134819,2,-0.006342076,1117,1128,1019.7125,1.095406794,1.106194148,0,0.5,-14.49664708,283,197,70.34673286
338,Bellarmine,ASun,26-May,103.4677462,224,120.5439073,359,0.147207578,338,5,26,2,16,16-Feb,0.378064488,0.3839007,0.373849445,0.378064488,0.3839007,0.373849445,0.878521291,0.82939322,104.9192827,109.0438991,104.9192827,109.0438991,104.0246599,120.2285093,110.8349563,114.1505541,0.416058691,2,-0.166139395,1306,1447,1212.175,1.07740219,1.193722029,0,0.111111111,-21.17974692,358,364,66.22333996
339,North Carolina A&T,CAA,25-Jul,96.43722759,335,112.5857733,303,0.144245709,339,7,25,3,15,15-Mar,0.401718584,0.42116482,0.389648832,0.401718584,0.42116482,0.389648832,0.885681477,0.831513203,104.2454816,108.0513117,104.2454816,108.0513117,95.78818894,111.4449878,108.6657246,112.9046165,0.391724342,2,-0.058102087,1173,1326,1203.9,0.974333416,1.101420384,0,0.166666667,-20.15321062,349,313,69.2514766
340,Wagner,NEC,14-16,93.05506843,359,109.0496,238,0.138950913,340,14,16,6,10,10-Jun,0.242722289,0.287102083,0.205236767,0.242722289,0.287102083,0.205236767,0.923540884,0.869529567,99.82798475,110.0793355,99.82798475,110.0793355,95.62394248,112.0663194,90.49860346,91.44651377,0.470078774,1,0.006368444,971,1025,979.5125,0.991309452,1.046438917,0,0.375,-13.07573171,258,160,60.06714861
341,Western Carolina,SC,22-Aug,95.43982058,342,112.3849029,297,0.132447726,341,8,22,4,14,14-Apr,0.412042251,0.421780771,0.41429682,0.412042251,0.421780771,0.41429682,0.861077653,0.778482003,106.0259498,107.8447114,106.0259498,107.8447114,96.78544063,114.7254196,80.94441686,98.48420044,0.094873147,2,-0.038536608,1254,1466,1282.95,0.977434818,1.142678982,0,0.222222222,-16.70674518,320,276,70.38490706
342,Western Illinois,OVC,19-Dec,99.1375586,303,116.7791977,348,0.131995308,342,12,19,6,14,14-Jun,0.282877307,0.307928428,0.269099191,0.282877307,0.307928428,0.269099191,0.939368937,0.914307023,100.9312896,109.027484,100.9312896,109.027484,99.32073793,117.234668,0,0,0,0,0.016964734,1344,1452,1325.225,1.014167406,1.095663001,0,0.3,-16.35036031,316,135,64.3579145
343,West Georgia,ASun,25-Jun,97.10518855,332,114.4813248,323,0.130892058,343,6,25,4,14,14-Apr,0.41692384,0.47696973,0.373557364,0.41692384,0.47696973,0.373557364,0.885500806,0.846221703,105.8322164,109.0778047,105.8322164,109.0778047,97.24401726,114.8379864,96.77087866,109.7077599,0.191088797,1,-0.051149068,1244,1417,1239.7625,1.003417993,1.142960849,0,0.222222222,-20.24203414,351,302,68.01917315
344,Louisiana Monroe,SB,25-Jul,96.48972261,334,114.4778005,322,0.122834168,344,7,25,3,15,15-Mar,0.380748223,0.346882691,0.415013927,0.380748223,0.346882691,0.415013927,0.908129899,0.909071476,103.7414991,108.0146705,103.7414991,108.0146705,98.01397966,116.2938157,0,0,0,0,-0.058270202,1192,1411,1222.875,0.974752121,1.153838291,0,0.166666667,-20.9549358,354,314,67.68783824
345,Buffalo,MAC,22-Sep,95.41649726,344,113.2151738,308,0.122717384,345,9,22,4,14,14-Apr,0.396298562,0.421088135,0.378394982,0.396298562,0.421088135,0.378394982,0.885634332,0.835942052,105.6313767,108.7548732,105.6313767,108.7548732,95.70167623,113.6951991,81.3755696,129.1983198,0.004887645,1,0.025416888,1270,1455,1287.6875,0.986264136,1.129932534,0,0.222222222,-17.33035955,329,116,70.57735943
346,Detroit Mercy,Horz,24-Aug,94.55821794,351,112.2961395,296,0.121625816,346,8,24,4,16,16-Apr,0.410219751,0.45898505,0.384404579,0.410219751,0.45898505,0.384404579,0.88564897,0.81766165,106.0567505,109.092322,106.0567505,109.092322,94.40632842,112.2070196,91.34234814,95.52289549,0.374106049,1,0.025517524,1316,1509,1354.6375,0.971477609,1.113951149,0,0.2,-19.17449466,338,115,66.97997744
347,Le Moyne,NEC,23-Sep,102.6871766,239,122.2216626,362,0.118918248,347,9,23,4,12,12-Apr,0.31723486,0.421673937,0.207776672,0.31723486,0.421673937,0.207776672,0.910436078,0.8545359,101.3067694,108.5996001,101.3067694,108.5996001,104.8252761,125.8830055,92.72190462,116.345577,0.068494953,1,-0.047938587,1176,1273,1098.2875,1.070757884,1.1590772,0,0.25,-19.1826061,339,296,68.57718385
348,Sacramento St.,BSky,25-Jul,95.43320588,343,113.6122628,315,0.118658465,348,7,25,3,15,15-Mar,0.385253738,0.367275652,0.406584121,0.385253738,0.367275652,0.406584121,0.902098729,0.88236537,105.4740116,108.4356933,105.4740116,108.4356933,95.52504448,113.8915139,94.99929301,95.76674279,0.476884175,1,-0.050149671,1161,1327,1179.3875,0.98440928,1.125160306,0,0.166666667,-20.76041783,353,299,65.33063628
349,Northern Illinois,MAC,25-Jun,94.0442422,353,112.1296887,292,0.116835529,349,6,25,2,16,16-Feb,0.369234696,0.352118954,0.381596065,0.369234696,0.352118954,0.381596065,0.908494853,0.895961056,105.1298425,109.0205045,105.1298425,109.0205045,95.70095473,112.5100995,0,0,0,0,-0.089487808,1262,1424,1281.125,0.985071714,1.111523075,0,0.111111111,-21.09089651,357,342,68.85319937
350,New Orleans,Slnd,27-Apr,98.82509684,309,117.9057901,354,0.116074068,350,4,27,2,18,18-Feb,0.500373053,0.668781368,0.40774848,0.500373053,0.668781368,0.40774848,0.822276014,0.676782101,106.1242014,105.55879,106.1242014,105.55879,99.86616104,119.6213814,101.9279706,118.5453506,0.149715293,4,-0.037987676,1383,1596,1374.45,1.00622067,1.161191749,0,0.1,-19.98520404,347,274,69.16077965
351,Central Arkansas,ASun,24-Sep,97.42142367,327,116.6192256,346,0.112198154,351,9,24,4,14,14-Apr,0.405133263,0.432136475,0.383810972,0.405133263,0.432136475,0.383810972,0.862187757,0.79552059,105.8014109,109.0537963,105.8014109,109.0537963,98.1054332,117.8902634,115.0152549,135.250756,0.134265863,3,-0.001098511,1242,1419,1217.3875,1.020217474,1.165610785,0,0.222222222,-18.19194546,333,180,66.27340244
352,Stetson,ASun,24-Aug,99.18060111,302,119.0431096,358,0.109169993,352,8,24,6,12,12-Jun,0.373163598,0.411231712,0.360168041,0.373163598,0.411231712,0.360168041,0.885735454,0.828260158,105.48269,109.6819604,105.48269,109.6819604,101.3042051,118.7379861,91.30839569,100.3534152,0.25232759,2,-0.025481905,1288,1447,1226.2625,1.050346072,1.180008359,0,0.333333333,-19.33766492,342,242,67.56058828
353,NJIT,AE,25-Jun,94.01912502,354,113.5474878,314,0.10244819,353,6,25,3,13,13-Mar,0.321323416,0.361343027,0.28380503,0.321323416,0.361343027,0.28380503,0.918769344,0.887780238,102.2361882,109.6935662,102.2361882,109.6935662,95.14408433,114.483953,101.8188324,126.918236,0.073508635,1,-0.080365489,1079,1208,1097.8,0.982874841,1.100382583,0,0.1875,-21.57688101,361,336,66.25460115
354,Cal St. Fullerton,BW,26-Jun,92.07255304,362,111.7467145,284,0.097346114,354,6,26,1,19,19-Jan,0.489603285,0.485318679,0.492174048,0.489603285,0.485318679,0.492174048,0.837322925,0.797516851,106.8808018,105.5261724,106.8808018,105.5261724,89.51650235,113.1607085,87.95785746,115.234212,0.042850098,2,0.006510541,1255,1638,1425.9125,0.880138157,1.148738089,0,0.05,-19.28141627,341,159,68.03897934
355,Canisius,MAAC,28-Mar,99.12880486,304,121.0682043,360,0.091185845,355,3,28,3,17,17-Mar,0.379250596,0.558700653,0.280553065,0.379250596,0.558700653,0.280553065,0.881617708,0.755215502,102.7652036,107.0677233,102.7652036,107.0677233,97.90706494,119.5124189,79.79686957,116.4292853,0.012809222,2,-0.091498929,1312,1516,1324.4875,0.990571825,1.144593664,0,0.15,-23.3666059,364,344,66.14146121
356,New Hampshire,AE,24-Aug,93.83685227,355,115.0772818,332,0.087341825,356,8,24,6,10,10-Jun,0.319276187,0.347744422,0.285733814,0.319276187,0.347744422,0.285733814,0.917486599,0.886683921,102.9649402,109.6455685,102.9649402,109.6455685,94.75184214,115.2121909,91.96274777,104.623562,0.18492499,1,-0.002980495,1067,1203,1085.4625,0.982991121,1.108283335,0,0.375,-20.46897066,352,185,67.58494864
357,Prairie View A&M,SWAC,27-May,95.92162586,339,117.7146408,353,0.086715304,357,5,27,4,14,14-Apr,0.37432385,0.635788732,0.196392351,0.37432385,0.635788732,0.196392351,0.859212238,0.700515336,102.3322729,108.5383174,102.3322729,108.5383174,93.22003557,117.5454722,123.5557805,117.1151584,0.649229154,4,-0.1101488,1232,1343,1266.3125,0.972903608,1.060559696,0,0.222222222,-21.3313338,359,355,70.26075199
358,Alabama A&M,SWAC,22-Oct,92.80950883,360,114.8644924,328,0.079303655,358,10,22,6,12,12-Jun,0.27935939,0.403389034,0.195216018,0.27935939,0.403389034,0.195216018,0.923569366,0.859249552,100.6310487,110.8801246,100.6310487,110.8801246,93.42269929,113.9789454,80.42487564,109.9848486,0.026604256,1,-0.035823258,1295,1378,1326.6375,0.976152114,1.038716303,0,0.333333333,-18.77377825,335,270,70.69657556
359,Maryland Eastern Shore,MEAC,25-Jun,94.83704032,348,118.7773136,356,0.069879665,359,6,25,2,12,12-Feb,0.3557553,0.452790159,0.23988557,0.3557553,0.452790159,0.23988557,0.853578352,0.758719442,104.8359156,108.3618488,104.8359156,108.3618488,92.42224135,118.7728752,88.16735736,112.5801108,0.056736653,5,-0.088232947,908,1045,930.8625,0.975439445,1.122614779,0,0.142857143,-19.47490439,343,341,66.02923792
360,The Citadel,SC,25-May,93.6312224,356,117.4517329,352,0.068712878,360,5,25,0,18,0-18,0.343007786,0.228015608,0.421522202,0.343007786,0.228015608,0.421522202,0.913874663,0.92317838,104.4409029,109.1345919,104.4409029,109.1345919,94.0542942,118.1388585,92.76371259,136.4764621,0.011657135,1,-0.106483172,1126,1383,1183.475,0.951435392,1.168592492,0,0,-21.50692712,360,354,64.48304815
361,Chicago St.,NEC,28-Apr,92.47942912,361,116.0850806,343,0.068218844,361,4,28,4,12,12-Apr,0.419930344,0.646023408,0.214252203,0.419930344,0.646023408,0.214252203,0.844936606,0.711482375,104.1880037,107.2167793,104.1880037,107.2167793,93.22183288,116.8354534,87.78013779,115.4394082,0.041092415,3,-0.028328235,1045,1171,1076.2375,0.970975273,1.088049803,0,0.25,-21.78096097,362,249,68.5105871
362,Coppin St.,MEAC,24-Jun,87.80292325,363,112.4426031,299,0.054966151,362,6,24,4,10,10-Apr,0.384133435,0.512670828,0.242077635,0.384133435,0.512670828,0.242077635,0.873596447,0.793106517,104.474562,109.5429057,104.474562,109.5429057,88.86154332,113.8080224,0,0,0,0,0.022051217,942,1077,993.925,0.947757628,1.083582765,0,0.285714286,-19.03194145,337,125,67.93498484
363,Arkansas Pine Bluff,SWAC,25-Jun,95.00668733,347,121.6900039,361,0.054857845,363,6,25,3,15,15-Mar,0.3162332,0.494070852,0.187794895,0.3162332,0.494070852,0.187794895,0.868452965,0.727622564,101.0805726,108.9959585,101.0805726,108.9959585,93.98225312,120.7006135,96.24744315,129.4384855,0.032069388,5,-0.072364365,1271,1394,1290.6,0.984813265,1.080117775,0,0.166666667,-20.08065827,348,331,71.57186437
364,Mississippi Valley St.,SWAC,28-Mar,82.86076213,364,125.164729,364,0.008633843,364,3,28,1,17,17-Jan,0.400261522,0.687074574,0.193118762,0.400261522,0.687074574,0.193118762,0.812539196,0.595277067,103.9742637,106.7800181,103.9742637,106.7800181,83.31478393,125.2010683,88.43015899,112.5951671,0.058511669,6,-0.002771475,1013,1392,1192.6125,0.849395759,1.167185486,0,0.055555556,-21.03771033,355,183,64.77583885